Transaction_ID,Product_ID,Product_Category,Product_Name,Brand,Purchase_Date,Original_Price_INR,Current_Market_Value_INR,Condition_at_Resale,Ownership_Cycle,Resale_Date,Resale_Price_INR,Seller_Type,Buyer_Type,Platform,Refurbished,Refurbishment_Cost_INR,Repair_Count,Product_Age_Months,Usage_Hours,Warranty_Status,Return_Status,Recycling_Eligible,Recycled,Recycling_Date,Material_Recovered_Kg,CO2_Saved_Kg,Waste_Diverted_Kg,Circularity_Score,Customer_Rating,Region,City,Final_Disposition,Listing_ID,Condition,Market_Value_INR,Listing_Price_INR,Price_Difference_INR,Discount_Percentage,Listing_to_Market_Ratio,Pricing_Category
EC00001,PRD00001,Fashion,Denim,Levi's,2024-02-01,23860,19270,Good,2,2028-02-01,8270,Individual,Individual,Facebook Marketplace,Yes,2520,2,48,888,Expired,Not Returned,Yes,Yes,2028-03-16,8.16,158.73,6.26,72.0,4.4,North,Lucknow,Recycled,LISTING_00001,Good,19270.0,8270.0,11000.0,57.08,0.43,Below Market Value
EC00002,PRD00002,Fashion,Sneakers,Levi's,2024-12-30,13850,11160,Like New,5,2029-12-30,5940,Business,Individual,OLX,Yes,1460,2,60,3720,Expired,Not Returned,Yes,No,,0.0,53.18,0.2,78.8,4.1,North,Delhi,Resold,LISTING_00002,Like New,11160.0,5940.0,5220.0,46.77,0.53,Below Market Value
EC00003,PRD00003,Laptops,Pavilion,Acer,2023-05-11,166800,96100,Like New,3,2023-08-11,127950,Individual,Individual,OLX,Yes,10500,2,3,10994,Active,Not Returned,Yes,No,,0.0,466.69,13.17,72.3,3.4,South,Hyderabad,Refurbished,LISTING_00003,Like New,96100.0,127950.0,-31850.0,-33.14,1.33,Above Market Value
EC00004,PRD00004,Laptops,ThinkPad,Apple,2024-07-18,55480,48270,Fair,2,2028-09-18,16370,Individual,Individual,Amazon Renewed,No,0,1,50,6249,Expired,Not Returned,Yes,No,,0.0,253.35,2.64,49.1,2.9,West,Ahmedabad,Refurbished,LISTING_00004,Fair,48270.0,16370.0,31900.0,66.09,0.34,Below Market Value
EC00005,PRD00005,Smartphones,OnePlus,OnePlus,2024-02-05,116430,58620,Like New,2,2028-06-05,47270,Individual,Individual,OLX,Yes,3760,0,52,4816,Expired,Not Returned,Yes,No,,0.0,269.09,5.18,56.3,4.6,South,Chennai,Refurbished,LISTING_00005,Like New,58620.0,47270.0,11350.0,19.36,0.81,Below Market Value
EC00006,PRD00006,Cameras,DSLR,GoPro,2024-01-01,144280,86540,Good,1,2024-10-01,76170,Business,Business,Cashify,No,0,0,9,8603,Active,Not Returned,Yes,Yes,2024-10-16,56.27,72.94,21.46,53.7,3.4,South,Vijayawada,Refurbished,LISTING_00006,Good,86540.0,76170.0,10370.0,11.98,0.88,Below Market Value
EC00007,PRD00007,Smartphones,OnePlus,Google,2025-09-21,94100,50050,Fair,1,2030-02-21,22520,Individual,Individual,Local Dealer,Yes,13990,1,53,8702,Expired,Not Returned,No,No,,0.0,611.52,4.41,52.5,3.7,East,Guwahati,Recycled,LISTING_00007,Fair,50050.0,22520.0,27530.0,55.0,0.45,Below Market Value
EC00008,PRD00008,Home Appliances,Washing Machine,IFB,2023-11-11,95550,72190,Good,1,2026-03-11,42100,Individual,Business,OLX,Yes,10690,4,28,10600,Expired,Returned,Yes,No,,0.0,450.38,6.28,54.9,3.4,North,Jaipur,Resold,LISTING_00008,Good,72190.0,42100.0,30090.0,41.68,0.58,Below Market Value
EC00009,PRD00009,Laptops,MacBook Air,Acer,2025-06-27,102510,62530,Good,1,2026-02-27,53230,Individual,Business,Cashify,Yes,14520,1,8,11005,Active,Not Returned,Yes,No,,0.0,304.69,2.35,60.8,4.4,South,Chennai,Refurbished,LISTING_00009,Good,62530.0,53230.0,9300.0,14.87,0.85,Below Market Value
EC00010,PRD00010,Smartphones,Galaxy S Series,Google,2021-05-02,120410,58360,Fair,2,2023-08-02,40820,Individual,Individual,EchoChain Marketplace,No,0,3,27,8163,Expired,Not Returned,Yes,No,,0.0,565.3,3.48,55.9,4.3,West,Nagpur,Resold,LISTING_00010,Fair,58360.0,40820.0,17540.0,30.05,0.7,Below Market Value
EC00011,PRD00011,Furniture,Dining Set,Pepperfry,2022-04-12,61890,47390,Like New,2,2024-05-12,35560,Individual,Individual,Local Dealer,No,0,2,25,1442,Extended,Not Returned,Yes,No,,0.0,282.98,3.38,57.9,3.8,South,Hyderabad,Resold,LISTING_00011,Like New,47390.0,35560.0,11830.0,24.96,0.75,Below Market Value
EC00012,PRD00012,Cameras,DSLR,Sony,2024-05-23,142710,112270,Good,2,2027-12-23,61820,Business,Individual,Facebook Marketplace,No,0,2,43,2228,Expired,Not Returned,Yes,No,,0.0,664.76,2.94,45.0,4.6,South,Kochi,Refurbished,LISTING_00012,Good,112270.0,61820.0,50450.0,44.94,0.55,Below Market Value
EC00013,PRD00013,Cameras,Camcorder,Sony,2021-11-27,82840,70000,Good,1,2025-10-27,33600,Business,Individual,EchoChain Marketplace,No,0,5,47,10944,Expired,Not Returned,Yes,No,,0.0,161.41,2.99,48.3,4.4,South,Vijayawada,Resold,LISTING_00013,Good,70000.0,33600.0,36400.0,52.0,0.48,Below Market Value
EC00014,PRD00014,Smartphones,Xperia,Google,2025-01-22,91570,59500,Good,3,2026-09-22,47170,Individual,Business,OLX,No,0,1,20,2736,Expired,Not Returned,Yes,No,,0.0,236.39,4.53,52.5,4.8,East,Kolkata,Resold,LISTING_00014,Good,59500.0,47170.0,12330.0,20.72,0.79,Below Market Value
EC00015,PRD00015,Gaming,Controller,Sony,2021-03-29,7450,3660,Like New,1,2024-10-29,4020,Business,Individual,OLX,No,0,0,43,4183,Expired,Not Returned,Yes,No,,0.0,7.34,0.51,49.9,4.2,East,Ranchi,Refurbished,LISTING_00015,Like New,3660.0,4020.0,-360.0,-9.84,1.1,Above Market Value
EC00016,PRD00016,Home Appliances,Vacuum Cleaner,Samsung,2024-10-28,78210,59290,Like New,1,2026-01-28,45670,Individual,Business,Amazon Renewed,No,0,3,15,2313,Expired,Not Returned,Yes,No,,0.0,139.21,5.51,52.2,3.9,North,Jaipur,Resold,LISTING_00016,Like New,59290.0,45670.0,13620.0,22.97,0.77,Below Market Value
EC00017,PRD00017,Laptops,MacBook Air,HP,2024-01-29,39980,34950,Good,3,2024-08-29,19810,Individual,Individual,Facebook Marketplace,No,0,1,7,5710,Active,Not Returned,Yes,No,,0.0,168.71,3.03,68.0,4.1,South,Vijayawada,Resold,LISTING_00017,Good,34950.0,19810.0,15140.0,43.32,0.57,Below Market Value
EC00018,PRD00018,Audio,Wireless Earbuds,JBL,2023-05-22,30010,23590,Good,2,2026-03-22,12270,Individual,Individual,OLX,No,0,1,34,6022,Expired,Not Returned,Yes,No,,0.0,85.71,1.78,51.0,4.5,South,Kochi,Resold,LISTING_00018,Good,23590.0,12270.0,11320.0,47.99,0.52,Below Market Value
EC00019,PRD00019,Furniture,Office Chair,IKEA,2025-08-15,47290,24270,Fair,1,2028-01-15,14960,Individual,Individual,EchoChain Marketplace,No,0,0,29,4914,Extended,Not Returned,Yes,No,,0.0,81.69,2.78,49.1,3.2,East,Patna,Recycled,LISTING_00019,Fair,24270.0,14960.0,9310.0,38.36,0.62,Below Market Value
EC00020,PRD00020,Home Appliances,Air Conditioner,Samsung,2021-05-11,29950,23470,Good,2,2025-04-11,11310,Individual,Individual,Facebook Marketplace,Yes,4460,0,47,6043,Expired,Not Returned,Yes,No,,0.0,176.61,2.13,70.1,4.5,East,Ranchi,Refurbished,LISTING_00020,Good,23470.0,11310.0,12160.0,51.81,0.48,Below Market Value
EC00021,PRD00021,Audio,Bluetooth Speaker,Bose,2025-08-13,5260,2530,Good,3,2025-12-13,2920,Business,Individual,Amazon Renewed,No,0,1,4,9404,Active,Not Returned,Yes,No,,0.0,16.2,0.29,65.8,4.5,West,Ahmedabad,Resold,LISTING_00021,Good,2530.0,2920.0,-390.0,-15.42,1.15,Above Market Value
EC00022,PRD00022,Fashion,Jacket,Fossil,2024-08-25,33930,17240,Like New,2,2026-01-25,19700,Individual,Individual,Amazon Renewed,Yes,2660,0,17,4516,Expired,Not Returned,Yes,No,,0.0,92.81,1.29,58.7,4.6,East,Guwahati,Resold,LISTING_00022,Like New,17240.0,19700.0,-2460.0,-14.27,1.14,Above Market Value
EC00023,PRD00023,Furniture,Office Chair,Urban Ladder,2023-02-09,12630,7220,Like New,5,2025-07-09,6500,Individual,Individual,Amazon Renewed,Yes,1760,0,29,10246,Extended,Not Returned,Yes,No,,0.0,37.08,0.45,83.9,4.0,South,Vijayawada,Refurbished,LISTING_00023,Like New,7220.0,6500.0,720.0,9.97,0.9,Below Market Value
EC00024,PRD00024,Audio,Wireless Earbuds,JBL,2021-12-10,8940,5720,Good,1,2025-05-10,3490,Business,Individual,Amazon Renewed,No,0,0,41,11824,Expired,Not Returned,No,No,,0.0,14.94,0.35,48.8,4.2,East,Ranchi,Resold,LISTING_00024,Good,5720.0,3490.0,2230.0,38.99,0.61,Below Market Value
EC00025,PRD00025,Smartphones,OnePlus,Google,2025-02-24,63370,55010,Fair,2,2027-03-24,22510,Individual,Individual,EchoChain Marketplace,No,0,2,25,283,Expired,Not Returned,Yes,No,,0.0,187.06,2.23,53.2,2.9,East,Ranchi,Refurbished,LISTING_00025,Fair,55010.0,22510.0,32500.0,59.08,0.41,Below Market Value
EC00026,PRD00026,Cameras,Action Camera,Nikon,2024-12-08,54070,36350,Fair,3,2026-08-08,20880,Individual,Individual,Facebook Marketplace,Yes,4080,1,20,787,Extended,Not Returned,Yes,No,,0.0,262.68,2.67,74.6,4.4,North,Lucknow,Resold,LISTING_00026,Fair,36350.0,20880.0,15470.0,42.56,0.57,Below Market Value
EC00027,PRD00027,Smartphones,Galaxy S Series,Apple,2023-03-17,67690,53160,Fair,5,2028-01-17,16260,Individual,Individual,Facebook Marketplace,No,0,2,58,9048,Expired,Not Returned,Yes,No,,0.0,281.13,2.56,76.5,3.6,North,Delhi,Resold,LISTING_00027,Fair,53160.0,16260.0,36900.0,69.41,0.31,Below Market Value
EC00028,PRD00028,Laptops,Pavilion,Lenovo,2022-01-21,137150,112790,Good,1,2023-12-21,62370,Individual,Individual,EchoChain Marketplace,No,0,2,23,9657,Expired,Not Returned,Yes,No,,0.0,79.42,2.17,49.4,5.0,East,Guwahati,Resold,LISTING_00028,Good,112790.0,62370.0,50420.0,44.7,0.55,Below Market Value
EC00029,PRD00029,Smartphones,OnePlus,Sony,2024-04-30,45790,41350,Like New,4,2029-02-28,20380,Individual,Business,Cashify,No,0,1,58,8637,Expired,Not Returned,Yes,No,,0.0,205.65,3.53,61.4,4.4,East,Ranchi,Recycled,LISTING_00029,Like New,41350.0,20380.0,20970.0,50.71,0.49,Below Market Value
EC00030,PRD00030,Furniture,Dining Set,Godrej,2023-08-14,54480,31760,Good,2,2026-01-14,22490,Individual,Individual,Cashify,No,0,1,29,8906,Expired,Not Returned,Yes,No,,0.0,293.03,2.91,51.4,4.1,East,Patna,Landfill,LISTING_00030,Good,31760.0,22490.0,9270.0,29.19,0.71,Below Market Value
EC00031,PRD00031,Furniture,Office Chair,Pepperfry,2021-10-04,68760,37460,Like New,2,2025-10-04,35220,Individual,Individual,EchoChain Marketplace,No,0,1,48,8495,Expired,Not Returned,Yes,No,,0.0,253.11,2.36,53.9,4.1,South,Kochi,Resold,LISTING_00031,Like New,37460.0,35220.0,2240.0,5.98,0.94,Below Market Value
EC00032,PRD00032,Laptops,Pavilion,Lenovo,2024-03-30,138960,99320,Good,3,2025-08-30,76470,Individual,Individual,Local Dealer,Yes,7000,1,17,2853,Expired,Not Returned,No,No,,0.0,495.16,9.03,83.7,5.0,North,Jaipur,Resold,LISTING_00032,Good,99320.0,76470.0,22850.0,23.01,0.77,Below Market Value
EC00033,PRD00033,Fashion,Backpack,Levi's,2022-04-05,2910,1830,Like New,3,2025-09-05,1300,Individual,Individual,Local Dealer,Yes,110,1,41,7017,Expired,Not Returned,Yes,Yes,2025-10-15,2.58,14.66,1.06,80.5,4.5,West,Pune,Recycled,LISTING_00033,Like New,1830.0,1300.0,530.0,28.96,0.71,Below Market Value
EC00034,PRD00034,Gaming,Monitor,Microsoft,2024-08-30,83590,56160,Poor,4,2025-04-30,19860,Individual,Individual,Amazon Renewed,No,0,0,8,10592,Active,Not Returned,Yes,No,,0.0,239.31,3.48,75.3,4.5,South,Bengaluru,Resold,LISTING_00034,Poor,56160.0,19860.0,36300.0,64.64,0.35,Below Market Value
EC00035,PRD00035,Furniture,Office Chair,Godrej,2021-01-22,71340,40150,Good,3,2023-09-22,31380,Individual,Individual,OLX,No,0,0,32,2326,Expired,Not Returned,Yes,No,,0.0,284.9,2.06,62.6,4.6,East,Kolkata,Resold,LISTING_00035,Good,40150.0,31380.0,8770.0,21.84,0.78,Below Market Value
EC00036,PRD00036,Furniture,Dining Set,Wakefit,2021-09-10,82160,59940,Like New,3,2023-08-10,52900,Individual,Individual,OLX,No,0,3,23,664,Extended,Not Returned,Yes,No,,0.0,340.59,6.41,52.2,4.6,South,Bengaluru,Resold,LISTING_00036,Like New,59940.0,52900.0,7040.0,11.75,0.88,Below Market Value
EC00037,PRD00037,Laptops,MacBook Air,HP,2023-01-18,141290,87680,Good,2,2023-04-18,77180,Individual,Individual,Cashify,No,0,2,3,7190,Active,Not Returned,Yes,No,,0.0,394.4,8.26,60.9,3.8,North,Noida,Refurbished,LISTING_00037,Good,87680.0,77180.0,10500.0,11.98,0.88,Below Market Value
EC00038,PRD00038,Home Appliances,Air Conditioner,LG,2023-05-07,16790,8540,Good,3,2026-07-07,7160,Business,Business,Amazon Renewed,Yes,1600,3,38,3323,Expired,Not Returned,Yes,Yes,2026-10-11,6.29,59.52,2.57,85.7,5.0,North,Lucknow,Resold,LISTING_00038,Good,8540.0,7160.0,1380.0,16.16,0.84,Below Market Value
EC00039,PRD00039,Audio,Headphones,Sony,2025-05-04,23150,19440,Good,2,2027-04-04,9920,Individual,Business,EchoChain Marketplace,No,0,0,23,10844,Expired,Not Returned,Yes,Yes,2027-06-14,6.28,104.94,3.7,65.0,2.6,East,Guwahati,Refurbished,LISTING_00039,Good,19440.0,9920.0,9520.0,48.97,0.51,Below Market Value
EC00040,PRD00040,Audio,Soundbar,JBL,2022-04-20,40680,36540,Good,3,2023-05-20,23220,Individual,Individual,EchoChain Marketplace,No,0,3,13,5456,Expired,Not Returned,Yes,No,,0.0,178.47,1.88,62.2,4.4,East,Guwahati,Recycled,LISTING_00040,Good,36540.0,23220.0,13320.0,36.45,0.64,Below Market Value
EC00041,PRD00041,Cameras,DSLR,Canon,2023-12-19,80730,41640,Good,3,2026-02-19,35720,Business,Individual,Facebook Marketplace,Yes,8300,2,26,7790,Extended,Not Returned,Yes,No,,0.0,198.96,1.78,78.8,3.7,North,Lucknow,Resold,LISTING_00041,Good,41640.0,35720.0,5920.0,14.22,0.86,Below Market Value
EC00042,PRD00042,Home Appliances,Vacuum Cleaner,Samsung,2022-05-26,12860,9710,Fair,1,2025-09-26,3930,Individual,Individual,Cashify,No,0,0,40,10189,Expired,Not Returned,Yes,No,,0.0,14.44,0.41,44.1,2.3,South,Chennai,Resold,LISTING_00042,Fair,9710.0,3930.0,5780.0,59.53,0.4,Below Market Value
EC00043,PRD00043,Laptops,Pavilion,Dell,2025-09-02,71930,32990,Fair,2,2028-09-02,21770,Individual,Individual,Facebook Marketplace,Yes,5330,0,36,923,Extended,Not Returned,Yes,No,,0.0,214.45,2.36,63.2,4.3,North,Jaipur,Refurbished,LISTING_00043,Fair,32990.0,21770.0,11220.0,34.01,0.66,Below Market Value
EC00044,PRD00044,Gaming,Monitor,ASUS,2025-02-08,44130,26200,Good,1,2030-01-08,13810,Business,Individual,Local Dealer,No,0,2,59,3297,Expired,Not Returned,Yes,No,,0.0,53.65,3.51,38.8,4.2,East,Patna,Resold,LISTING_00044,Good,26200.0,13810.0,12390.0,47.29,0.53,Below Market Value
EC00045,PRD00045,Home Appliances,Air Conditioner,LG,2022-12-01,27660,16770,Good,2,2023-08-01,14150,Business,Business,Cashify,Yes,1420,0,8,4159,Active,Not Returned,Yes,No,,0.0,70.55,1.31,75.8,4.4,South,Hyderabad,Resold,LISTING_00045,Good,16770.0,14150.0,2620.0,15.62,0.84,Below Market Value
EC00046,PRD00046,Smartphones,iPhone,Samsung,2023-09-03,71610,36180,Good,1,2023-12-03,44700,Business,Individual,Cashify,No,0,2,3,10606,Active,Not Returned,Yes,Yes,2023-12-14,37.75,66.48,27.82,58.3,3.9,North,Jaipur,Resold,LISTING_00046,Good,36180.0,44700.0,-8520.0,-23.55,1.24,Above Market Value
EC00047,PRD00047,Laptops,IdeaPad,Dell,2025-12-12,147200,104340,Fair,2,2027-07-12,45930,Business,Individual,Amazon Renewed,Yes,5410,2,19,11606,Expired,Not Returned,No,No,,0.0,576.8,9.91,71.3,4.0,South,Hyderabad,Resold,LISTING_00047,Fair,104340.0,45930.0,58410.0,55.98,0.44,Below Market Value
EC00048,PRD00048,Gaming,Gaming Laptop,Meta,2021-07-09,72830,54710,Fair,2,2025-05-09,22400,Business,Individual,Local Dealer,Yes,3690,1,46,2939,Expired,Not Returned,Yes,No,,0.0,258.34,3.44,68.0,3.3,East,Kolkata,Refurbished,LISTING_00048,Fair,54710.0,22400.0,32310.0,59.06,0.41,Below Market Value
EC00049,PRD00049,Laptops,Inspiron,Lenovo,2023-08-16,165990,138370,Like New,3,2024-05-16,107290,Individual,Individual,EchoChain Marketplace,No,0,0,9,8909,Active,Not Returned,Yes,No,,0.0,453.94,5.85,63.5,2.9,South,Hyderabad,Resold,LISTING_00049,Like New,138370.0,107290.0,31080.0,22.46,0.78,Below Market Value
EC00050,PRD00050,Smartphones,OnePlus,Google,2022-11-18,120790,68310,Poor,1,2026-12-18,19160,Business,Business,EchoChain Marketplace,Yes,11630,0,49,1343,Expired,Not Returned,Yes,Yes,2027-03-16,59.82,394.0,19.31,65.7,3.3,East,Ranchi,Resold,LISTING_00050,Poor,68310.0,19160.0,49150.0,71.95,0.28,Below Market Value
EC00051,PRD00051,Audio,Wireless Earbuds,Sennheiser,2023-08-16,4880,2420,Good,1,2026-06-16,2280,Individual,Individual,Amazon Renewed,Yes,390,0,34,3037,Extended,Not Returned,Yes,No,,0.0,20.59,0.28,50.5,3.6,West,Pune,Resold,LISTING_00051,Good,2420.0,2280.0,140.0,5.79,0.94,Below Market Value
EC00052,PRD00052,Smartphones,Pixel,Samsung,2022-07-17,70720,44550,Good,2,2027-07-17,20950,Individual,Individual,OLX,Yes,7060,1,60,10441,Expired,Not Returned,No,No,,0.0,176.56,4.49,47.1,3.3,East,Guwahati,Refurbished,LISTING_00052,Good,44550.0,20950.0,23600.0,52.97,0.47,Below Market Value
EC00053,PRD00053,Fashion,Backpack,Nike,2025-05-10,24610,21440,Poor,4,2028-04-10,4380,Individual,Individual,Facebook Marketplace,No,0,2,35,11543,Expired,Not Returned,Yes,Yes,2028-06-17,19.18,126.71,2.75,77.5,2.6,West,Mumbai,Recycled,LISTING_00053,Poor,21440.0,4380.0,17060.0,79.57,0.2,Below Market Value
EC00054,PRD00054,Furniture,Office Chair,Wakefit,2024-06-21,85490,64400,Good,2,2025-11-21,42030,Individual,Business,OLX,No,0,1,17,780,Expired,Not Returned,Yes,No,,0.0,266.22,3.11,50.2,4.6,North,Jaipur,Resold,LISTING_00054,Good,64400.0,42030.0,22370.0,34.74,0.65,Below Market Value
EC00055,PRD00055,Cameras,Mirrorless Camera,Panasonic,2023-04-12,31100,27410,Fair,1,2027-09-12,8760,Individual,Individual,EchoChain Marketplace,No,0,0,53,3840,Expired,Not Returned,Yes,Yes,2028-01-01,12.41,42.88,8.58,58.6,3.4,South,Kochi,Resold,LISTING_00055,Fair,27410.0,8760.0,18650.0,68.04,0.32,Below Market Value
EC00056,PRD00056,Audio,Wireless Earbuds,Bose,2025-03-09,32830,21940,Poor,2,2029-07-09,5580,Individual,Business,Facebook Marketplace,Yes,3060,0,52,7496,Expired,Not Returned,No,No,,0.0,142.99,1.65,56.8,2.0,East,Bhubaneswar,Resold,LISTING_00056,Poor,21940.0,5580.0,16360.0,74.57,0.25,Below Market Value
EC00057,PRD00057,Smartphones,Pixel,Apple,2024-02-29,39980,30360,Good,2,2025-02-28,20810,Individual,Individual,Cashify,No,0,0,12,2834,Active,Not Returned,Yes,No,,0.0,169.95,1.69,67.8,3.9,West,Nagpur,Refurbished,LISTING_00057,Good,30360.0,20810.0,9550.0,31.46,0.69,Below Market Value
EC00058,PRD00058,Smartphones,OnePlus,Samsung,2025-02-17,129870,118070,Good,1,2027-08-17,59470,Individual,Business,Cashify,Yes,18050,0,30,4349,Expired,Not Returned,Yes,No,,0.0,287.18,1.98,61.0,3.9,East,Ranchi,Refurbished,LISTING_00058,Good,118070.0,59470.0,58600.0,49.63,0.5,Below Market Value
EC00059,PRD00059,Fashion,Denim,Levi's,2022-10-09,35760,19620,Fair,1,2023-12-09,14520,Individual,Individual,EchoChain Marketplace,No,0,1,14,4587,Expired,Not Returned,Yes,No,,0.0,27.12,2.27,50.0,4.1,South,Hyderabad,Recycled,LISTING_00059,Fair,19620.0,14520.0,5100.0,25.99,0.74,Below Market Value
EC00060,PRD00060,Smartphones,Pixel,Google,2021-01-21,25500,17070,Good,4,2023-10-21,11670,Individual,Business,OLX,No,0,1,33,167,Expired,Not Returned,Yes,No,,0.0,125.24,0.83,65.9,4.2,South,Kochi,Resold,LISTING_00060,Good,17070.0,11670.0,5400.0,31.63,0.68,Below Market Value
EC00061,PRD00061,Home Appliances,Microwave,IFB,2023-04-21,38900,19700,Fair,2,2024-07-21,14780,Individual,Individual,Cashify,Yes,6030,0,15,9166,Expired,Not Returned,Yes,No,,0.0,97.71,2.91,59.6,4.4,North,Jaipur,Recycled,LISTING_00061,Fair,19700.0,14780.0,4920.0,24.97,0.75,Below Market Value
EC00062,PRD00062,Home Appliances,Vacuum Cleaner,Whirlpool,2021-06-16,68680,50330,Good,2,2025-01-16,29370,Individual,Business,EchoChain Marketplace,No,0,1,43,9604,Expired,Not Returned,Yes,No,,0.0,381.46,3.01,48.6,3.6,West,Mumbai,Refurbished,LISTING_00062,Good,50330.0,29370.0,20960.0,41.65,0.58,Below Market Value
EC00063,PRD00063,Smartphones,Pixel,Samsung,2024-07-21,136490,123220,Like New,2,2025-10-21,77720,Business,Individual,Amazon Renewed,No,0,2,15,10497,Expired,Not Returned,Yes,No,,0.0,408.66,3.12,52.0,4.4,North,Jaipur,Recycled,LISTING_00063,Like New,123220.0,77720.0,45500.0,36.93,0.63,Below Market Value
EC00064,PRD00064,Home Appliances,Microwave,Daikin,2022-01-23,13270,12370,Good,2,2024-06-23,6520,Individual,Individual,Cashify,Yes,1840,1,29,11650,Expired,Returned,Yes,No,,0.0,38.84,0.35,63.5,3.3,South,Hyderabad,Resold,LISTING_00064,Good,12370.0,6520.0,5850.0,47.29,0.53,Below Market Value
EC00065,PRD00065,Smartphones,iPhone,Apple,2022-08-24,123500,105080,Good,4,2025-04-24,57720,Business,Business,EchoChain Marketplace,Yes,12170,3,32,482,Extended,Not Returned,Yes,Yes,2025-07-28,30.25,558.89,34.12,90.7,4.6,East,Guwahati,Recycled,LISTING_00065,Good,105080.0,57720.0,47360.0,45.07,0.55,Below Market Value
EC00066,PRD00066,Furniture,Bookshelf,Wakefit,2021-11-12,80460,55610,Like New,1,2023-01-12,49810,Individual,Individual,Facebook Marketplace,No,0,1,14,4562,Expired,Not Returned,Yes,No,,0.0,44.97,4.59,52.6,4.0,South,Kochi,Resold,LISTING_00066,Like New,55610.0,49810.0,5800.0,10.43,0.9,Below Market Value
EC00067,PRD00067,Laptops,Inspiron,Dell,2021-01-14,140140,96050,Good,1,2026-01-14,43590,Individual,Individual,OLX,No,0,1,60,7989,Expired,Not Returned,Yes,No,,0.0,153.37,8.35,55.3,2.5,South,Chennai,Resold,LISTING_00067,Good,96050.0,43590.0,52460.0,54.62,0.45,Below Market Value
EC00068,PRD00068,Audio,Headphones,Sennheiser,2021-08-30,32820,25160,Good,2,2024-09-30,15050,Individual,Business,OLX,No,0,4,37,717,Expired,Not Returned,Yes,No,,0.0,117.79,1.52,45.9,4.3,West,Ahmedabad,Refurbished,LISTING_00068,Good,25160.0,15050.0,10110.0,40.18,0.6,Below Market Value
EC00069,PRD00069,Furniture,Dining Set,IKEA,2023-02-16,27360,23430,Good,2,2025-04-16,13990,Individual,Individual,EchoChain Marketplace,Yes,1440,1,26,7420,Expired,Not Returned,Yes,No,,0.0,126.36,0.51,68.1,3.3,South,Kochi,Refurbished,LISTING_00069,Good,23430.0,13990.0,9440.0,40.29,0.6,Below Market Value
EC00070,PRD00070,Cameras,Action Camera,Sony,2024-10-01,76790,51600,Fair,2,2026-05-01,30200,Individual,Individual,Amazon Renewed,Yes,8990,0,19,9355,Expired,Not Returned,Yes,No,,0.0,325.65,5.45,62.9,3.1,West,Pune,Refurbished,LISTING_00070,Fair,51600.0,30200.0,21400.0,41.47,0.59,Below Market Value
EC00071,PRD00071,Furniture,Dining Set,Pepperfry,2022-07-19,44880,27820,Good,2,2023-01-19,22970,Individual,Individual,OLX,No,0,2,6,10781,Active,Not Returned,Yes,No,,0.0,72.14,0.7,58.5,4.2,North,Jaipur,Refurbished,LISTING_00071,Good,27820.0,22970.0,4850.0,17.43,0.83,Below Market Value
EC00072,PRD00072,Cameras,Mirrorless Camera,GoPro,2023-06-17,148420,91590,Good,3,2027-03-17,54310,Business,Business,Facebook Marketplace,No,0,0,45,11815,Expired,Not Returned,Yes,No,,0.0,560.59,5.67,63.4,3.9,East,Patna,Refurbished,LISTING_00072,Good,91590.0,54310.0,37280.0,40.7,0.59,Below Market Value
EC00073,PRD00073,Laptops,ThinkPad,Lenovo,2024-09-25,102060,49920,Like New,2,2025-09-25,59260,Individual,Individual,EchoChain Marketplace,Yes,12690,0,12,3091,Active,Not Returned,No,No,,0.0,376.97,6.85,67.7,3.5,North,Chandigarh,Recycled,LISTING_00073,Like New,49920.0,59260.0,-9340.0,-18.71,1.19,Above Market Value
EC00074,PRD00074,Cameras,Lens,Panasonic,2021-04-02,152090,128290,Good,2,2025-10-02,56340,Individual,Business,OLX,No,0,0,54,1234,Extended,Not Returned,No,No,,0.0,367.19,3.17,55.2,4.4,West,Pune,Resold,LISTING_00074,Good,128290.0,56340.0,71950.0,56.08,0.44,Below Market Value
EC00075,PRD00075,Laptops,MacBook Air,Lenovo,2024-10-22,126960,106120,Fair,2,2026-04-22,46800,Individual,Individual,Amazon Renewed,No,0,1,18,5828,Expired,Not Returned,Yes,No,,0.0,241.18,3.35,57.7,3.7,North,Delhi,Recycled,LISTING_00075,Fair,106120.0,46800.0,59320.0,55.9,0.44,Below Market Value
EC00076,PRD00076,Gaming,Gaming Laptop,Meta,2023-08-14,13170,5980,Good,4,2025-11-14,6160,Individual,Individual,Local Dealer,No,0,1,27,4318,Expired,Not Returned,Yes,Yes,2025-12-27,3.68,61.25,3.29,77.6,3.9,West,Mumbai,Refurbished,LISTING_00076,Good,5980.0,6160.0,-180.0,-3.01,1.03,Above Market Value
EC00077,PRD00077,Laptops,Pavilion,Acer,2025-01-18,100660,60630,Fair,2,2029-07-18,25810,Individual,Individual,OLX,No,0,2,54,1196,Expired,Not Returned,No,No,,0.0,254.77,7.05,46.9,4.3,South,Bengaluru,Refurbished,LISTING_00077,Fair,60630.0,25810.0,34820.0,57.43,0.43,Below Market Value
EC00078,PRD00078,Smartphones,Xperia,Samsung,2024-12-22,128710,84050,Fair,5,2029-11-22,31410,Individual,Individual,Facebook Marketplace,No,0,2,59,10877,Expired,Not Returned,Yes,No,,0.0,654.38,3.07,70.1,4.8,South,Kochi,Resold,LISTING_00078,Fair,84050.0,31410.0,52640.0,62.63,0.37,Below Market Value
EC00079,PRD00079,Audio,Soundbar,Sennheiser,2022-05-24,30760,26910,Fair,4,2025-05-24,10370,Individual,Individual,Facebook Marketplace,Yes,4500,1,36,3733,Expired,Not Returned,Yes,Yes,2025-08-24,18.41,164.65,10.53,88.0,3.5,East,Guwahati,Resold,LISTING_00079,Fair,26910.0,10370.0,16540.0,61.46,0.39,Below Market Value
EC00080,PRD00080,Laptops,ThinkPad,Lenovo,2023-02-15,29870,17510,Fair,2,2025-01-15,11110,Individual,Individual,OLX,No,0,1,23,203,Extended,Not Returned,Yes,No,,0.0,157.56,0.74,62.2,4.9,East,Guwahati,Resold,LISTING_00080,Fair,17510.0,11110.0,6400.0,36.55,0.63,Below Market Value
EC00081,PRD00081,Laptops,ThinkPad,Acer,2021-02-04,36220,33580,Like New,3,2026-01-04,16710,Individual,Individual,OLX,No,0,2,59,8758,Expired,Not Returned,Yes,Yes,2026-04-03,21.29,218.04,9.46,58.9,3.7,South,Hyderabad,Resold,LISTING_00081,Like New,33580.0,16710.0,16870.0,50.24,0.5,Below Market Value
EC00082,PRD00082,Fashion,Sneakers,Fossil,2021-07-25,29330,21700,Good,2,2025-12-25,9600,Individual,Individual,Amazon Renewed,No,0,3,53,5352,Expired,Not Returned,Yes,No,,0.0,119.16,1.06,50.3,4.8,South,Chennai,Refurbished,LISTING_00082,Good,21700.0,9600.0,12100.0,55.76,0.44,Below Market Value
EC00083,PRD00083,Smartphones,iPhone,Google,2024-01-10,69170,49380,Good,1,2027-08-10,26780,Business,Business,Local Dealer,Yes,3230,3,43,9682,Expired,Not Returned,No,No,,0.0,327.21,3.5,59.7,4.2,North,Delhi,Landfill,LISTING_00083,Good,49380.0,26780.0,22600.0,45.77,0.54,Below Market Value
EC00084,PRD00084,Furniture,Office Chair,Wakefit,2025-05-05,66120,48980,Fair,1,2030-01-05,16050,Business,Business,OLX,Yes,2200,0,56,4283,Expired,Returned,No,No,,0.0,158.75,5.05,43.2,3.4,South,Vijayawada,Resold,LISTING_00084,Fair,48980.0,16050.0,32930.0,67.23,0.33,Below Market Value
EC00085,PRD00085,Laptops,ThinkPad,HP,2024-11-12,118560,89810,Fair,1,2027-04-12,35810,Individual,Individual,Cashify,No,0,0,29,6217,Expired,Not Returned,Yes,No,,0.0,235.47,3.54,52.9,3.5,South,Bengaluru,Resold,LISTING_00085,Fair,89810.0,35810.0,54000.0,60.13,0.4,Below Market Value
EC00086,PRD00086,Furniture,Dining Set,Urban Ladder,2023-10-23,26550,18000,Fair,1,2026-09-23,8190,Individual,Individual,Facebook Marketplace,No,0,4,35,2068,Extended,Not Returned,Yes,No,,0.0,17.06,0.71,39.0,3.2,South,Vijayawada,Resold,LISTING_00086,Fair,18000.0,8190.0,9810.0,54.5,0.46,Below Market Value
EC00087,PRD00087,Gaming,Gaming Console,Sony,2023-10-19,104460,68390,Fair,1,2028-10-19,23770,Business,Individual,Cashify,No,0,2,60,9941,Expired,Not Returned,Yes,No,,0.0,132.5,2.33,31.6,4.5,West,Mumbai,Recycled,LISTING_00087,Fair,68390.0,23770.0,44620.0,65.24,0.35,Below Market Value
EC00088,PRD00088,Smartphones,OnePlus,Samsung,2024-11-14,49760,27620,Good,3,2027-09-14,22450,Individual,Individual,OLX,No,0,2,34,5279,Expired,Not Returned,Yes,No,,0.0,183.23,3.14,60.0,3.5,East,Guwahati,Recycled,LISTING_00088,Good,27620.0,22450.0,5170.0,18.72,0.81,Below Market Value
EC00089,PRD00089,Gaming,VR Headset,Sony,2022-07-20,93120,44200,Like New,4,2027-04-20,39050,Individual,Individual,EchoChain Marketplace,No,0,1,57,3080,Expired,Returned,No,No,,0.0,276.47,6.18,61.8,2.5,East,Patna,Resold,LISTING_00089,Like New,44200.0,39050.0,5150.0,11.65,0.88,Below Market Value
EC00090,PRD00090,Home Appliances,Refrigerator,Daikin,2024-02-04,58040,36550,Like New,2,2028-01-04,24510,Business,Individual,Cashify,No,0,0,47,10930,Expired,Not Returned,Yes,Yes,2028-04-19,42.86,280.71,11.68,57.7,3.9,East,Guwahati,Refurbished,LISTING_00090,Like New,36550.0,24510.0,12040.0,32.94,0.67,Below Market Value
EC00091,PRD00091,Fashion,Jacket,Nike,2025-12-01,7810,4020,Like New,4,2030-10-01,3400,Individual,Business,Facebook Marketplace,No,0,0,58,4400,Extended,Not Returned,No,No,,0.0,27.54,0.5,54.8,4.5,East,Ranchi,Recycled,LISTING_00091,Like New,4020.0,3400.0,620.0,15.42,0.85,Below Market Value
EC00092,PRD00092,Fashion,Denim,Adidas,2025-02-09,42210,32920,Poor,2,2028-05-09,6790,Business,Individual,EchoChain Marketplace,No,0,1,39,2459,Expired,Not Returned,Yes,No,,0.0,166.72,1.43,41.9,3.4,North,Lucknow,Resold,LISTING_00092,Poor,32920.0,6790.0,26130.0,79.37,0.21,Below Market Value
EC00093,PRD00093,Fashion,Denim,Levi's,2022-12-04,27970,22060,Like New,1,2027-04-04,11360,Individual,Individual,Cashify,Yes,4140,1,52,6414,Extended,Not Returned,Yes,Yes,2027-04-30,10.63,152.22,3.13,63.7,4.9,North,Chandigarh,Resold,LISTING_00093,Like New,22060.0,11360.0,10700.0,48.5,0.51,Below Market Value
EC00094,PRD00094,Audio,Bluetooth Speaker,Boat,2022-02-06,44860,21370,Good,2,2023-02-06,21730,Individual,Individual,EchoChain Marketplace,No,0,2,12,7288,Active,Not Returned,Yes,No,,0.0,112.39,0.92,56.3,4.2,South,Hyderabad,Resold,LISTING_00094,Good,21370.0,21730.0,-360.0,-1.68,1.02,Above Market Value
EC00095,PRD00095,Laptops,MacBook Air,Apple,2022-12-31,134280,61090,Like New,2,2025-11-30,64040,Individual,Business,EchoChain Marketplace,No,0,0,35,3133,Expired,Not Returned,Yes,No,,0.0,621.48,4.72,42.7,3.3,North,Noida,Resold,LISTING_00095,Like New,61090.0,64040.0,-2950.0,-4.83,1.05,Above Market Value
EC00096,PRD00096,Audio,Soundbar,JBL,2025-04-29,13180,8390,Good,4,2026-05-29,6580,Individual,Individual,Amazon Renewed,No,0,1,13,10818,Expired,Not Returned,No,No,,0.0,42.35,0.64,76.2,3.9,West,Surat,Resold,LISTING_00096,Good,8390.0,6580.0,1810.0,21.57,0.78,Below Market Value
EC00097,PRD00097,Home Appliances,Washing Machine,Whirlpool,2021-06-11,43860,41090,Like New,1,2021-11-11,32470,Business,Individual,EchoChain Marketplace,No,0,1,5,11897,Active,Not Returned,No,No,,0.0,85.24,1.84,53.6,3.3,South,Hyderabad,Resold,LISTING_00097,Like New,41090.0,32470.0,8620.0,20.98,0.79,Below Market Value
EC00098,PRD00098,Furniture,Bookshelf,Urban Ladder,2021-07-21,67930,57420,Good,1,2022-06-21,36750,Individual,Individual,Local Dealer,No,0,0,11,8010,Active,Not Returned,Yes,No,,0.0,119.44,1.05,63.4,4.6,South,Vijayawada,Resold,LISTING_00098,Good,57420.0,36750.0,20670.0,36.0,0.64,Below Market Value
EC00099,PRD00099,Smartphones,OnePlus,Sony,2023-09-23,135220,109660,Good,3,2025-09-23,57220,Individual,Individual,EchoChain Marketplace,Yes,16510,1,24,9632,Expired,Not Returned,Yes,Yes,2025-11-16,37.04,606.92,33.79,87.4,5.0,East,Bhubaneswar,Refurbished,LISTING_00099,Good,109660.0,57220.0,52440.0,47.82,0.52,Below Market Value
EC00100,PRD00100,Furniture,Sofa,Urban Ladder,2021-09-27,88870,40870,Fair,3,2021-12-27,34020,Individual,Individual,Local Dealer,No,0,0,3,7912,Active,Not Returned,Yes,No,,0.0,230.79,7.06,58.2,3.6,North,Jaipur,Resold,LISTING_00100,Fair,40870.0,34020.0,6850.0,16.76,0.83,Below Market Value
EC00101,PRD00101,Furniture,Dining Set,Godrej,2023-03-27,22620,13720,Good,4,2027-06-27,9110,Individual,Individual,Amazon Renewed,No,0,0,51,1419,Expired,Not Returned,Yes,No,,0.0,67.39,0.56,53.5,4.7,West,Pune,Refurbished,LISTING_00101,Good,13720.0,9110.0,4610.0,33.6,0.66,Below Market Value
EC00102,PRD00102,Fashion,Denim,Adidas,2024-07-18,36490,28910,Like New,3,2027-07-18,19050,Individual,Individual,OLX,Yes,3890,0,36,170,Expired,Not Returned,Yes,No,,0.0,209.81,0.73,77.4,3.3,South,Vijayawada,Refurbished,LISTING_00102,Like New,28910.0,19050.0,9860.0,34.11,0.66,Below Market Value
EC00103,PRD00103,Laptops,IdeaPad,Dell,2022-04-01,166550,80750,Fair,3,2026-10-01,39530,Individual,Individual,Cashify,Yes,7230,5,54,5542,Expired,Not Returned,Yes,Yes,2027-01-23,70.6,843.84,46.87,85.0,3.4,West,Pune,Resold,LISTING_00103,Fair,80750.0,39530.0,41220.0,51.05,0.49,Below Market Value
EC00104,PRD00104,Cameras,Lens,Canon,2025-01-25,119500,95500,Like New,2,2027-10-25,68490,Business,Individual,Cashify,Yes,14820,0,33,9003,Expired,Not Returned,Yes,No,,0.0,612.47,2.34,71.3,4.2,South,Chennai,Recycled,LISTING_00104,Like New,95500.0,68490.0,27010.0,28.28,0.72,Below Market Value
EC00105,PRD00105,Audio,Bluetooth Speaker,Sony,2025-10-17,26410,22780,Good,1,2027-10-17,12070,Individual,Individual,Amazon Renewed,Yes,1950,0,24,11907,Expired,Not Returned,No,No,,0.0,140.48,1.02,57.0,3.4,North,Noida,Resold,LISTING_00105,Good,22780.0,12070.0,10710.0,47.01,0.53,Below Market Value
EC00106,PRD00106,Home Appliances,Vacuum Cleaner,Daikin,2024-06-29,56360,40820,Good,1,2028-10-29,20750,Individual,Individual,Amazon Renewed,Yes,6150,0,52,2561,Expired,Not Returned,Yes,No,,0.0,136.94,2.51,59.9,4.4,East,Ranchi,Recycled,LISTING_00106,Good,40820.0,20750.0,20070.0,49.17,0.51,Below Market Value
EC00107,PRD00107,Cameras,Action Camera,Nikon,2023-10-14,197890,138550,Like New,1,2026-05-14,100610,Individual,Individual,OLX,No,0,0,31,397,Expired,Not Returned,Yes,Yes,2026-07-24,105.52,303.54,55.87,46.8,5.0,South,Hyderabad,Resold,LISTING_00107,Like New,138550.0,100610.0,37940.0,27.38,0.73,Below Market Value
EC00108,PRD00108,Home Appliances,Vacuum Cleaner,Whirlpool,2025-09-22,15470,9720,Good,3,2029-12-22,5790,Individual,Business,Facebook Marketplace,No,0,0,51,11029,Expired,Returned,Yes,No,,0.0,54.34,1.04,49.6,3.4,East,Guwahati,Recycled,LISTING_00108,Good,9720.0,5790.0,3930.0,40.43,0.6,Below Market Value
EC00109,PRD00109,Laptops,IdeaPad,Acer,2021-10-23,35300,31270,Good,3,2025-08-23,12010,Individual,Individual,Facebook Marketplace,No,0,0,46,3329,Expired,Not Returned,Yes,No,,0.0,217.68,1.46,54.2,4.7,East,Guwahati,Resold,LISTING_00109,Good,31270.0,12010.0,19260.0,61.59,0.38,Below Market Value
EC00110,PRD00110,Smartphones,Pixel,Sony,2025-10-15,16450,15170,Good,2,2029-04-15,5840,Individual,Individual,EchoChain Marketplace,Yes,1920,2,42,9966,Expired,Not Returned,No,No,,0.0,56.74,0.48,66.1,3.9,North,Lucknow,Refurbished,LISTING_00110,Good,15170.0,5840.0,9330.0,61.5,0.38,Below Market Value
EC00111,PRD00111,Smartphones,Galaxy S Series,Sony,2022-12-21,135010,82120,Fair,4,2025-09-21,37930,Individual,Individual,OLX,Yes,20970,1,33,8030,Extended,Not Returned,Yes,No,,0.0,690.57,3.2,77.9,1.9,West,Mumbai,Resold,LISTING_00111,Fair,82120.0,37930.0,44190.0,53.81,0.46,Below Market Value
EC00112,PRD00112,Audio,Smart Speaker,Sony,2025-11-08,12730,10260,Like New,5,2027-01-08,7140,Business,Individual,Cashify,Yes,610,1,14,1168,Expired,Not Returned,Yes,No,,0.0,21.79,0.68,88.3,4.4,North,Lucknow,Refurbished,LISTING_00112,Like New,10260.0,7140.0,3120.0,30.41,0.7,Below Market Value
EC00113,PRD00113,Smartphones,OnePlus,Sony,2021-12-04,134180,119930,Good,2,2023-08-04,67400,Individual,Individual,Amazon Renewed,No,0,2,20,9210,Expired,Not Returned,Yes,No,,0.0,287.37,5.28,63.0,2.9,South,Kochi,Resold,LISTING_00113,Good,119930.0,67400.0,52530.0,43.8,0.56,Below Market Value
EC00114,PRD00114,Audio,Wireless Earbuds,Boat,2023-05-29,34200,30740,Fair,2,2026-01-29,11630,Individual,Business,Facebook Marketplace,No,0,2,32,3982,Expired,Not Returned,Yes,No,,0.0,159.75,0.61,60.3,3.8,North,Delhi,Resold,LISTING_00114,Fair,30740.0,11630.0,19110.0,62.17,0.38,Below Market Value
EC00115,PRD00115,Fashion,Watch,Puma,2023-12-13,14230,8610,Fair,3,2028-07-13,3440,Individual,Business,Amazon Renewed,No,0,1,55,9975,Expired,Not Returned,Yes,Yes,2028-08-14,4.43,53.77,1.88,68.0,3.2,North,Noida,Resold,LISTING_00115,Fair,8610.0,3440.0,5170.0,60.05,0.4,Below Market Value
EC00116,PRD00116,Smartphones,OnePlus,Sony,2023-03-03,105720,68430,Good,2,2024-04-03,57280,Business,Individual,Local Dealer,No,0,1,13,5661,Expired,Not Returned,Yes,No,,0.0,234.68,4.01,52.6,2.9,South,Hyderabad,Recycled,LISTING_00116,Good,68430.0,57280.0,11150.0,16.29,0.84,Below Market Value
EC00117,PRD00117,Gaming,Controller,Meta,2021-08-05,7620,5050,Like New,5,2026-03-05,3140,Individual,Individual,Facebook Marketplace,No,0,0,55,3399,Extended,Not Returned,No,No,,0.0,46.42,0.38,70.1,4.5,East,Bhubaneswar,Recycled,LISTING_00117,Like New,5050.0,3140.0,1910.0,37.82,0.62,Below Market Value
EC00118,PRD00118,Home Appliances,Refrigerator,LG,2023-02-03,63600,32940,Good,1,2027-12-03,20190,Individual,Individual,Amazon Renewed,No,0,0,58,1866,Expired,Not Returned,Yes,Yes,2028-03-27,34.32,124.7,6.52,54.0,3.4,South,Chennai,Recycled,LISTING_00118,Good,32940.0,20190.0,12750.0,38.71,0.61,Below Market Value
EC00119,PRD00119,Home Appliances,Microwave,Samsung,2021-07-07,74520,62760,Good,1,2023-02-07,37290,Individual,Individual,EchoChain Marketplace,Yes,3940,2,19,11573,Expired,Not Returned,Yes,No,,0.0,139.53,4.92,55.0,2.6,North,Jaipur,Refurbished,LISTING_00119,Good,62760.0,37290.0,25470.0,40.58,0.59,Below Market Value
EC00120,PRD00120,Laptops,IdeaPad,Acer,2022-01-15,140330,106890,Fair,1,2023-06-15,53130,Business,Individual,EchoChain Marketplace,No,0,1,17,3096,Expired,Not Returned,No,No,,0.0,174.51,4.8,45.0,4.0,North,Chandigarh,Recycled,LISTING_00120,Fair,106890.0,53130.0,53760.0,50.29,0.5,Below Market Value
EC00121,PRD00121,Laptops,MacBook Air,HP,2022-05-08,90830,83180,Fair,1,2024-10-08,32700,Individual,Individual,OLX,No,0,1,29,4665,Expired,Not Returned,Yes,No,,0.0,77.19,5.66,47.2,3.3,West,Ahmedabad,Resold,LISTING_00121,Fair,83180.0,32700.0,50480.0,60.69,0.39,Below Market Value
EC00122,PRD00122,Home Appliances,Vacuum Cleaner,LG,2023-12-01,27440,17990,Good,1,2026-05-01,11990,Individual,Individual,Local Dealer,No,0,2,29,2255,Expired,Not Returned,Yes,No,,0.0,46.32,0.6,41.0,3.9,North,Lucknow,Refurbished,LISTING_00122,Good,17990.0,11990.0,6000.0,33.35,0.67,Below Market Value
EC00123,PRD00123,Smartphones,iPhone,Sony,2024-03-26,38440,26590,Fair,2,2027-09-26,10890,Individual,Individual,Cashify,Yes,3330,0,42,4112,Expired,Not Returned,No,No,,0.0,91.34,0.87,61.0,4.6,West,Pune,Refurbished,LISTING_00123,Fair,26590.0,10890.0,15700.0,59.04,0.41,Below Market Value
EC00124,PRD00124,Furniture,Sofa,Pepperfry,2021-01-15,26950,17320,Like New,3,2024-11-15,13280,Individual,Individual,Facebook Marketplace,Yes,1350,1,46,9855,Expired,Not Returned,Yes,No,,0.0,101.19,1.4,66.5,3.9,South,Hyderabad,Resold,LISTING_00124,Like New,17320.0,13280.0,4040.0,23.33,0.77,Below Market Value
EC00125,PRD00125,Furniture,Office Chair,Wakefit,2021-03-06,34160,16420,Fair,1,2022-05-06,12050,Individual,Individual,EchoChain Marketplace,No,0,1,14,294,Expired,Not Returned,Yes,No,,0.0,61.98,0.5,50.6,3.6,South,Bengaluru,Refurbished,LISTING_00125,Fair,16420.0,12050.0,4370.0,26.61,0.73,Below Market Value
EC00126,PRD00126,Furniture,Office Chair,IKEA,2022-06-05,83220,75920,Like New,1,2023-10-05,51880,Business,Business,OLX,Yes,9230,1,16,4007,Expired,Not Returned,Yes,No,,0.0,275.72,4.95,68.0,4.7,West,Pune,Resold,LISTING_00126,Like New,75920.0,51880.0,24040.0,31.66,0.68,Below Market Value
EC00127,PRD00127,Smartphones,iPhone,Sony,2024-09-29,115900,73310,Good,1,2028-08-29,46210,Individual,Individual,Facebook Marketplace,Yes,13870,2,47,4969,Expired,Not Returned,Yes,No,,0.0,407.97,6.17,52.2,4.1,North,Noida,Recycled,LISTING_00127,Good,73310.0,46210.0,27100.0,36.97,0.63,Below Market Value
EC00128,PRD00128,Laptops,Pavilion,HP,2024-02-27,81350,60780,Good,3,2028-04-27,31940,Business,Individual,Local Dealer,No,0,2,50,4911,Expired,Not Returned,Yes,No,,0.0,392.01,3.94,57.5,3.8,West,Mumbai,Resold,LISTING_00128,Good,60780.0,31940.0,28840.0,47.45,0.53,Below Market Value
EC00129,PRD00129,Smartphones,OnePlus,Google,2022-10-10,59970,44290,Fair,1,2025-12-10,15960,Individual,Individual,Local Dealer,Yes,8010,0,38,2333,Expired,Not Returned,No,No,,0.0,354.85,2.01,58.9,3.8,East,Guwahati,Resold,LISTING_00129,Fair,44290.0,15960.0,28330.0,63.96,0.36,Below Market Value
EC00130,PRD00130,Audio,Bluetooth Speaker,Sennheiser,2025-02-04,43940,34870,Good,4,2028-02-04,16220,Individual,Individual,Amazon Renewed,No,0,1,36,5928,Expired,Not Returned,Yes,No,,0.0,198.58,1.74,62.8,3.8,West,Surat,Refurbished,LISTING_00130,Good,34870.0,16220.0,18650.0,53.48,0.47,Below Market Value
EC00131,PRD00131,Laptops,ThinkPad,Lenovo,2023-12-23,144920,110870,Good,1,2024-12-23,83370,Business,Individual,EchoChain Marketplace,No,0,0,12,4046,Active,Not Returned,Yes,No,,0.0,136.82,6.91,50.1,4.7,North,Delhi,Resold,LISTING_00131,Good,110870.0,83370.0,27500.0,24.8,0.75,Below Market Value
EC00132,PRD00132,Home Appliances,Refrigerator,IFB,2024-03-08,26100,22290,Good,1,2024-10-08,13360,Individual,Individual,Local Dealer,Yes,960,0,7,5010,Active,Not Returned,Yes,No,,0.0,108.48,0.54,58.0,4.2,East,Kolkata,Refurbished,LISTING_00132,Good,22290.0,13360.0,8930.0,40.06,0.6,Below Market Value
EC00133,PRD00133,Gaming,VR Headset,Microsoft,2025-03-03,54260,49960,Good,3,2027-07-03,22710,Individual,Individual,Local Dealer,Yes,6820,2,28,839,Expired,Not Returned,Yes,No,,0.0,211.99,2.29,69.6,3.9,South,Bengaluru,Resold,LISTING_00133,Good,49960.0,22710.0,27250.0,54.54,0.45,Below Market Value
EC00134,PRD00134,Laptops,Inspiron,Acer,2022-08-16,150830,103310,Fair,1,2025-02-16,53210,Individual,Business,Cashify,No,0,0,30,8450,Expired,Not Returned,Yes,No,,0.0,243.01,9.9,50.5,4.1,North,Noida,Resold,LISTING_00134,Fair,103310.0,53210.0,50100.0,48.49,0.52,Below Market Value
EC00135,PRD00135,Audio,Bluetooth Speaker,Sennheiser,2022-01-27,8200,6970,Fair,2,2023-04-27,3080,Business,Individual,Local Dealer,Yes,350,0,15,5797,Expired,Not Returned,No,No,,0.0,24.84,0.42,65.1,4.2,South,Hyderabad,Recycled,LISTING_00135,Fair,6970.0,3080.0,3890.0,55.81,0.44,Below Market Value
EC00136,PRD00136,Laptops,IdeaPad,HP,2025-08-26,171210,122850,Fair,1,2028-03-26,52970,Individual,Individual,Amazon Renewed,Yes,17660,1,31,7520,Extended,Not Returned,Yes,No,,0.0,600.83,13.26,67.3,2.5,West,Surat,Resold,LISTING_00136,Fair,122850.0,52970.0,69880.0,56.88,0.43,Below Market Value
EC00137,PRD00137,Home Appliances,Air Conditioner,Samsung,2022-02-23,94980,73900,Fair,3,2025-01-23,29690,Individual,Individual,Facebook Marketplace,No,0,1,35,9140,Expired,Not Returned,Yes,No,,0.0,494.11,2.44,65.3,3.8,West,Nagpur,Resold,LISTING_00137,Fair,73900.0,29690.0,44210.0,59.82,0.4,Below Market Value
EC00138,PRD00138,Laptops,Pavilion,Acer,2021-10-16,111320,73990,Good,2,2022-06-16,65140,Individual,Individual,EchoChain Marketplace,No,0,2,8,4966,Active,Not Returned,Yes,Yes,2022-08-23,28.19,279.13,17.81,71.1,3.7,West,Nagpur,Resold,LISTING_00138,Good,73990.0,65140.0,8850.0,11.96,0.88,Below Market Value
EC00139,PRD00139,Smartphones,Galaxy S Series,Apple,2022-01-14,68650,36450,Fair,1,2026-11-14,18670,Individual,Business,OLX,No,0,2,58,3405,Expired,Not Returned,Yes,No,,0.0,50.08,3.23,46.5,3.4,West,Ahmedabad,Resold,LISTING_00139,Fair,36450.0,18670.0,17780.0,48.78,0.51,Below Market Value
EC00140,PRD00140,Fashion,Backpack,Puma,2025-12-02,26860,13700,Good,2,2026-07-02,13980,Individual,Individual,OLX,No,0,1,7,4766,Active,Not Returned,Yes,No,,0.0,68.23,1.83,58.2,2.1,East,Ranchi,Resold,LISTING_00140,Good,13700.0,13980.0,-280.0,-2.04,1.02,Above Market Value
EC00141,PRD00141,Smartphones,OnePlus,Google,2025-02-22,104950,65960,Like New,2,2028-11-22,54300,Individual,Individual,OLX,Yes,3350,1,45,208,Expired,Not Returned,Yes,No,,0.0,247.59,5.83,58.8,3.4,East,Patna,Refurbished,LISTING_00141,Like New,65960.0,54300.0,11660.0,17.68,0.82,Below Market Value
EC00142,PRD00142,Audio,Soundbar,Sennheiser,2021-08-19,26090,17190,Good,1,2022-01-19,14690,Business,Individual,Local Dealer,No,0,2,5,1995,Active,Not Returned,Yes,No,,0.0,16.04,1.76,51.3,4.2,North,Chandigarh,Resold,LISTING_00142,Good,17190.0,14690.0,2500.0,14.54,0.85,Below Market Value
EC00143,PRD00143,Audio,Wireless Earbuds,JBL,2023-10-15,42280,37640,Good,3,2026-05-15,18670,Individual,Business,OLX,No,0,1,31,4586,Expired,Returned,Yes,Yes,2026-06-23,16.3,165.34,14.97,78.8,4.1,West,Pune,Resold,LISTING_00143,Good,37640.0,18670.0,18970.0,50.4,0.5,Below Market Value
EC00144,PRD00144,Laptops,IdeaPad,Dell,2021-02-10,111030,89740,Good,1,2024-10-10,44710,Individual,Individual,EchoChain Marketplace,No,0,0,44,3975,Expired,Not Returned,Yes,Yes,2025-01-04,80.89,90.16,22.35,57.1,4.7,West,Mumbai,Resold,LISTING_00144,Good,89740.0,44710.0,45030.0,50.18,0.5,Below Market Value
EC00145,PRD00145,Laptops,IdeaPad,HP,2023-11-18,176280,130970,Fair,2,2024-03-18,69390,Individual,Individual,Local Dealer,No,0,1,4,1202,Active,Not Returned,Yes,No,,0.0,583.44,5.03,55.5,4.1,North,Jaipur,Resold,LISTING_00145,Fair,130970.0,69390.0,61580.0,47.02,0.53,Below Market Value
EC00146,PRD00146,Cameras,Mirrorless Camera,Canon,2021-05-15,121620,55450,Good,2,2023-02-15,54720,Individual,Individual,OLX,Yes,16440,2,21,7768,Expired,Returned,No,No,,0.0,254.1,3.62,63.4,5.0,South,Vijayawada,Resold,LISTING_00146,Good,55450.0,54720.0,730.0,1.32,0.99,Below Market Value
EC00147,PRD00147,Gaming,Gaming Console,Microsoft,2021-07-20,13230,6030,Fair,1,2022-04-20,5670,Business,Individual,Cashify,No,0,1,9,6796,Active,Not Returned,Yes,No,,0.0,17.32,0.29,38.4,3.9,East,Patna,Recycled,LISTING_00147,Fair,6030.0,5670.0,360.0,5.97,0.94,Below Market Value
EC00148,PRD00148,Smartphones,Galaxy S Series,Sony,2023-02-19,15160,13220,Good,1,2025-03-19,6350,Individual,Individual,Cashify,No,0,2,25,4915,Expired,Not Returned,Yes,No,,0.0,20.07,0.79,50.3,4.0,North,Chandigarh,Resold,LISTING_00148,Good,13220.0,6350.0,6870.0,51.97,0.48,Below Market Value
EC00149,PRD00149,Smartphones,Xperia,Apple,2023-07-19,130060,116250,Fair,1,2027-04-19,33930,Individual,Individual,Local Dealer,Yes,16170,0,45,927,Expired,Not Returned,Yes,No,,0.0,290.96,6.95,50.5,3.6,South,Kochi,Refurbished,LISTING_00149,Fair,116250.0,33930.0,82320.0,70.81,0.29,Below Market Value
EC00150,PRD00150,Smartphones,Pixel,OnePlus,2023-11-23,17580,15080,Good,3,2024-11-23,9660,Individual,Individual,OLX,No,0,0,12,8762,Active,Not Returned,Yes,No,,0.0,78.87,0.61,60.8,4.3,North,Chandigarh,Recycled,LISTING_00150,Good,15080.0,9660.0,5420.0,35.94,0.64,Below Market Value
EC00151,PRD00151,Smartphones,iPhone,Sony,2023-12-08,98920,91530,Good,4,2024-05-08,53030,Individual,Individual,Local Dealer,Yes,4250,0,5,6774,Active,Not Returned,Yes,No,,0.0,337.74,2.7,83.8,3.6,West,Nagpur,Resold,LISTING_00151,Good,91530.0,53030.0,38500.0,42.06,0.58,Below Market Value
EC00152,PRD00152,Gaming,VR Headset,Microsoft,2022-05-18,11900,6380,Like New,2,2022-10-18,7580,Individual,Individual,EchoChain Marketplace,Yes,1320,2,5,6658,Active,Not Returned,Yes,No,,0.0,54.96,0.82,65.7,3.2,North,Chandigarh,Landfill,LISTING_00152,Like New,6380.0,7580.0,-1200.0,-18.81,1.19,Above Market Value
EC00153,PRD00153,Gaming,Gaming Laptop,ASUS,2022-02-11,68550,63280,Good,1,2025-03-11,29100,Individual,Individual,Cashify,No,0,1,37,9429,Expired,Not Returned,Yes,No,,0.0,45.31,1.58,45.2,3.8,West,Ahmedabad,Resold,LISTING_00153,Good,63280.0,29100.0,34180.0,54.01,0.46,Below Market Value
EC00154,PRD00154,Laptops,MacBook Air,Acer,2025-05-17,153140,125790,Good,4,2029-01-17,61840,Individual,Individual,Cashify,No,0,0,44,6603,Extended,Not Returned,Yes,No,,0.0,398.52,2.67,64.4,3.8,South,Hyderabad,Refurbished,LISTING_00154,Good,125790.0,61840.0,63950.0,50.84,0.49,Below Market Value
EC00155,PRD00155,Smartphones,Xperia,Google,2025-10-18,27080,14500,Like New,2,2027-09-18,16830,Individual,Individual,Cashify,No,0,1,23,7479,Expired,Not Returned,Yes,No,,0.0,99.7,0.98,52.1,3.2,North,Chandigarh,Refurbished,LISTING_00155,Like New,14500.0,16830.0,-2330.0,-16.07,1.16,Above Market Value
EC00156,PRD00156,Home Appliances,Refrigerator,Daikin,2023-03-16,100720,64790,Good,1,2023-09-16,51950,Business,Individual,OLX,No,0,2,6,8147,Active,Not Returned,Yes,No,,0.0,159.49,2.62,47.1,4.0,West,Mumbai,Refurbished,LISTING_00156,Good,64790.0,51950.0,12840.0,19.82,0.8,Below Market Value
EC00157,PRD00157,Audio,Wireless Earbuds,Bose,2021-04-09,49730,30280,Like New,2,2024-10-09,22680,Business,Individual,Facebook Marketplace,No,0,0,42,11268,Expired,Not Returned,Yes,No,,0.0,125.73,2.35,50.0,3.3,East,Kolkata,Landfill,LISTING_00157,Like New,30280.0,22680.0,7600.0,25.1,0.75,Below Market Value
EC00158,PRD00158,Laptops,Pavilion,Apple,2022-11-15,133360,88350,Good,2,2025-01-15,61950,Individual,Individual,Cashify,No,0,2,26,6151,Expired,Returned,Yes,No,,0.0,450.01,6.91,64.2,4.2,East,Bhubaneswar,Resold,LISTING_00158,Good,88350.0,61950.0,26400.0,29.88,0.7,Below Market Value
EC00159,PRD00159,Gaming,Controller,ASUS,2022-12-27,62560,51410,Fair,1,2025-01-27,23260,Individual,Individual,OLX,No,0,0,25,4320,Expired,Not Returned,No,No,,0.0,72.44,2.47,46.3,4.2,East,Patna,Resold,LISTING_00159,Fair,51410.0,23260.0,28150.0,54.76,0.45,Below Market Value
EC00160,PRD00160,Furniture,Office Chair,Wakefit,2025-04-20,48040,39300,Fair,2,2030-02-20,12070,Individual,Business,Local Dealer,Yes,3640,1,58,8881,Expired,Not Returned,Yes,No,,0.0,175.76,1.18,65.3,4.0,North,Jaipur,Refurbished,LISTING_00160,Fair,39300.0,12070.0,27230.0,69.29,0.31,Below Market Value
EC00161,PRD00161,Smartphones,OnePlus,Samsung,2023-08-19,83940,73090,Like New,1,2025-02-19,54800,Individual,Individual,Cashify,No,0,1,18,3804,Expired,Not Returned,Yes,Yes,2025-05-04,43.67,107.15,29.34,52.5,5.0,South,Vijayawada,Recycled,LISTING_00161,Like New,73090.0,54800.0,18290.0,25.02,0.75,Below Market Value
EC00162,PRD00162,Smartphones,Pixel,Apple,2025-10-29,109440,72310,Poor,1,2026-04-29,28640,Individual,Individual,OLX,Yes,12390,0,6,11432,Active,Not Returned,No,No,,0.0,248.68,6.09,65.7,3.1,East,Bhubaneswar,Resold,LISTING_00162,Poor,72310.0,28640.0,43670.0,60.39,0.4,Below Market Value
EC00163,PRD00163,Home Appliances,Washing Machine,IFB,2022-09-05,52700,44170,Good,2,2025-11-05,23030,Individual,Individual,Amazon Renewed,No,0,1,38,10034,Expired,Not Returned,Yes,Yes,2025-12-26,28.55,264.44,19.01,61.2,4.4,East,Ranchi,Resold,LISTING_00163,Good,44170.0,23030.0,21140.0,47.86,0.52,Below Market Value
EC00164,PRD00164,Furniture,Office Chair,Pepperfry,2025-01-25,41480,29800,Fair,4,2028-02-25,13270,Business,Individual,EchoChain Marketplace,No,0,0,37,3786,Expired,Not Returned,Yes,No,,0.0,213.32,2.43,66.2,2.6,West,Ahmedabad,Resold,LISTING_00164,Fair,29800.0,13270.0,16530.0,55.47,0.45,Below Market Value
EC00165,PRD00165,Fashion,Watch,Nike,2022-10-05,27760,20270,Like New,1,2024-10-05,16960,Business,Business,Facebook Marketplace,No,0,0,24,7915,Expired,Not Returned,Yes,No,,0.0,47.83,0.53,56.2,4.2,South,Vijayawada,Resold,LISTING_00165,Like New,20270.0,16960.0,3310.0,16.33,0.84,Below Market Value
EC00166,PRD00166,Smartphones,Xperia,Sony,2025-11-28,56380,45500,Fair,4,2029-06-28,14880,Individual,Individual,Facebook Marketplace,Yes,7320,0,43,4103,Expired,Not Returned,Yes,No,,0.0,295.24,2.84,85.5,2.3,East,Guwahati,Resold,LISTING_00166,Fair,45500.0,14880.0,30620.0,67.3,0.33,Below Market Value
EC00167,PRD00167,Cameras,Lens,Panasonic,2023-10-26,56070,25750,Fair,3,2028-08-26,15000,Individual,Individual,Local Dealer,No,0,1,58,9440,Expired,Not Returned,No,No,,0.0,224.19,4.35,56.7,4.0,South,Kochi,Resold,LISTING_00167,Fair,25750.0,15000.0,10750.0,41.75,0.58,Below Market Value
EC00168,PRD00168,Audio,Wireless Earbuds,JBL,2024-05-26,47020,41720,Poor,3,2026-05-26,9500,Individual,Individual,Facebook Marketplace,No,0,0,24,2451,Extended,Not Returned,No,No,,0.0,231.45,0.95,58.4,3.3,South,Bengaluru,Refurbished,LISTING_00168,Poor,41720.0,9500.0,32220.0,77.23,0.23,Below Market Value
EC00169,PRD00169,Fashion,Watch,Fossil,2022-05-18,4970,3440,Fair,1,2024-07-18,1650,Individual,Individual,Cashify,Yes,320,0,26,5348,Expired,Not Returned,Yes,No,,0.0,23.33,0.32,53.5,4.0,North,Jaipur,Refurbished,LISTING_00169,Fair,3440.0,1650.0,1790.0,52.03,0.48,Below Market Value
EC00170,PRD00170,Smartphones,OnePlus,OnePlus,2023-02-06,105360,97350,Like New,2,2027-06-06,42290,Individual,Individual,Facebook Marketplace,Yes,16270,4,52,4180,Expired,Not Returned,Yes,Yes,2027-07-06,65.57,390.12,39.29,72.5,4.8,West,Mumbai,Refurbished,LISTING_00170,Like New,97350.0,42290.0,55060.0,56.56,0.43,Below Market Value
EC00171,PRD00171,Gaming,Gaming Console,Sony,2022-02-02,30800,22490,Poor,2,2027-01-02,4620,Individual,Business,Facebook Marketplace,Yes,1630,0,59,5498,Extended,Not Returned,Yes,No,,0.0,176.81,1.64,57.8,3.5,East,Patna,Resold,LISTING_00171,Poor,22490.0,4620.0,17870.0,79.46,0.21,Below Market Value
EC00172,PRD00172,Smartphones,iPhone,Apple,2023-05-21,106900,48720,Fair,1,2026-10-21,33990,Business,Individual,Local Dealer,No,0,0,41,2503,Expired,Not Returned,No,No,,0.0,152.27,8.1,49.9,3.0,North,Noida,Landfill,LISTING_00172,Fair,48720.0,33990.0,14730.0,30.23,0.7,Below Market Value
EC00173,PRD00173,Home Appliances,Microwave,Whirlpool,2023-03-06,21060,18890,Like New,5,2026-04-06,10420,Individual,Business,OLX,No,0,0,37,4100,Expired,Not Returned,Yes,No,,0.0,63.18,0.49,79.9,4.8,North,Chandigarh,Resold,LISTING_00173,Like New,18890.0,10420.0,8470.0,44.84,0.55,Below Market Value
EC00174,PRD00174,Gaming,Gaming Laptop,ASUS,2022-01-28,177020,103160,Good,3,2026-10-28,58920,Individual,Individual,EchoChain Marketplace,No,0,0,57,11263,Expired,Returned,Yes,No,,0.0,677.42,6.47,57.8,4.1,West,Mumbai,Resold,LISTING_00174,Good,103160.0,58920.0,44240.0,42.88,0.57,Below Market Value
EC00175,PRD00175,Laptops,ThinkPad,Apple,2021-07-26,175670,80850,Good,2,2024-07-26,74180,Individual,Individual,EchoChain Marketplace,No,0,0,36,607,Expired,Returned,Yes,No,,0.0,425.91,4.35,53.7,3.6,West,Nagpur,Refurbished,LISTING_00175,Good,80850.0,74180.0,6670.0,8.25,0.92,Below Market Value
EC00176,PRD00176,Fashion,Backpack,Fossil,2023-11-05,7830,6870,Fair,4,2024-03-05,2820,Individual,Individual,Amazon Renewed,No,0,1,4,8325,Active,Not Returned,Yes,No,,0.0,19.25,0.58,70.6,4.1,West,Surat,Recycled,LISTING_00176,Fair,6870.0,2820.0,4050.0,58.95,0.41,Below Market Value
EC00177,PRD00177,Furniture,Study Table,Wakefit,2025-04-27,28820,19080,Good,2,2029-10-27,10120,Business,Business,OLX,Yes,1360,1,54,609,Expired,Returned,Yes,No,,0.0,125.89,2.06,59.3,4.1,North,Delhi,Refurbished,LISTING_00177,Good,19080.0,10120.0,8960.0,46.96,0.53,Below Market Value
EC00178,PRD00178,Smartphones,iPhone,Apple,2023-06-11,69950,52390,Fair,3,2026-10-11,22130,Business,Individual,Amazon Renewed,Yes,6600,1,40,1598,Expired,Not Returned,Yes,No,,0.0,213.56,5.27,75.6,4.0,East,Patna,Refurbished,LISTING_00178,Fair,52390.0,22130.0,30260.0,57.76,0.42,Below Market Value
EC00179,PRD00179,Cameras,Camcorder,GoPro,2025-01-24,57060,43000,Good,3,2026-02-24,32210,Business,Business,EchoChain Marketplace,No,0,2,13,1230,Expired,Not Returned,Yes,Yes,2026-03-25,22.71,142.81,20.69,75.3,4.7,South,Bengaluru,Refurbished,LISTING_00179,Good,43000.0,32210.0,10790.0,25.09,0.75,Below Market Value
EC00180,PRD00180,Laptops,Pavilion,Acer,2025-09-11,76240,69960,Good,3,2028-02-11,32870,Individual,Individual,Cashify,Yes,2450,1,29,156,Expired,Not Returned,No,No,,0.0,194.75,5.02,67.5,4.6,North,Chandigarh,Resold,LISTING_00180,Good,69960.0,32870.0,37090.0,53.02,0.47,Below Market Value
EC00181,PRD00181,Laptops,Inspiron,Dell,2025-05-18,67010,52510,Fair,4,2026-08-18,23440,Individual,Individual,EchoChain Marketplace,No,0,1,15,10230,Expired,Not Returned,Yes,No,,0.0,126.82,3.59,72.2,4.4,South,Bengaluru,Refurbished,LISTING_00181,Fair,52510.0,23440.0,29070.0,55.36,0.45,Below Market Value
EC00182,PRD00182,Smartphones,Xperia,OnePlus,2023-05-14,89720,84180,Like New,4,2028-01-14,39240,Individual,Individual,EchoChain Marketplace,No,0,2,56,2368,Extended,Not Returned,Yes,No,,0.0,318.52,5.53,62.0,4.3,East,Guwahati,Resold,LISTING_00182,Like New,84180.0,39240.0,44940.0,53.39,0.47,Below Market Value
EC00183,PRD00183,Gaming,Gaming Console,Meta,2023-01-13,129120,67590,Good,2,2026-10-13,53330,Individual,Individual,EchoChain Marketplace,No,0,1,45,1431,Expired,Not Returned,Yes,No,,0.0,556.81,9.23,54.0,5.0,West,Pune,Resold,LISTING_00183,Good,67590.0,53330.0,14260.0,21.1,0.79,Below Market Value
EC00184,PRD00184,Laptops,Pavilion,HP,2024-06-18,69460,52080,Like New,2,2027-02-18,36800,Individual,Business,OLX,No,0,3,32,4432,Expired,Not Returned,Yes,Yes,2027-04-05,36.76,224.82,19.92,69.3,4.5,South,Kochi,Refurbished,LISTING_00184,Like New,52080.0,36800.0,15280.0,29.34,0.71,Below Market Value
EC00185,PRD00185,Gaming,Gaming Console,Sony,2022-07-18,62820,34370,Fair,2,2023-07-18,25950,Individual,Individual,Local Dealer,No,0,0,12,4020,Active,Not Returned,Yes,Yes,2023-07-28,48.36,269.51,21.14,61.8,4.1,North,Lucknow,Recycled,LISTING_00185,Fair,34370.0,25950.0,8420.0,24.5,0.76,Below Market Value
EC00186,PRD00186,Smartphones,Xperia,OnePlus,2023-10-18,83120,70040,Fair,3,2028-07-18,21530,Individual,Individual,Facebook Marketplace,Yes,7950,2,57,7954,Extended,Not Returned,Yes,No,,0.0,350.55,5.64,65.0,3.6,West,Mumbai,Refurbished,LISTING_00186,Fair,70040.0,21530.0,48510.0,69.26,0.31,Below Market Value
EC00187,PRD00187,Smartphones,OnePlus,OnePlus,2021-04-06,116990,79320,Good,1,2021-08-06,61890,Individual,Individual,Facebook Marketplace,No,0,1,4,7983,Active,Not Returned,Yes,No,,0.0,76.67,8.09,49.1,5.0,South,Chennai,Resold,LISTING_00187,Good,79320.0,61890.0,17430.0,21.97,0.78,Below Market Value
EC00188,PRD00188,Fashion,Backpack,Adidas,2025-10-24,8200,5430,Fair,2,2028-06-24,2720,Business,Business,EchoChain Marketplace,No,0,5,32,1418,Expired,Not Returned,Yes,Yes,2028-10-10,1.76,33.25,2.06,65.5,3.5,East,Patna,Resold,LISTING_00188,Fair,5430.0,2720.0,2710.0,49.91,0.5,Below Market Value
EC00189,PRD00189,Smartphones,Pixel,Apple,2022-04-30,65560,37220,Fair,2,2026-05-30,16900,Individual,Business,Facebook Marketplace,No,0,3,49,4906,Expired,Not Returned,Yes,No,,0.0,161.02,4.58,42.8,4.2,South,Chennai,Resold,LISTING_00189,Fair,37220.0,16900.0,20320.0,54.59,0.45,Below Market Value
EC00190,PRD00190,Fashion,Backpack,Adidas,2024-12-01,24500,20090,Good,3,2028-11-01,9860,Individual,Business,Cashify,Yes,930,1,47,6054,Expired,Not Returned,Yes,No,,0.0,89.35,1.05,69.1,5.0,West,Mumbai,Refurbished,LISTING_00190,Good,20090.0,9860.0,10230.0,50.92,0.49,Below Market Value
EC00191,PRD00191,Gaming,Controller,ASUS,2021-08-19,80650,52800,Fair,2,2024-04-19,26830,Individual,Business,Facebook Marketplace,No,0,0,32,229,Expired,Not Returned,Yes,Yes,2024-05-13,47.89,312.68,10.59,70.5,3.9,West,Mumbai,Recycled,LISTING_00191,Fair,52800.0,26830.0,25970.0,49.19,0.51,Below Market Value
EC00192,PRD00192,Cameras,Action Camera,Panasonic,2023-01-19,93310,63440,Good,3,2027-01-19,37990,Individual,Business,Cashify,No,0,0,48,5317,Expired,Not Returned,No,No,,0.0,423.06,7.45,70.5,5.0,North,Jaipur,Resold,LISTING_00192,Good,63440.0,37990.0,25450.0,40.12,0.6,Below Market Value
EC00193,PRD00193,Laptops,IdeaPad,Dell,2025-08-06,176350,139330,Fair,1,2029-08-06,42240,Individual,Individual,Cashify,Yes,25790,0,48,4957,Expired,Not Returned,Yes,Yes,2029-08-18,104.78,856.35,51.47,63.5,3.5,South,Kochi,Resold,LISTING_00193,Fair,139330.0,42240.0,97090.0,69.68,0.3,Below Market Value
EC00194,PRD00194,Furniture,Dining Set,Godrej,2024-04-09,22710,20470,Fair,2,2024-07-09,9830,Business,Individual,Cashify,No,0,3,3,3140,Active,Not Returned,Yes,No,,0.0,70.97,1.71,56.1,2.8,East,Bhubaneswar,Refurbished,LISTING_00194,Fair,20470.0,9830.0,10640.0,51.98,0.48,Below Market Value
EC00195,PRD00195,Laptops,Pavilion,Apple,2022-06-25,114760,72430,Fair,1,2026-07-25,30460,Individual,Individual,Cashify,Yes,17760,0,49,3442,Expired,Not Returned,Yes,No,,0.0,405.66,6.79,42.9,2.3,East,Guwahati,Resold,LISTING_00195,Fair,72430.0,30460.0,41970.0,57.95,0.42,Below Market Value
EC00196,PRD00196,Cameras,Lens,Panasonic,2023-11-26,138000,63060,Good,1,2028-05-26,51520,Individual,Individual,Amazon Renewed,No,0,2,54,7841,Expired,Not Returned,Yes,No,,0.0,214.85,2.75,42.0,4.2,North,Delhi,Resold,LISTING_00196,Good,63060.0,51520.0,11540.0,18.3,0.82,Below Market Value
EC00197,PRD00197,Cameras,Lens,GoPro,2022-06-09,53580,44060,Good,1,2023-03-09,25910,Individual,Individual,Local Dealer,Yes,8050,0,9,1502,Active,Not Returned,Yes,No,,0.0,99.58,4.13,63.5,4.0,North,Chandigarh,Resold,LISTING_00197,Good,44060.0,25910.0,18150.0,41.19,0.59,Below Market Value
EC00198,PRD00198,Furniture,Study Table,Pepperfry,2024-03-29,42660,38130,Good,1,2024-06-29,25390,Individual,Individual,OLX,Yes,3090,2,3,6168,Active,Not Returned,No,No,,0.0,166.37,3.33,67.4,3.4,North,Jaipur,Refurbished,LISTING_00198,Good,38130.0,25390.0,12740.0,33.41,0.67,Below Market Value
EC00199,PRD00199,Cameras,Camcorder,GoPro,2025-09-19,164930,88630,Like New,2,2025-12-19,118620,Individual,Individual,Facebook Marketplace,No,0,2,3,9137,Active,Not Returned,Yes,No,,0.0,455.58,8.92,59.6,3.7,South,Kochi,Recycled,LISTING_00199,Like New,88630.0,118620.0,-29990.0,-33.84,1.34,Above Market Value
EC00200,PRD00200,Smartphones,iPhone,Apple,2024-06-20,81620,44980,Good,2,2027-01-20,33020,Business,Business,Local Dealer,Yes,2930,1,31,241,Expired,Not Returned,Yes,No,,0.0,273.79,3.71,62.0,5.0,South,Vijayawada,Refurbished,LISTING_00200,Good,44980.0,33020.0,11960.0,26.59,0.73,Below Market Value
EC00201,PRD00201,Laptops,IdeaPad,HP,2024-01-15,148100,92650,Good,2,2027-09-15,59410,Individual,Business,Local Dealer,Yes,17330,0,44,7111,Expired,Not Returned,Yes,No,,0.0,749.62,3.91,57.2,4.6,West,Nagpur,Resold,LISTING_00201,Good,92650.0,59410.0,33240.0,35.88,0.64,Below Market Value
EC00202,PRD00202,Home Appliances,Microwave,Samsung,2025-12-25,74660,38400,Like New,1,2030-09-25,33130,Individual,Individual,Cashify,Yes,8020,2,57,5078,Expired,Not Returned,No,No,,0.0,422.09,2.0,52.6,2.3,South,Chennai,Recycled,LISTING_00202,Like New,38400.0,33130.0,5270.0,13.72,0.86,Below Market Value
EC00203,PRD00203,Home Appliances,Air Conditioner,LG,2022-08-01,111570,98030,Like New,2,2026-03-01,58210,Individual,Individual,OLX,Yes,11310,4,43,5815,Expired,Not Returned,Yes,No,,0.0,655.07,3.66,67.9,4.2,South,Hyderabad,Refurbished,LISTING_00203,Like New,98030.0,58210.0,39820.0,40.62,0.59,Below Market Value
EC00204,PRD00204,Audio,Smart Speaker,Bose,2022-11-13,6570,6120,Like New,4,2027-07-13,3160,Individual,Individual,Facebook Marketplace,Yes,270,1,56,7295,Expired,Not Returned,Yes,No,,0.0,45.82,0.41,70.6,4.6,North,Chandigarh,Resold,LISTING_00204,Like New,6120.0,3160.0,2960.0,48.37,0.52,Below Market Value
EC00205,PRD00205,Furniture,Dining Set,Urban Ladder,2022-07-11,37920,28610,Good,3,2024-01-11,17220,Individual,Business,Facebook Marketplace,Yes,2400,2,18,11145,Expired,Not Returned,Yes,No,,0.0,84.28,1.3,87.7,4.4,East,Ranchi,Refurbished,LISTING_00205,Good,28610.0,17220.0,11390.0,39.81,0.6,Below Market Value
EC00206,PRD00206,Smartphones,Xperia,Sony,2025-05-17,28280,24110,Like New,2,2030-02-17,10900,Individual,Individual,OLX,No,0,2,57,1123,Expired,Not Returned,No,No,,0.0,156.98,0.4,35.9,3.7,South,Chennai,Recycled,LISTING_00206,Like New,24110.0,10900.0,13210.0,54.79,0.45,Below Market Value
EC00207,PRD00207,Cameras,Camcorder,GoPro,2023-10-10,91160,80160,Good,3,2024-08-10,48060,Individual,Individual,OLX,No,0,2,10,1594,Active,Not Returned,Yes,No,,0.0,355.02,1.57,60.6,4.6,West,Mumbai,Recycled,LISTING_00207,Good,80160.0,48060.0,32100.0,40.04,0.6,Below Market Value
EC00208,PRD00208,Smartphones,iPhone,Apple,2022-10-08,120590,72370,Good,4,2024-06-08,61420,Individual,Individual,Cashify,Yes,5070,3,20,4612,Expired,Not Returned,Yes,No,,0.0,600.75,4.16,76.3,4.7,South,Bengaluru,Refurbished,LISTING_00208,Good,72370.0,61420.0,10950.0,15.13,0.85,Below Market Value
EC00209,PRD00209,Laptops,Pavilion,Dell,2023-03-07,113560,77580,Fair,4,2025-06-07,41140,Individual,Individual,Facebook Marketplace,No,0,0,27,7863,Expired,Not Returned,Yes,No,,0.0,312.54,5.64,67.2,3.3,South,Hyderabad,Resold,LISTING_00209,Fair,77580.0,41140.0,36440.0,46.97,0.53,Below Market Value
EC00210,PRD00210,Gaming,Monitor,Meta,2023-11-18,167970,156920,Like New,2,2024-11-18,113810,Individual,Business,Cashify,No,0,0,12,6784,Active,Not Returned,Yes,Yes,2025-01-26,56.05,291.03,37.86,70.7,3.2,West,Surat,Resold,LISTING_00210,Like New,156920.0,113810.0,43110.0,27.47,0.73,Below Market Value
EC00211,PRD00211,Fashion,Denim,Nike,2025-07-02,17520,8180,Good,3,2029-02-02,6940,Business,Individual,Cashify,No,0,2,43,4139,Expired,Not Returned,No,No,,0.0,50.14,1.07,56.7,4.2,South,Vijayawada,Recycled,LISTING_00211,Good,8180.0,6940.0,1240.0,15.16,0.85,Below Market Value
EC00212,PRD00212,Laptops,IdeaPad,Acer,2025-04-29,71620,59780,Good,1,2025-08-29,35690,Individual,Individual,OLX,No,0,0,4,8580,Active,Not Returned,Yes,No,,0.0,142.83,2.53,58.7,3.1,East,Ranchi,Resold,LISTING_00212,Good,59780.0,35690.0,24090.0,40.3,0.6,Below Market Value
EC00213,PRD00213,Furniture,Office Chair,Wakefit,2024-09-25,68040,46500,Like New,2,2025-11-25,45530,Business,Individual,EchoChain Marketplace,Yes,9350,2,14,4101,Expired,Not Returned,No,No,,0.0,190.5,2.77,67.5,4.1,South,Bengaluru,Refurbished,LISTING_00213,Like New,46500.0,45530.0,970.0,2.09,0.98,Below Market Value
EC00214,PRD00214,Smartphones,Xperia,OnePlus,2025-12-27,83180,78440,Fair,4,2027-03-27,31550,Individual,Business,Cashify,No,0,0,15,10167,Expired,Not Returned,Yes,No,,0.0,392.04,5.23,65.5,2.1,South,Hyderabad,Refurbished,LISTING_00214,Fair,78440.0,31550.0,46890.0,59.78,0.4,Below Market Value
EC00215,PRD00215,Smartphones,OnePlus,Samsung,2024-09-16,34990,24470,Like New,3,2026-01-16,19290,Individual,Individual,Local Dealer,No,0,2,16,675,Expired,Not Returned,Yes,No,,0.0,66.68,2.7,63.8,3.6,South,Kochi,Resold,LISTING_00215,Like New,24470.0,19290.0,5180.0,21.17,0.79,Below Market Value
EC00216,PRD00216,Home Appliances,Refrigerator,Daikin,2025-07-22,15270,9560,Like New,5,2026-12-22,9740,Individual,Individual,Amazon Renewed,No,0,4,17,3066,Expired,Not Returned,Yes,No,,0.0,39.53,0.75,78.1,4.5,South,Hyderabad,Recycled,LISTING_00216,Like New,9560.0,9740.0,-180.0,-1.88,1.02,Above Market Value
EC00217,PRD00217,Home Appliances,Refrigerator,IFB,2025-03-10,37700,17950,Fair,2,2028-05-10,12070,Individual,Business,Cashify,No,0,1,38,5750,Extended,Not Returned,Yes,Yes,2028-06-01,33.88,106.23,4.2,66.0,3.2,North,Lucknow,Resold,LISTING_00217,Fair,17950.0,12070.0,5880.0,32.76,0.67,Below Market Value
EC00218,PRD00218,Furniture,Sofa,IKEA,2024-10-03,41310,27390,Fair,3,2029-10-03,9490,Individual,Individual,OLX,No,0,3,60,8418,Expired,Not Returned,Yes,Yes,2030-01-18,23.56,272.88,9.86,60.5,3.0,North,Delhi,Resold,LISTING_00218,Fair,27390.0,9490.0,17900.0,65.35,0.35,Below Market Value
EC00219,PRD00219,Laptops,Inspiron,Acer,2025-02-05,79430,58120,Fair,5,2029-02-05,20930,Business,Individual,OLX,No,0,0,48,10916,Expired,Not Returned,Yes,No,,0.0,385.75,2.16,76.9,2.6,West,Nagpur,Resold,LISTING_00219,Fair,58120.0,20930.0,37190.0,63.99,0.36,Below Market Value
EC00220,PRD00220,Laptops,Inspiron,HP,2024-06-08,151600,77040,Good,1,2028-10-08,59800,Individual,Business,Amazon Renewed,No,0,0,52,4195,Expired,Not Returned,Yes,No,,0.0,201.74,9.41,37.2,4.0,North,Delhi,Resold,LISTING_00220,Good,77040.0,59800.0,17240.0,22.38,0.78,Below Market Value
EC00221,PRD00221,Home Appliances,Washing Machine,Whirlpool,2021-07-09,10590,8410,Good,5,2023-05-09,5440,Individual,Individual,Amazon Renewed,Yes,510,0,22,1126,Expired,Not Returned,No,No,,0.0,19.89,0.62,83.1,4.3,North,Lucknow,Resold,LISTING_00221,Good,8410.0,5440.0,2970.0,35.32,0.65,Below Market Value
EC00222,PRD00222,Fashion,Jacket,Levi's,2024-06-02,26110,13190,Like New,5,2025-04-02,17140,Individual,Individual,Local Dealer,No,0,2,10,9274,Active,Not Returned,No,No,,0.0,76.92,0.36,81.5,3.1,West,Surat,Resold,LISTING_00222,Like New,13190.0,17140.0,-3950.0,-29.95,1.3,Above Market Value
EC00223,PRD00223,Smartphones,iPhone,Apple,2024-11-09,10310,7760,Good,1,2028-08-09,4430,Individual,Business,OLX,No,0,1,45,8803,Expired,Returned,Yes,Yes,2028-11-07,5.31,16.67,2.48,50.5,3.7,South,Chennai,Refurbished,LISTING_00223,Good,7760.0,4430.0,3330.0,42.91,0.57,Below Market Value
EC00224,PRD00224,Fashion,Jacket,Fossil,2024-11-01,3430,2230,Good,3,2028-01-01,1450,Individual,Individual,Local Dealer,Yes,300,5,38,4526,Expired,Not Returned,Yes,No,,0.0,13.08,0.24,64.8,4.3,South,Bengaluru,Refurbished,LISTING_00224,Good,2230.0,1450.0,780.0,34.98,0.65,Below Market Value
EC00225,PRD00225,Audio,Wireless Earbuds,Sony,2024-07-30,21670,15120,Fair,3,2026-09-30,7090,Individual,Individual,Cashify,Yes,1370,2,26,4825,Expired,Not Returned,Yes,No,,0.0,56.75,1.2,73.2,3.8,North,Delhi,Refurbished,LISTING_00225,Fair,15120.0,7090.0,8030.0,53.11,0.47,Below Market Value
EC00226,PRD00226,Laptops,IdeaPad,Dell,2022-09-25,43150,22490,Good,2,2023-04-25,23000,Individual,Business,Amazon Renewed,No,0,3,7,1870,Active,Not Returned,Yes,No,,0.0,128.92,2.44,51.4,3.7,West,Pune,Refurbished,LISTING_00226,Good,22490.0,23000.0,-510.0,-2.27,1.02,Above Market Value
EC00227,PRD00227,Laptops,ThinkPad,HP,2022-09-20,129170,68820,Fair,1,2024-04-20,44570,Business,Individual,OLX,No,0,2,19,3290,Expired,Not Returned,Yes,No,,0.0,205.27,4.43,50.4,4.3,West,Nagpur,Refurbished,LISTING_00227,Fair,68820.0,44570.0,24250.0,35.24,0.65,Below Market Value
EC00228,PRD00228,Fashion,Backpack,Adidas,2023-08-31,26450,18550,Good,2,2025-06-30,12700,Individual,Individual,OLX,No,0,2,22,8402,Expired,Not Returned,Yes,No,,0.0,79.76,1.26,53.4,4.7,South,Bengaluru,Resold,LISTING_00228,Good,18550.0,12700.0,5850.0,31.54,0.68,Below Market Value
EC00229,PRD00229,Smartphones,iPhone,Google,2025-11-04,60400,45120,Good,2,2029-11-04,23650,Individual,Individual,Cashify,No,0,2,48,10083,Expired,Not Returned,Yes,No,,0.0,283.06,3.58,55.7,3.9,West,Surat,Resold,LISTING_00229,Good,45120.0,23650.0,21470.0,47.58,0.52,Below Market Value
EC00230,PRD00230,Furniture,Study Table,Godrej,2024-07-06,45910,30580,Good,2,2024-10-06,27230,Business,Individual,Amazon Renewed,Yes,4760,3,3,6817,Active,Not Returned,Yes,No,,0.0,187.49,0.99,69.1,4.8,East,Guwahati,Recycled,LISTING_00230,Good,30580.0,27230.0,3350.0,10.95,0.89,Below Market Value
EC00231,PRD00231,Smartphones,iPhone,Google,2024-10-14,86390,68190,Like New,2,2029-07-14,35150,Business,Individual,Facebook Marketplace,No,0,0,57,1486,Extended,Not Returned,Yes,Yes,2029-08-19,18.69,348.08,27.81,50.6,4.1,South,Vijayawada,Refurbished,LISTING_00231,Like New,68190.0,35150.0,33040.0,48.45,0.52,Below Market Value
EC00232,PRD00232,Gaming,Gaming Console,Meta,2022-12-11,157740,87270,Good,1,2023-06-11,95420,Individual,Individual,EchoChain Marketplace,No,0,0,6,2476,Active,Not Returned,Yes,No,,0.0,162.02,3.86,50.4,3.8,South,Kochi,Resold,LISTING_00232,Good,87270.0,95420.0,-8150.0,-9.34,1.09,Above Market Value
EC00233,PRD00233,Laptops,MacBook Air,Lenovo,2025-01-19,67480,31180,Fair,3,2028-03-19,20470,Individual,Individual,Cashify,Yes,5970,1,38,5417,Extended,Not Returned,Yes,No,,0.0,313.9,3.07,72.0,3.5,South,Chennai,Recycled,LISTING_00233,Fair,31180.0,20470.0,10710.0,34.35,0.66,Below Market Value
EC00234,PRD00234,Furniture,Bookshelf,Godrej,2024-12-05,74260,61200,Good,4,2025-12-05,41530,Individual,Individual,EchoChain Marketplace,Yes,6630,0,12,4973,Active,Not Returned,Yes,No,,0.0,213.42,3.83,85.4,4.7,North,Delhi,Recycled,LISTING_00234,Good,61200.0,41530.0,19670.0,32.14,0.68,Below Market Value
EC00235,PRD00235,Gaming,Gaming Laptop,Microsoft,2022-10-11,43470,39150,Like New,2,2027-07-11,19750,Individual,Individual,Local Dealer,Yes,2430,3,57,407,Expired,Not Returned,Yes,No,,0.0,159.62,2.23,56.5,3.3,East,Patna,Recycled,LISTING_00235,Like New,39150.0,19750.0,19400.0,49.55,0.5,Below Market Value
EC00236,PRD00236,Home Appliances,Microwave,LG,2021-11-14,118260,62930,Good,1,2022-11-14,68830,Individual,Individual,Cashify,No,0,3,12,7061,Active,Returned,Yes,No,,0.0,127.24,3.7,45.4,4.3,North,Noida,Refurbished,LISTING_00236,Good,62930.0,68830.0,-5900.0,-9.38,1.09,Above Market Value
EC00237,PRD00237,Cameras,Action Camera,GoPro,2025-08-28,132290,79870,Poor,1,2027-04-28,26020,Individual,Individual,OLX,No,0,1,20,10224,Expired,Not Returned,Yes,No,,0.0,189.86,7.45,43.4,4.2,East,Ranchi,Resold,LISTING_00237,Poor,79870.0,26020.0,53850.0,67.42,0.33,Below Market Value
EC00238,PRD00238,Gaming,Gaming Console,Meta,2024-06-02,5980,2850,Like New,3,2028-10-02,2740,Business,Business,Amazon Renewed,No,0,2,52,9575,Expired,Not Returned,Yes,No,,0.0,16.68,0.31,54.5,3.1,West,Ahmedabad,Resold,LISTING_00238,Like New,2850.0,2740.0,110.0,3.86,0.96,Below Market Value
EC00239,PRD00239,Smartphones,Xperia,Apple,2024-06-11,39610,37470,Like New,2,2028-08-11,16880,Individual,Business,OLX,Yes,3170,0,50,11313,Expired,Not Returned,No,No,,0.0,244.21,2.06,71.6,3.5,North,Delhi,Resold,LISTING_00239,Like New,37470.0,16880.0,20590.0,54.95,0.45,Below Market Value
EC00240,PRD00240,Furniture,Bookshelf,Urban Ladder,2022-11-15,45530,33470,Poor,2,2025-03-15,8990,Individual,Individual,Facebook Marketplace,Yes,6670,1,28,10773,Expired,Not Returned,Yes,No,,0.0,163.31,2.3,63.2,3.9,North,Noida,Refurbished,LISTING_00240,Poor,33470.0,8990.0,24480.0,73.14,0.27,Below Market Value
EC00241,PRD00241,Gaming,Controller,ASUS,2022-10-26,164170,128930,Fair,1,2027-07-26,36550,Individual,Individual,OLX,Yes,8440,3,57,2715,Extended,Not Returned,Yes,No,,0.0,876.88,11.42,51.5,3.3,South,Bengaluru,Recycled,LISTING_00241,Fair,128930.0,36550.0,92380.0,71.65,0.28,Below Market Value
EC00242,PRD00242,Gaming,Controller,Sony,2024-10-29,175370,81830,Good,5,2027-07-29,71250,Individual,Business,Amazon Renewed,No,0,2,33,499,Expired,Not Returned,Yes,Yes,2027-08-08,131.52,858.29,54.44,82.2,5.0,North,Noida,Resold,LISTING_00242,Good,81830.0,71250.0,10580.0,12.93,0.87,Below Market Value
EC00243,PRD00243,Smartphones,Galaxy S Series,Samsung,2025-08-23,26270,22560,Good,1,2030-02-23,8460,Individual,Individual,OLX,Yes,3240,0,54,3623,Expired,Not Returned,Yes,No,,0.0,68.49,1.74,53.1,3.1,West,Surat,Refurbished,LISTING_00243,Good,22560.0,8460.0,14100.0,62.5,0.38,Below Market Value
EC00244,PRD00244,Smartphones,iPhone,Sony,2025-06-20,97910,44260,Good,4,2029-04-20,39370,Business,Individual,Cashify,Yes,13840,1,46,11421,Expired,Returned,Yes,No,,0.0,529.36,5.78,72.0,3.8,South,Vijayawada,Recycled,LISTING_00244,Good,44260.0,39370.0,4890.0,11.05,0.89,Below Market Value
EC00245,PRD00245,Fashion,Jacket,Fossil,2025-02-04,18380,14750,Fair,4,2029-04-04,5200,Individual,Individual,Cashify,Yes,1180,0,50,2796,Expired,Not Returned,Yes,No,,0.0,52.24,0.31,80.4,3.8,West,Nagpur,Resold,LISTING_00245,Fair,14750.0,5200.0,9550.0,64.75,0.35,Below Market Value
EC00246,PRD00246,Smartphones,Xperia,Sony,2024-06-10,26110,13100,Good,2,2027-05-10,10380,Individual,Individual,OLX,No,0,0,35,7667,Extended,Not Returned,Yes,No,,0.0,95.31,0.4,57.5,4.5,West,Nagpur,Resold,LISTING_00246,Good,13100.0,10380.0,2720.0,20.76,0.79,Below Market Value
EC00247,PRD00247,Smartphones,Xperia,Sony,2025-09-12,85780,78400,Fair,2,2026-05-12,35170,Individual,Individual,Cashify,Yes,11920,2,8,8759,Active,Not Returned,Yes,No,,0.0,227.05,4.89,68.9,3.4,East,Bhubaneswar,Refurbished,LISTING_00247,Fair,78400.0,35170.0,43230.0,55.14,0.45,Below Market Value
EC00248,PRD00248,Cameras,Camcorder,Nikon,2024-02-11,38630,32010,Good,3,2024-05-11,23560,Individual,Individual,Facebook Marketplace,No,0,0,3,601,Active,Not Returned,Yes,No,,0.0,95.08,1.83,72.9,3.5,South,Bengaluru,Resold,LISTING_00248,Good,32010.0,23560.0,8450.0,26.4,0.74,Below Market Value
EC00249,PRD00249,Cameras,Action Camera,GoPro,2025-03-01,176190,114840,Good,1,2027-11-01,82710,Individual,Individual,Amazon Renewed,No,0,0,32,4049,Expired,Not Returned,Yes,No,,0.0,116.69,9.88,51.0,4.1,West,Mumbai,Resold,LISTING_00249,Good,114840.0,82710.0,32130.0,27.98,0.72,Below Market Value
EC00250,PRD00250,Furniture,Study Table,Urban Ladder,2022-03-18,52980,38510,Good,1,2024-07-18,24820,Individual,Individual,Local Dealer,Yes,1810,0,28,10168,Expired,Not Returned,Yes,Yes,2024-09-13,28.28,288.99,16.81,65.4,5.0,North,Jaipur,Refurbished,LISTING_00250,Good,38510.0,24820.0,13690.0,35.55,0.64,Below Market Value
EC00251,PRD00251,Laptops,MacBook Air,Dell,2022-07-18,69780,60970,Like New,2,2024-04-18,44230,Individual,Individual,Amazon Renewed,No,0,1,21,10214,Expired,Not Returned,No,No,,0.0,314.79,4.0,47.6,3.7,North,Jaipur,Resold,LISTING_00251,Like New,60970.0,44230.0,16740.0,27.46,0.73,Below Market Value
EC00252,PRD00252,Cameras,Action Camera,Panasonic,2024-07-15,213490,145550,Like New,2,2027-05-15,101380,Individual,Individual,Cashify,No,0,5,34,5983,Expired,Not Returned,Yes,No,,0.0,1264.98,7.51,52.0,4.3,North,Lucknow,Refurbished,LISTING_00252,Like New,145550.0,101380.0,44170.0,30.35,0.7,Below Market Value
EC00253,PRD00253,Fashion,Jacket,Adidas,2025-03-14,11600,7100,Like New,2,2028-02-14,6590,Individual,Business,Cashify,No,0,0,35,1667,Expired,Not Returned,Yes,Yes,2028-04-24,2.44,29.57,2.04,60.3,2.3,East,Patna,Resold,LISTING_00253,Like New,7100.0,6590.0,510.0,7.18,0.93,Below Market Value
EC00254,PRD00254,Smartphones,iPhone,Apple,2024-11-10,85050,60320,Good,2,2029-03-10,32620,Individual,Individual,Facebook Marketplace,Yes,12070,1,52,87,Expired,Not Returned,Yes,No,,0.0,265.1,3.54,63.2,2.5,North,Chandigarh,Recycled,LISTING_00254,Good,60320.0,32620.0,27700.0,45.92,0.54,Below Market Value
EC00255,PRD00255,Furniture,Office Chair,Urban Ladder,2024-11-11,65700,29980,Good,2,2027-06-11,27070,Individual,Business,Facebook Marketplace,No,0,0,31,8757,Expired,Not Returned,Yes,No,,0.0,304.55,2.26,51.5,4.3,West,Nagpur,Resold,LISTING_00255,Good,29980.0,27070.0,2910.0,9.71,0.9,Below Market Value
EC00256,PRD00256,Gaming,Controller,ASUS,2024-02-11,130700,122670,Good,4,2024-11-11,63170,Individual,Individual,Amazon Renewed,No,0,2,9,1418,Active,Not Returned,Yes,No,,0.0,375.77,5.8,63.0,4.0,North,Delhi,Refurbished,LISTING_00256,Good,122670.0,63170.0,59500.0,48.5,0.51,Below Market Value
EC00257,PRD00257,Laptops,ThinkPad,Acer,2025-06-25,30100,18280,Fair,2,2025-12-25,10690,Business,Business,Local Dealer,No,0,0,6,6709,Active,Not Returned,Yes,Yes,2026-02-08,10.43,140.71,9.04,71.4,4.0,North,Delhi,Refurbished,LISTING_00257,Fair,18280.0,10690.0,7590.0,41.52,0.58,Below Market Value
EC00258,PRD00258,Gaming,Monitor,Sony,2025-07-07,176800,98470,Good,3,2030-02-07,64410,Individual,Individual,Local Dealer,Yes,23490,0,55,1466,Extended,Not Returned,Yes,No,,0.0,1020.09,9.45,63.0,5.0,East,Bhubaneswar,Landfill,LISTING_00258,Good,98470.0,64410.0,34060.0,34.59,0.65,Below Market Value
EC00259,PRD00259,Gaming,Monitor,ASUS,2023-08-10,109630,103560,Good,1,2024-04-10,66060,Individual,Individual,OLX,Yes,9140,1,8,7435,Active,Not Returned,Yes,No,,0.0,516.59,2.97,56.9,3.4,East,Patna,Refurbished,LISTING_00259,Good,103560.0,66060.0,37500.0,36.21,0.64,Below Market Value
EC00260,PRD00260,Home Appliances,Refrigerator,IFB,2024-01-10,82980,39380,Good,2,2029-01-10,27360,Individual,Individual,EchoChain Marketplace,Yes,4810,2,60,11776,Extended,Not Returned,No,No,,0.0,202.42,4.65,59.5,3.9,East,Bhubaneswar,Refurbished,LISTING_00260,Good,39380.0,27360.0,12020.0,30.52,0.69,Below Market Value
EC00261,PRD00261,Gaming,Gaming Laptop,ASUS,2022-11-30,36190,25270,Like New,1,2027-04-30,14740,Individual,Individual,Cashify,No,0,2,53,1284,Extended,Not Returned,Yes,No,,0.0,24.61,0.5,41.7,4.2,North,Jaipur,Recycled,LISTING_00261,Like New,25270.0,14740.0,10530.0,41.67,0.58,Below Market Value
EC00262,PRD00262,Audio,Bluetooth Speaker,Sony,2021-04-23,24650,14950,Fair,2,2023-08-23,8660,Individual,Individual,Cashify,Yes,1230,1,28,1292,Expired,Not Returned,Yes,No,,0.0,133.63,1.56,66.7,3.3,North,Noida,Recycled,LISTING_00262,Fair,14950.0,8660.0,6290.0,42.07,0.58,Below Market Value
EC00263,PRD00263,Smartphones,iPhone,Samsung,2021-01-02,10080,7440,Good,2,2021-04-02,5910,Business,Business,OLX,No,0,3,3,11502,Active,Not Returned,Yes,Yes,2021-04-22,3.64,38.74,2.6,60.6,3.7,West,Surat,Resold,LISTING_00263,Good,7440.0,5910.0,1530.0,20.56,0.79,Below Market Value
EC00264,PRD00264,Gaming,VR Headset,ASUS,2022-10-04,119610,79200,Good,2,2026-11-04,46730,Individual,Individual,EchoChain Marketplace,Yes,16850,0,49,10398,Extended,Not Returned,Yes,No,,0.0,503.82,6.03,67.9,4.1,West,Pune,Resold,LISTING_00264,Good,79200.0,46730.0,32470.0,41.0,0.59,Below Market Value
EC00265,PRD00265,Laptops,Pavilion,Apple,2021-08-08,72100,65850,Fair,3,2024-11-08,23780,Individual,Individual,OLX,Yes,6920,0,39,3571,Expired,Not Returned,Yes,No,,0.0,318.62,2.68,72.1,3.2,South,Chennai,Landfill,LISTING_00265,Fair,65850.0,23780.0,42070.0,63.89,0.36,Below Market Value
EC00266,PRD00266,Gaming,Controller,Microsoft,2025-05-09,43090,24270,Good,3,2027-02-09,20880,Individual,Individual,Facebook Marketplace,Yes,5090,2,21,4839,Expired,Not Returned,Yes,No,,0.0,112.58,0.76,70.1,4.5,East,Bhubaneswar,Resold,LISTING_00266,Good,24270.0,20880.0,3390.0,13.97,0.86,Below Market Value
EC00267,PRD00267,Laptops,Pavilion,Apple,2023-05-05,39560,37360,Like New,4,2028-03-05,14860,Individual,Individual,Facebook Marketplace,No,0,2,58,999,Extended,Not Returned,Yes,No,,0.0,108.78,1.59,55.5,3.6,East,Guwahati,Resold,LISTING_00267,Like New,37360.0,14860.0,22500.0,60.22,0.4,Below Market Value
EC00268,PRD00268,Smartphones,Xperia,OnePlus,2025-10-26,125560,98280,Good,2,2029-11-26,52030,Individual,Individual,Local Dealer,No,0,2,49,2805,Extended,Not Returned,Yes,No,,0.0,503.01,3.29,56.1,4.2,West,Surat,Recycled,LISTING_00268,Good,98280.0,52030.0,46250.0,47.06,0.53,Below Market Value
EC00269,PRD00269,Gaming,Gaming Laptop,Meta,2024-06-02,144880,85850,Fair,3,2025-01-02,58650,Individual,Individual,EchoChain Marketplace,Yes,16820,0,7,3098,Active,Not Returned,Yes,No,,0.0,410.42,5.9,82.2,3.9,South,Kochi,Recycled,LISTING_00269,Fair,85850.0,58650.0,27200.0,31.68,0.68,Below Market Value
EC00270,PRD00270,Home Appliances,Refrigerator,Whirlpool,2022-01-20,98880,68700,Like New,2,2022-11-20,58780,Business,Business,Facebook Marketplace,Yes,7950,1,10,9229,Active,Not Returned,No,No,,0.0,186.61,5.5,71.0,5.0,North,Lucknow,Resold,LISTING_00270,Like New,68700.0,58780.0,9920.0,14.44,0.86,Below Market Value
EC00271,PRD00271,Smartphones,iPhone,Apple,2024-11-27,73370,69200,Fair,2,2025-08-27,28230,Individual,Individual,Local Dealer,No,0,0,9,2139,Active,Not Returned,Yes,No,,0.0,344.48,4.78,55.9,3.3,South,Bengaluru,Refurbished,LISTING_00271,Fair,69200.0,28230.0,40970.0,59.21,0.41,Below Market Value
EC00272,PRD00272,Audio,Smart Speaker,Sony,2025-07-20,36470,30340,Fair,2,2030-03-20,10120,Individual,Individual,Facebook Marketplace,Yes,2800,0,56,7825,Expired,Not Returned,Yes,No,,0.0,208.56,2.46,68.5,3.1,South,Hyderabad,Refurbished,LISTING_00272,Fair,30340.0,10120.0,20220.0,66.64,0.33,Below Market Value
EC00273,PRD00273,Smartphones,Xperia,Sony,2024-02-28,29860,18230,Good,3,2025-10-28,15650,Business,Business,EchoChain Marketplace,Yes,4550,0,20,11024,Expired,Not Returned,Yes,No,,0.0,125.65,1.7,64.4,3.6,North,Lucknow,Refurbished,LISTING_00273,Good,18230.0,15650.0,2580.0,14.15,0.86,Below Market Value
EC00274,PRD00274,Laptops,MacBook Air,Lenovo,2023-12-13,33010,31150,Fair,1,2024-04-13,12550,Individual,Individual,Amazon Renewed,No,0,2,4,2680,Active,Not Returned,Yes,No,,0.0,58.4,1.8,47.4,3.9,West,Ahmedabad,Resold,LISTING_00274,Fair,31150.0,12550.0,18600.0,59.71,0.4,Below Market Value
EC00275,PRD00275,Audio,Bluetooth Speaker,Boat,2025-09-04,31330,26290,Fair,2,2029-08-04,9110,Individual,Individual,Facebook Marketplace,No,0,0,47,7215,Expired,Not Returned,Yes,No,,0.0,125.28,1.08,46.1,4.8,North,Jaipur,Recycled,LISTING_00275,Fair,26290.0,9110.0,17180.0,65.35,0.35,Below Market Value
EC00276,PRD00276,Audio,Bluetooth Speaker,Boat,2022-12-31,28670,20300,Like New,1,2026-07-31,12690,Individual,Individual,Local Dealer,Yes,3600,1,43,8585,Expired,Not Returned,Yes,Yes,2026-08-25,24.42,131.62,9.18,73.9,4.3,North,Delhi,Refurbished,LISTING_00276,Like New,20300.0,12690.0,7610.0,37.49,0.63,Below Market Value
EC00277,PRD00277,Laptops,Pavilion,Lenovo,2025-08-23,42160,22740,Like New,1,2027-11-23,23030,Business,Individual,Local Dealer,Yes,5850,1,27,2457,Expired,Not Returned,Yes,No,,0.0,149.92,1.34,54.8,3.8,East,Kolkata,Refurbished,LISTING_00277,Like New,22740.0,23030.0,-290.0,-1.28,1.01,Above Market Value
EC00278,PRD00278,Laptops,IdeaPad,Apple,2025-09-30,55750,32770,Fair,3,2029-05-30,14760,Individual,Individual,OLX,No,0,0,44,100,Expired,Not Returned,Yes,No,,0.0,355.7,1.35,57.0,5.0,North,Lucknow,Refurbished,LISTING_00278,Fair,32770.0,14760.0,18010.0,54.96,0.45,Below Market Value
EC00279,PRD00279,Fashion,Backpack,Adidas,2024-12-10,25800,22630,Good,3,2028-06-10,9260,Individual,Individual,Amazon Renewed,No,0,3,42,1616,Expired,Not Returned,No,No,,0.0,74.58,2.03,52.4,3.8,South,Bengaluru,Resold,LISTING_00279,Good,22630.0,9260.0,13370.0,59.08,0.41,Below Market Value
EC00280,PRD00280,Laptops,MacBook Air,HP,2021-09-04,83200,59800,Good,1,2026-09-04,29020,Business,Individual,Local Dealer,Yes,5750,1,60,9956,Expired,Not Returned,Yes,No,,0.0,587.53,5.47,56.1,4.1,East,Guwahati,Refurbished,LISTING_00280,Good,59800.0,29020.0,30780.0,51.47,0.49,Below Market Value
EC00281,PRD00281,Laptops,Pavilion,Lenovo,2023-04-16,106760,76170,Good,3,2023-12-16,57850,Individual,Individual,Facebook Marketplace,Yes,16520,0,8,2725,Active,Not Returned,Yes,No,,0.0,459.57,4.45,77.0,3.6,North,Jaipur,Recycled,LISTING_00281,Good,76170.0,57850.0,18320.0,24.05,0.76,Below Market Value
EC00282,PRD00282,Home Appliances,Air Conditioner,LG,2025-01-02,69210,61040,Good,5,2029-05-02,22860,Individual,Individual,Facebook Marketplace,Yes,8830,0,52,4131,Expired,Not Returned,Yes,Yes,2029-06-27,56.08,282.53,13.84,87.2,3.7,South,Hyderabad,Recycled,LISTING_00282,Good,61040.0,22860.0,38180.0,62.55,0.37,Below Market Value
EC00283,PRD00283,Cameras,DSLR,Sony,2021-07-22,134310,98380,Fair,4,2022-05-22,50120,Individual,Individual,Local Dealer,No,0,1,10,1294,Active,Not Returned,Yes,No,,0.0,638.01,5.63,67.0,2.2,West,Ahmedabad,Resold,LISTING_00283,Fair,98380.0,50120.0,48260.0,49.05,0.51,Below Market Value
EC00284,PRD00284,Audio,Soundbar,JBL,2024-04-22,5080,4080,Fair,2,2026-10-22,1690,Individual,Individual,EchoChain Marketplace,Yes,340,0,30,11037,Expired,Not Returned,Yes,No,,0.0,11.6,0.22,67.3,4.2,West,Mumbai,Resold,LISTING_00284,Fair,4080.0,1690.0,2390.0,58.58,0.41,Below Market Value
EC00285,PRD00285,Cameras,Lens,Sony,2021-05-03,107750,52000,Like New,2,2025-12-03,49660,Individual,Individual,OLX,Yes,9200,0,55,5426,Expired,Not Returned,Yes,No,,0.0,611.3,2.59,58.6,4.2,North,Jaipur,Resold,LISTING_00285,Like New,52000.0,49660.0,2340.0,4.5,0.96,Below Market Value
EC00286,PRD00286,Gaming,Gaming Console,ASUS,2022-02-05,162460,86180,Good,1,2027-01-05,49490,Individual,Individual,EchoChain Marketplace,No,0,1,59,6212,Expired,Not Returned,Yes,Yes,2027-04-24,102.53,273.66,55.82,48.4,3.6,South,Chennai,Landfill,LISTING_00286,Good,86180.0,49490.0,36690.0,42.57,0.57,Below Market Value
EC00287,PRD00287,Home Appliances,Vacuum Cleaner,Whirlpool,2023-02-06,90810,52690,Like New,2,2024-05-06,53580,Individual,Individual,OLX,No,0,0,15,3779,Extended,Not Returned,Yes,Yes,2024-06-25,34.39,433.73,12.15,60.6,4.7,West,Mumbai,Resold,LISTING_00287,Like New,52690.0,53580.0,-890.0,-1.69,1.02,Above Market Value
EC00288,PRD00288,Home Appliances,Air Conditioner,Samsung,2021-10-21,79060,46480,Good,3,2024-09-21,36040,Individual,Individual,Cashify,Yes,4170,3,35,6118,Extended,Not Returned,No,No,,0.0,345.56,1.28,63.7,4.5,East,Patna,Recycled,LISTING_00288,Good,46480.0,36040.0,10440.0,22.46,0.78,Below Market Value
EC00289,PRD00289,Laptops,Pavilion,Lenovo,2021-10-07,81060,72250,Fair,1,2023-06-07,26810,Individual,Business,Local Dealer,No,0,1,20,6637,Expired,Not Returned,No,No,,0.0,73.41,4.82,44.6,2.7,South,Chennai,Recycled,LISTING_00289,Fair,72250.0,26810.0,45440.0,62.89,0.37,Below Market Value
EC00290,PRD00290,Laptops,Inspiron,Dell,2023-06-03,40350,36500,Good,1,2028-02-03,15110,Individual,Individual,Facebook Marketplace,Yes,5730,4,56,7134,Expired,Not Returned,Yes,No,,0.0,151.34,1.08,57.6,4.7,South,Bengaluru,Resold,LISTING_00290,Good,36500.0,15110.0,21390.0,58.6,0.41,Below Market Value
EC00291,PRD00291,Smartphones,Galaxy S Series,Sony,2025-06-22,53480,41550,Good,3,2029-06-22,18640,Individual,Individual,Local Dealer,No,0,4,48,10867,Extended,Not Returned,Yes,Yes,2029-09-15,31.84,285.73,8.6,62.3,4.4,South,Hyderabad,Resold,LISTING_00291,Good,41550.0,18640.0,22910.0,55.14,0.45,Below Market Value
EC00292,PRD00292,Fashion,Denim,Puma,2021-07-17,40020,32080,Good,2,2025-06-17,15280,Individual,Individual,Local Dealer,No,0,2,47,9265,Expired,Not Returned,Yes,Yes,2025-10-02,20.16,102.88,5.23,71.7,2.7,South,Kochi,Refurbished,LISTING_00292,Good,32080.0,15280.0,16800.0,52.37,0.48,Below Market Value
EC00293,PRD00293,Home Appliances,Microwave,Samsung,2023-09-09,68960,42620,Good,2,2027-08-09,27090,Business,Individual,Local Dealer,No,0,1,47,431,Expired,Not Returned,Yes,No,,0.0,444.34,1.78,55.2,2.9,West,Pune,Recycled,LISTING_00293,Good,42620.0,27090.0,15530.0,36.44,0.64,Below Market Value
EC00294,PRD00294,Laptops,Inspiron,HP,2025-03-15,173010,96590,Good,2,2029-04-15,57810,Individual,Business,EchoChain Marketplace,No,0,2,49,2740,Expired,Not Returned,Yes,Yes,2029-06-23,134.51,776.89,64.87,65.5,4.4,East,Guwahati,Resold,LISTING_00294,Good,96590.0,57810.0,38780.0,40.15,0.6,Below Market Value
EC00295,PRD00295,Smartphones,OnePlus,Apple,2023-01-22,12250,11220,Good,1,2026-01-22,5360,Individual,Individual,EchoChain Marketplace,No,0,2,36,8995,Extended,Not Returned,Yes,No,,0.0,19.28,0.25,51.7,3.9,North,Lucknow,Refurbished,LISTING_00295,Good,11220.0,5360.0,5860.0,52.23,0.48,Below Market Value
EC00296,PRD00296,Laptops,Pavilion,Apple,2021-05-24,138790,79690,Good,1,2025-08-24,52750,Individual,Individual,OLX,Yes,17260,2,51,642,Expired,Not Returned,Yes,No,,0.0,585.61,9.9,48.3,3.9,South,Bengaluru,Resold,LISTING_00296,Good,79690.0,52750.0,26940.0,33.81,0.66,Below Market Value
EC00297,PRD00297,Smartphones,Xperia,Apple,2022-09-01,134560,68240,Good,3,2025-05-01,64400,Individual,Individual,Cashify,No,0,2,32,6063,Extended,Not Returned,Yes,No,,0.0,391.82,6.8,52.2,3.6,South,Hyderabad,Resold,LISTING_00297,Good,68240.0,64400.0,3840.0,5.63,0.94,Below Market Value
EC00298,PRD00298,Smartphones,Galaxy S Series,Sony,2024-05-09,128330,64380,Fair,2,2029-02-09,32380,Business,Individual,Cashify,No,0,0,57,2037,Expired,Not Returned,No,No,,0.0,612.12,4.33,42.0,3.4,West,Mumbai,Resold,LISTING_00298,Fair,64380.0,32380.0,32000.0,49.7,0.5,Below Market Value
EC00299,PRD00299,Smartphones,Galaxy S Series,Sony,2024-02-22,104640,98580,Fair,2,2028-04-22,24890,Individual,Individual,OLX,No,0,1,50,7523,Expired,Not Returned,Yes,No,,0.0,253.65,2.67,44.7,3.0,North,Delhi,Recycled,LISTING_00299,Fair,98580.0,24890.0,73690.0,74.75,0.25,Below Market Value
EC00300,PRD00300,Home Appliances,Washing Machine,LG,2021-07-06,56240,38180,Fair,4,2023-03-06,21070,Individual,Individual,EchoChain Marketplace,Yes,3370,1,20,8086,Expired,Not Returned,Yes,No,,0.0,233.26,3.52,86.4,5.0,South,Bengaluru,Refurbished,LISTING_00300,Fair,38180.0,21070.0,17110.0,44.81,0.55,Below Market Value
EC00301,PRD00301,Cameras,DSLR,Panasonic,2024-09-11,207800,196170,Like New,1,2028-12-11,92890,Individual,Individual,Amazon Renewed,No,0,1,51,2523,Expired,Not Returned,Yes,No,,0.0,175.95,15.09,37.4,5.0,East,Kolkata,Resold,LISTING_00301,Like New,196170.0,92890.0,103280.0,52.65,0.47,Below Market Value
EC00302,PRD00302,Laptops,ThinkPad,Apple,2022-04-09,112650,72320,Good,2,2025-04-09,43880,Individual,Individual,Cashify,No,0,0,36,8503,Expired,Not Returned,Yes,No,,0.0,448.97,3.85,57.5,3.5,East,Ranchi,Refurbished,LISTING_00302,Good,72320.0,43880.0,28440.0,39.33,0.61,Below Market Value
EC00303,PRD00303,Laptops,MacBook Air,Apple,2024-10-04,65680,44520,Good,1,2029-09-04,21860,Individual,Individual,Cashify,No,0,0,59,4057,Expired,Not Returned,Yes,No,,0.0,106.51,4.87,37.4,4.6,West,Nagpur,Recycled,LISTING_00303,Good,44520.0,21860.0,22660.0,50.9,0.49,Below Market Value
EC00304,PRD00304,Smartphones,OnePlus,OnePlus,2025-11-30,125920,72440,Good,1,2028-09-30,53950,Individual,Individual,Cashify,No,0,1,34,1620,Expired,Not Returned,Yes,No,,0.0,172.72,6.13,43.6,4.5,West,Ahmedabad,Refurbished,LISTING_00304,Good,72440.0,53950.0,18490.0,25.52,0.74,Below Market Value
EC00305,PRD00305,Furniture,Dining Set,Wakefit,2022-10-22,12810,8350,Good,1,2025-12-22,5870,Business,Individual,Local Dealer,No,0,0,38,8050,Extended,Not Returned,Yes,No,,0.0,14.81,0.9,42.5,3.6,North,Delhi,Resold,LISTING_00305,Good,8350.0,5870.0,2480.0,29.7,0.7,Below Market Value
EC00306,PRD00306,Smartphones,Xperia,Google,2023-02-03,37830,35440,Good,1,2027-11-03,13590,Business,Individual,Amazon Renewed,No,0,1,57,472,Expired,Not Returned,No,No,,0.0,61.34,2.35,42.1,3.7,South,Chennai,Landfill,LISTING_00306,Good,35440.0,13590.0,21850.0,61.65,0.38,Below Market Value
EC00307,PRD00307,Furniture,Sofa,Godrej,2023-08-13,15980,8240,Fair,2,2024-08-13,5750,Business,Individual,EchoChain Marketplace,No,0,0,12,8283,Active,Not Returned,Yes,No,,0.0,47.81,0.62,57.9,3.9,South,Chennai,Refurbished,LISTING_00307,Fair,8240.0,5750.0,2490.0,30.22,0.7,Below Market Value
EC00308,PRD00308,Cameras,Action Camera,Canon,2022-02-07,86140,52320,Fair,3,2023-09-07,27030,Individual,Individual,OLX,Yes,9520,1,19,511,Expired,Not Returned,Yes,No,,0.0,223.5,3.77,74.8,4.0,East,Ranchi,Refurbished,LISTING_00308,Fair,52320.0,27030.0,25290.0,48.34,0.52,Below Market Value
EC00309,PRD00309,Gaming,Monitor,Meta,2024-10-01,28310,15560,Fair,3,2027-10-01,7600,Business,Business,EchoChain Marketplace,No,0,0,36,11087,Expired,Not Returned,Yes,No,,0.0,127.75,1.06,60.3,3.2,North,Delhi,Recycled,LISTING_00309,Fair,15560.0,7600.0,7960.0,51.16,0.49,Below Market Value
EC00310,PRD00310,Smartphones,Xperia,Google,2025-03-15,40580,21940,Good,3,2028-04-15,15240,Individual,Individual,OLX,Yes,5160,1,37,5607,Expired,Not Returned,Yes,No,,0.0,229.11,2.68,76.4,5.0,West,Surat,Landfill,LISTING_00310,Good,21940.0,15240.0,6700.0,30.54,0.69,Below Market Value
EC00311,PRD00311,Smartphones,OnePlus,OnePlus,2021-05-27,84210,68350,Good,3,2022-11-27,42040,Individual,Individual,Cashify,No,0,1,18,1075,Expired,Not Returned,Yes,No,,0.0,192.03,6.02,66.2,3.1,West,Surat,Refurbished,LISTING_00311,Good,68350.0,42040.0,26310.0,38.49,0.62,Below Market Value
EC00312,PRD00312,Laptops,Inspiron,Dell,2024-03-17,59110,35500,Good,3,2028-11-17,22560,Business,Individual,Cashify,No,0,0,56,8632,Extended,Not Returned,Yes,No,,0.0,173.88,3.24,65.5,4.0,South,Chennai,Resold,LISTING_00312,Good,35500.0,22560.0,12940.0,36.45,0.64,Below Market Value
EC00313,PRD00313,Smartphones,Xperia,Apple,2023-05-14,121930,111990,Like New,2,2023-08-14,94590,Individual,Individual,OLX,No,0,0,3,5504,Active,Not Returned,Yes,No,,0.0,350.47,6.35,54.4,4.7,East,Kolkata,Resold,LISTING_00313,Like New,111990.0,94590.0,17400.0,15.54,0.84,Below Market Value
EC00314,PRD00314,Smartphones,OnePlus,Sony,2025-10-01,49120,45600,Good,1,2029-02-01,17910,Individual,Business,OLX,No,0,3,40,2398,Expired,Not Returned,No,No,,0.0,97.54,3.3,42.1,3.7,West,Mumbai,Resold,LISTING_00314,Good,45600.0,17910.0,27690.0,60.72,0.39,Below Market Value
EC00315,PRD00315,Laptops,MacBook Air,Acer,2022-05-04,90820,66970,Fair,1,2023-06-04,30480,Individual,Individual,Local Dealer,No,0,0,13,4408,Expired,Not Returned,Yes,No,,0.0,74.42,1.69,44.9,3.0,North,Lucknow,Resold,LISTING_00315,Fair,66970.0,30480.0,36490.0,54.49,0.46,Below Market Value
EC00316,PRD00316,Smartphones,Pixel,Apple,2023-07-18,69330,55360,Good,1,2026-06-18,29180,Individual,Individual,OLX,No,0,2,35,6006,Expired,Not Returned,Yes,No,,0.0,61.36,2.03,41.5,3.3,West,Surat,Recycled,LISTING_00316,Good,55360.0,29180.0,26180.0,47.29,0.53,Below Market Value
EC00317,PRD00317,Laptops,MacBook Air,Apple,2025-07-22,144120,74020,Good,2,2028-12-22,54140,Individual,Individual,Local Dealer,No,0,2,41,9587,Expired,Not Returned,Yes,No,,0.0,759.34,11.32,57.1,4.3,West,Surat,Recycled,LISTING_00317,Good,74020.0,54140.0,19880.0,26.86,0.73,Below Market Value
EC00318,PRD00318,Laptops,Inspiron,Apple,2022-07-05,67320,43710,Like New,2,2026-09-05,28990,Individual,Individual,EchoChain Marketplace,No,0,0,50,4960,Expired,Not Returned,Yes,No,,0.0,215.65,1.16,44.3,4.2,East,Ranchi,Resold,LISTING_00318,Like New,43710.0,28990.0,14720.0,33.68,0.66,Below Market Value
EC00319,PRD00319,Home Appliances,Refrigerator,LG,2021-12-04,83240,58660,Good,4,2022-03-04,43160,Individual,Individual,Amazon Renewed,Yes,5520,1,3,9689,Active,Not Returned,Yes,Yes,2022-05-20,62.72,180.24,18.6,88.8,4.3,West,Mumbai,Resold,LISTING_00319,Good,58660.0,43160.0,15500.0,26.42,0.74,Below Market Value
EC00320,PRD00320,Furniture,Sofa,Wakefit,2023-05-22,30250,21290,Fair,1,2028-03-22,8230,Individual,Individual,Facebook Marketplace,Yes,960,1,58,10432,Expired,Not Returned,Yes,No,,0.0,100.52,2.23,49.0,2.9,East,Ranchi,Resold,LISTING_00320,Fair,21290.0,8230.0,13060.0,61.34,0.39,Below Market Value
EC00321,PRD00321,Fashion,Watch,Nike,2022-10-03,2080,1830,Like New,2,2023-10-03,1470,Individual,Individual,OLX,No,0,2,12,9377,Active,Not Returned,Yes,Yes,2024-01-10,1.6,7.82,0.73,55.1,4.3,South,Bengaluru,Resold,LISTING_00321,Like New,1830.0,1470.0,360.0,19.67,0.8,Below Market Value
EC00322,PRD00322,Fashion,Backpack,Fossil,2025-12-08,26740,21110,Like New,3,2030-06-08,10660,Individual,Individual,EchoChain Marketplace,Yes,1540,3,54,6702,Expired,Not Returned,Yes,Yes,2030-07-12,19.29,64.74,7.89,81.6,3.5,North,Jaipur,Resold,LISTING_00322,Like New,21110.0,10660.0,10450.0,49.5,0.5,Below Market Value
EC00323,PRD00323,Laptops,ThinkPad,Apple,2022-04-18,146050,92080,Good,1,2025-07-18,53410,Individual,Individual,Amazon Renewed,Yes,21800,0,39,1308,Expired,Not Returned,Yes,No,,0.0,350.06,10.88,52.9,4.9,North,Jaipur,Refurbished,LISTING_00323,Good,92080.0,53410.0,38670.0,42.0,0.58,Below Market Value
EC00324,PRD00324,Gaming,Monitor,ASUS,2021-05-31,83060,42880,Poor,4,2022-05-31,20390,Business,Individual,EchoChain Marketplace,No,0,2,12,2823,Active,Not Returned,Yes,No,,0.0,167.33,3.3,80.2,3.8,East,Patna,Recycled,LISTING_00324,Poor,42880.0,20390.0,22490.0,52.45,0.48,Below Market Value
EC00325,PRD00325,Smartphones,Pixel,Sony,2024-12-09,86310,78190,Good,1,2029-05-09,28780,Individual,Business,EchoChain Marketplace,Yes,8800,0,53,6955,Expired,Not Returned,Yes,No,,0.0,561.07,3.39,54.6,5.0,East,Bhubaneswar,Recycled,LISTING_00325,Good,78190.0,28780.0,49410.0,63.19,0.37,Below Market Value
EC00326,PRD00326,Fashion,Jacket,Adidas,2024-08-14,6020,3190,Poor,1,2026-09-14,1290,Individual,Individual,Cashify,No,0,0,25,5847,Expired,Not Returned,Yes,Yes,2026-11-26,3.76,7.43,1.48,53.5,2.4,North,Chandigarh,Recycled,LISTING_00326,Poor,3190.0,1290.0,1900.0,59.56,0.4,Below Market Value
EC00327,PRD00327,Smartphones,Galaxy S Series,Apple,2025-06-23,28170,19920,Fair,2,2027-09-23,9560,Individual,Individual,Amazon Renewed,No,0,0,27,3626,Expired,Not Returned,Yes,No,,0.0,144.59,1.3,52.4,4.3,South,Hyderabad,Landfill,LISTING_00327,Fair,19920.0,9560.0,10360.0,52.01,0.48,Below Market Value
EC00328,PRD00328,Home Appliances,Vacuum Cleaner,Whirlpool,2021-09-20,41590,20990,Good,2,2022-10-20,20650,Business,Individual,Local Dealer,No,0,0,13,1696,Expired,Not Returned,Yes,No,,0.0,132.82,2.3,52.1,4.6,South,Vijayawada,Refurbished,LISTING_00328,Good,20990.0,20650.0,340.0,1.62,0.98,Below Market Value
EC00329,PRD00329,Home Appliances,Air Conditioner,LG,2025-11-23,55060,45420,Like New,2,2030-01-23,24770,Individual,Individual,Cashify,No,0,4,50,2355,Expired,Not Returned,Yes,No,,0.0,263.32,1.65,51.8,4.9,West,Mumbai,Resold,LISTING_00329,Like New,45420.0,24770.0,20650.0,45.46,0.55,Below Market Value
EC00330,PRD00330,Smartphones,Xperia,Apple,2021-05-24,26620,21720,Good,2,2024-02-24,11960,Individual,Individual,Local Dealer,No,0,2,33,949,Expired,Not Returned,Yes,No,,0.0,133.72,0.56,48.0,3.9,South,Kochi,Recycled,LISTING_00330,Good,21720.0,11960.0,9760.0,44.94,0.55,Below Market Value
EC00331,PRD00331,Home Appliances,Microwave,LG,2021-12-12,65270,60210,Fair,1,2023-06-12,25360,Individual,Individual,EchoChain Marketplace,Yes,7380,0,18,2032,Expired,Not Returned,Yes,No,,0.0,277.3,3.8,68.6,2.9,South,Bengaluru,Resold,LISTING_00331,Fair,60210.0,25360.0,34850.0,57.88,0.42,Below Market Value
EC00332,PRD00332,Cameras,Camcorder,GoPro,2022-09-16,21240,14450,Fair,2,2027-06-16,4730,Business,Individual,Local Dealer,Yes,2930,1,57,11865,Extended,Not Returned,Yes,No,,0.0,95.93,1.66,65.3,2.6,East,Kolkata,Refurbished,LISTING_00332,Fair,14450.0,4730.0,9720.0,67.27,0.33,Below Market Value
EC00333,PRD00333,Smartphones,Pixel,OnePlus,2023-10-14,28280,16260,Good,2,2025-02-14,13290,Individual,Individual,Facebook Marketplace,Yes,4440,1,16,1439,Expired,Not Returned,Yes,No,,0.0,53.76,2.04,68.4,4.7,South,Chennai,Resold,LISTING_00333,Good,16260.0,13290.0,2970.0,18.27,0.82,Below Market Value
EC00334,PRD00334,Home Appliances,Vacuum Cleaner,IFB,2025-05-15,101890,50720,Good,2,2030-02-15,30990,Individual,Individual,Amazon Renewed,No,0,0,57,8154,Expired,Not Returned,Yes,No,,0.0,519.6,2.37,41.5,4.0,West,Surat,Resold,LISTING_00334,Good,50720.0,30990.0,19730.0,38.9,0.61,Below Market Value
EC00335,PRD00335,Smartphones,Pixel,Apple,2023-05-31,139410,87700,Fair,2,2028-05-31,32220,Business,Individual,EchoChain Marketplace,No,0,0,60,10665,Expired,Not Returned,Yes,No,,0.0,889.52,8.64,48.2,2.2,South,Vijayawada,Resold,LISTING_00335,Fair,87700.0,32220.0,55480.0,63.26,0.37,Below Market Value
EC00336,PRD00336,Fashion,Backpack,Puma,2021-01-02,36210,17070,Good,2,2024-08-02,14340,Individual,Business,OLX,Yes,4560,1,43,9245,Expired,Returned,Yes,No,,0.0,106.04,0.66,64.2,3.1,East,Kolkata,Refurbished,LISTING_00336,Good,17070.0,14340.0,2730.0,15.99,0.84,Below Market Value
EC00337,PRD00337,Fashion,Sneakers,Adidas,2023-06-16,22200,11460,Fair,5,2027-05-16,6410,Individual,Individual,EchoChain Marketplace,No,0,1,47,5700,Expired,Not Returned,Yes,Yes,2027-07-07,19.34,85.19,7.82,79.3,4.1,East,Bhubaneswar,Resold,LISTING_00337,Fair,11460.0,6410.0,5050.0,44.07,0.56,Below Market Value
EC00338,PRD00338,Cameras,Action Camera,Sony,2024-08-20,22700,10670,Good,2,2025-06-20,10710,Individual,Individual,EchoChain Marketplace,Yes,3590,3,10,3360,Active,Not Returned,Yes,No,,0.0,96.82,0.44,71.9,3.1,West,Nagpur,Resold,LISTING_00338,Good,10670.0,10710.0,-40.0,-0.37,1.0,Above Market Value
EC00339,PRD00339,Audio,Soundbar,JBL,2021-09-11,5170,4490,Good,3,2026-08-11,1550,Individual,Business,OLX,No,0,3,59,747,Expired,Not Returned,Yes,No,,0.0,13.21,0.39,47.0,4.6,East,Bhubaneswar,Recycled,LISTING_00339,Good,4490.0,1550.0,2940.0,65.48,0.35,Below Market Value
EC00340,PRD00340,Gaming,Gaming Console,Lenovo,2025-08-03,58210,43940,Fair,2,2030-01-03,13710,Individual,Business,Facebook Marketplace,No,0,0,53,4440,Expired,Returned,Yes,Yes,2030-01-15,20.1,203.63,13.37,55.1,4.6,East,Ranchi,Resold,LISTING_00340,Fair,43940.0,13710.0,30230.0,68.8,0.31,Below Market Value
EC00341,PRD00341,Home Appliances,Microwave,LG,2022-03-29,17270,13980,Poor,1,2025-06-29,3150,Individual,Individual,OLX,No,0,1,39,2158,Expired,Not Returned,Yes,No,,0.0,21.38,0.62,34.7,3.1,South,Bengaluru,Resold,LISTING_00341,Poor,13980.0,3150.0,10830.0,77.47,0.23,Below Market Value
EC00342,PRD00342,Fashion,Jacket,Levi's,2023-11-27,15530,14510,Good,3,2025-02-27,8790,Individual,Individual,Cashify,No,0,2,15,8418,Expired,Not Returned,No,No,,0.0,46.74,0.59,62.3,4.0,South,Hyderabad,Refurbished,LISTING_00342,Good,14510.0,8790.0,5720.0,39.42,0.61,Below Market Value
EC00343,PRD00343,Smartphones,Xperia,Apple,2024-03-29,138080,130250,Fair,3,2026-02-28,41970,Individual,Individual,EchoChain Marketplace,No,0,1,23,9012,Expired,Not Returned,No,No,,0.0,388.33,3.8,62.5,3.0,South,Kochi,Refurbished,LISTING_00343,Fair,130250.0,41970.0,88280.0,67.78,0.32,Below Market Value
EC00344,PRD00344,Smartphones,Galaxy S Series,Samsung,2023-10-12,35690,21820,Good,2,2027-04-12,14730,Business,Individual,EchoChain Marketplace,Yes,2550,1,42,4769,Expired,Not Returned,No,No,,0.0,83.59,1.72,63.3,3.8,South,Chennai,Landfill,LISTING_00344,Good,21820.0,14730.0,7090.0,32.49,0.68,Below Market Value
EC00345,PRD00345,Audio,Wireless Earbuds,JBL,2021-01-09,19850,13780,Like New,2,2021-07-09,14460,Business,Business,EchoChain Marketplace,No,0,1,6,8730,Active,Not Returned,Yes,No,,0.0,54.34,1.36,64.6,2.4,East,Kolkata,Resold,LISTING_00345,Like New,13780.0,14460.0,-680.0,-4.93,1.05,Above Market Value
EC00346,PRD00346,Fashion,Jacket,Adidas,2024-06-10,11480,10040,Good,3,2027-09-10,4490,Individual,Individual,Cashify,No,0,2,39,5612,Expired,Not Returned,Yes,Yes,2028-01-03,7.57,71.03,3.11,78.1,2.8,East,Kolkata,Resold,LISTING_00346,Good,10040.0,4490.0,5550.0,55.28,0.45,Below Market Value
EC00347,PRD00347,Audio,Bluetooth Speaker,JBL,2024-01-28,49270,36770,Good,2,2024-10-28,27590,Individual,Individual,Cashify,No,0,3,9,6320,Active,Not Returned,Yes,Yes,2024-11-21,16.05,113.21,6.58,72.8,3.9,South,Hyderabad,Recycled,LISTING_00347,Good,36770.0,27590.0,9180.0,24.97,0.75,Below Market Value
EC00348,PRD00348,Cameras,Action Camera,Nikon,2025-08-10,149850,104350,Poor,4,2027-06-10,32640,Business,Individual,Facebook Marketplace,Yes,9790,0,22,1783,Extended,Not Returned,Yes,Yes,2027-08-30,101.0,656.94,39.08,89.4,3.8,West,Nagpur,Refurbished,LISTING_00348,Poor,104350.0,32640.0,71710.0,68.72,0.31,Below Market Value
EC00349,PRD00349,Home Appliances,Vacuum Cleaner,Daikin,2023-03-27,107540,68580,Good,2,2023-07-27,65620,Individual,Individual,Local Dealer,No,0,0,4,2750,Active,Not Returned,Yes,No,,0.0,457.55,3.68,62.3,3.6,North,Jaipur,Resold,LISTING_00349,Good,68580.0,65620.0,2960.0,4.32,0.96,Below Market Value
EC00350,PRD00350,Audio,Smart Speaker,Sennheiser,2021-07-27,25390,14000,Fair,2,2022-10-27,9750,Individual,Business,Amazon Renewed,No,0,0,15,10561,Expired,Not Returned,Yes,No,,0.0,70.28,2.01,55.9,2.3,South,Hyderabad,Resold,LISTING_00350,Fair,14000.0,9750.0,4250.0,30.36,0.7,Below Market Value
EC00351,PRD00351,Fashion,Sneakers,Adidas,2024-02-29,39590,25170,Good,1,2024-08-29,22030,Individual,Individual,OLX,No,0,0,6,1288,Active,Not Returned,Yes,No,,0.0,26.34,2.61,48.6,3.4,West,Surat,Recycled,LISTING_00351,Good,25170.0,22030.0,3140.0,12.48,0.88,Below Market Value
EC00352,PRD00352,Smartphones,OnePlus,Google,2022-02-08,114510,108100,Good,1,2022-09-08,64470,Business,Individual,Facebook Marketplace,No,0,0,7,4247,Active,Not Returned,Yes,No,,0.0,101.07,4.57,56.9,4.5,West,Nagpur,Refurbished,LISTING_00352,Good,108100.0,64470.0,43630.0,40.36,0.6,Below Market Value
EC00353,PRD00353,Gaming,Controller,Microsoft,2021-06-01,143790,95680,Good,1,2022-01-01,84880,Individual,Individual,EchoChain Marketplace,Yes,21430,0,7,3027,Active,Not Returned,Yes,Yes,2022-02-05,86.46,300.5,27.81,73.3,5.0,South,Hyderabad,Resold,LISTING_00353,Good,95680.0,84880.0,10800.0,11.29,0.89,Below Market Value
EC00354,PRD00354,Home Appliances,Vacuum Cleaner,Samsung,2021-02-23,55870,52560,Fair,5,2024-12-23,14710,Individual,Individual,Facebook Marketplace,No,0,3,46,11118,Expired,Not Returned,Yes,No,,0.0,338.73,0.81,75.3,3.4,East,Patna,Resold,LISTING_00354,Fair,52560.0,14710.0,37850.0,72.01,0.28,Below Market Value
EC00355,PRD00355,Furniture,Bookshelf,Wakefit,2024-02-18,78820,62020,Good,5,2025-02-18,45600,Individual,Individual,OLX,No,0,4,12,4857,Active,Not Returned,Yes,No,,0.0,274.94,1.51,77.4,4.6,North,Chandigarh,Refurbished,LISTING_00355,Good,62020.0,45600.0,16420.0,26.48,0.74,Below Market Value
EC00356,PRD00356,Home Appliances,Vacuum Cleaner,Whirlpool,2025-08-24,117120,100990,Good,5,2027-02-24,62220,Individual,Business,Amazon Renewed,Yes,7930,1,18,4773,Expired,Not Returned,Yes,No,,0.0,367.79,8.63,93.8,3.6,West,Surat,Refurbished,LISTING_00356,Good,100990.0,62220.0,38770.0,38.39,0.62,Below Market Value
EC00357,PRD00357,Laptops,ThinkPad,HP,2022-09-20,57780,54570,Good,4,2025-01-20,25530,Individual,Individual,OLX,No,0,2,28,636,Extended,Not Returned,Yes,No,,0.0,258.61,3.26,65.0,3.2,North,Noida,Resold,LISTING_00357,Good,54570.0,25530.0,29040.0,53.22,0.47,Below Market Value
EC00358,PRD00358,Home Appliances,Microwave,LG,2022-08-10,89750,73520,Good,3,2026-12-10,30210,Individual,Individual,EchoChain Marketplace,Yes,12750,1,52,10342,Expired,Not Returned,Yes,No,,0.0,374.35,1.94,62.1,3.9,North,Jaipur,Resold,LISTING_00358,Good,73520.0,30210.0,43310.0,58.91,0.41,Below Market Value
EC00359,PRD00359,Smartphones,Xperia,OnePlus,2025-07-07,62550,56160,Fair,1,2026-07-07,24000,Individual,Individual,Local Dealer,No,0,0,12,1920,Active,Not Returned,No,No,,0.0,57.44,1.68,52.3,2.4,West,Surat,Resold,LISTING_00359,Fair,56160.0,24000.0,32160.0,57.26,0.43,Below Market Value
EC00360,PRD00360,Smartphones,iPhone,Apple,2024-12-14,29140,23840,Fair,2,2027-07-14,8190,Individual,Individual,Facebook Marketplace,Yes,3340,0,31,8215,Expired,Returned,Yes,No,,0.0,141.95,1.56,60.8,3.3,North,Delhi,Resold,LISTING_00360,Fair,23840.0,8190.0,15650.0,65.65,0.34,Below Market Value
EC00361,PRD00361,Fashion,Denim,Levi's,2024-12-16,13060,6200,Good,1,2028-12-16,5380,Individual,Business,Local Dealer,Yes,1380,1,48,7363,Expired,Not Returned,Yes,No,,0.0,57.14,0.35,53.6,3.6,South,Kochi,Landfill,LISTING_00361,Good,6200.0,5380.0,820.0,13.23,0.87,Below Market Value
EC00362,PRD00362,Home Appliances,Vacuum Cleaner,IFB,2021-04-14,71990,54090,Good,2,2026-03-14,22270,Business,Individual,EchoChain Marketplace,No,0,0,59,8675,Expired,Not Returned,No,No,,0.0,207.33,2.81,46.6,5.0,North,Delhi,Resold,LISTING_00362,Good,54090.0,22270.0,31820.0,58.83,0.41,Below Market Value
EC00363,PRD00363,Cameras,Mirrorless Camera,Panasonic,2021-09-11,164430,127510,Fair,3,2024-01-11,53970,Individual,Individual,OLX,Yes,14660,0,28,1952,Expired,Not Returned,Yes,No,,0.0,855.42,12.49,65.6,3.8,South,Bengaluru,Refurbished,LISTING_00363,Fair,127510.0,53970.0,73540.0,57.67,0.42,Below Market Value
EC00364,PRD00364,Smartphones,iPhone,Apple,2024-06-04,41140,24120,Fair,1,2026-12-04,13920,Individual,Individual,Facebook Marketplace,No,0,1,30,4359,Expired,Not Returned,Yes,Yes,2027-02-18,21.72,74.09,14.59,66.0,3.6,East,Kolkata,Refurbished,LISTING_00364,Fair,24120.0,13920.0,10200.0,42.29,0.58,Below Market Value
EC00365,PRD00365,Smartphones,iPhone,Apple,2024-02-10,21670,17520,Fair,2,2028-08-10,5770,Business,Individual,Facebook Marketplace,No,0,0,54,1147,Expired,Not Returned,Yes,No,,0.0,137.04,0.89,47.3,3.5,North,Jaipur,Refurbished,LISTING_00365,Fair,17520.0,5770.0,11750.0,67.07,0.33,Below Market Value
EC00366,PRD00366,Smartphones,iPhone,Samsung,2022-05-25,95460,60390,Good,3,2026-02-25,38930,Individual,Individual,Amazon Renewed,No,0,1,45,7409,Expired,Returned,Yes,No,,0.0,448.54,2.5,61.0,4.6,North,Jaipur,Resold,LISTING_00366,Good,60390.0,38930.0,21460.0,35.54,0.64,Below Market Value
EC00367,PRD00367,Home Appliances,Vacuum Cleaner,IFB,2025-02-05,11140,8320,Good,1,2029-11-05,4200,Individual,Business,OLX,Yes,580,3,57,1541,Expired,Not Returned,Yes,No,,0.0,33.33,0.59,47.9,3.7,East,Bhubaneswar,Resold,LISTING_00367,Good,8320.0,4200.0,4120.0,49.52,0.5,Below Market Value
EC00368,PRD00368,Laptops,IdeaPad,Dell,2021-04-09,178980,90530,Good,4,2025-03-09,61980,Individual,Individual,Cashify,No,0,1,47,7028,Expired,Not Returned,No,No,,0.0,724.42,12.7,62.9,3.6,North,Noida,Resold,LISTING_00368,Good,90530.0,61980.0,28550.0,31.54,0.68,Below Market Value
EC00369,PRD00369,Home Appliances,Refrigerator,IFB,2021-06-02,79720,66230,Good,3,2024-07-02,31940,Individual,Individual,Cashify,No,0,4,37,10400,Expired,Not Returned,Yes,No,,0.0,485.45,4.84,67.8,3.6,West,Mumbai,Refurbished,LISTING_00369,Good,66230.0,31940.0,34290.0,51.77,0.48,Below Market Value
EC00370,PRD00370,Furniture,Dining Set,IKEA,2023-07-03,77320,65920,Good,3,2027-10-03,31380,Individual,Individual,Cashify,No,0,1,51,9342,Expired,Not Returned,Yes,No,,0.0,307.41,5.51,48.9,3.3,East,Ranchi,Resold,LISTING_00370,Good,65920.0,31380.0,34540.0,52.4,0.48,Below Market Value
EC00371,PRD00371,Fashion,Backpack,Fossil,2023-05-28,24280,22010,Good,1,2026-07-28,9280,Individual,Individual,Amazon Renewed,Yes,1600,1,38,1219,Expired,Not Returned,No,No,,0.0,57.64,0.78,53.1,3.6,North,Lucknow,Refurbished,LISTING_00371,Good,22010.0,9280.0,12730.0,57.84,0.42,Below Market Value
EC00372,PRD00372,Home Appliances,Air Conditioner,Samsung,2021-12-04,56620,52060,Good,1,2024-09-04,22450,Individual,Individual,EchoChain Marketplace,No,0,5,33,7868,Expired,Not Returned,Yes,No,,0.0,74.12,4.0,44.9,3.9,South,Kochi,Recycled,LISTING_00372,Good,52060.0,22450.0,29610.0,56.88,0.43,Below Market Value
EC00373,PRD00373,Gaming,Monitor,ASUS,2025-09-26,39400,36500,Good,3,2027-01-26,19590,Individual,Individual,OLX,No,0,3,16,6235,Extended,Not Returned,No,No,,0.0,190.91,1.62,60.1,5.0,North,Chandigarh,Recycled,LISTING_00373,Good,36500.0,19590.0,16910.0,46.33,0.54,Below Market Value
EC00374,PRD00374,Laptops,Inspiron,Acer,2023-04-02,55490,38450,Good,3,2026-03-02,21320,Individual,Individual,Amazon Renewed,No,0,1,35,5814,Expired,Not Returned,Yes,No,,0.0,250.94,1.6,51.7,4.9,South,Hyderabad,Resold,LISTING_00374,Good,38450.0,21320.0,17130.0,44.55,0.55,Below Market Value
EC00375,PRD00375,Smartphones,OnePlus,Samsung,2024-04-01,135220,117090,Good,2,2029-04-01,48060,Individual,Individual,Amazon Renewed,No,0,0,60,8058,Expired,Not Returned,Yes,No,,0.0,874.12,3.98,46.1,4.2,North,Noida,Resold,LISTING_00375,Good,117090.0,48060.0,69030.0,58.95,0.41,Below Market Value
EC00376,PRD00376,Laptops,ThinkPad,Acer,2025-10-10,126340,71190,Good,2,2026-05-10,63680,Individual,Individual,Local Dealer,Yes,12700,0,7,2229,Active,Not Returned,Yes,No,,0.0,509.9,6.62,73.3,4.6,North,Chandigarh,Recycled,LISTING_00376,Good,71190.0,63680.0,7510.0,10.55,0.89,Below Market Value
EC00377,PRD00377,Smartphones,Galaxy S Series,OnePlus,2023-08-15,136860,104160,Good,1,2026-08-15,54830,Individual,Individual,EchoChain Marketplace,No,0,1,36,10505,Expired,Not Returned,Yes,No,,0.0,124.41,1.86,49.5,4.4,East,Bhubaneswar,Resold,LISTING_00377,Good,104160.0,54830.0,49330.0,47.36,0.53,Below Market Value
EC00378,PRD00378,Smartphones,Xperia,Apple,2025-09-01,129200,100530,Poor,2,2028-07-01,23900,Individual,Individual,Cashify,No,0,1,34,816,Expired,Not Returned,Yes,No,,0.0,494.07,1.76,46.7,3.2,South,Vijayawada,Resold,LISTING_00378,Poor,100530.0,23900.0,76630.0,76.23,0.24,Below Market Value
EC00379,PRD00379,Furniture,Study Table,Urban Ladder,2021-06-10,23510,18630,Fair,2,2022-07-10,9100,Individual,Individual,OLX,No,0,3,13,8601,Expired,Not Returned,Yes,No,,0.0,51.36,1.18,51.9,3.0,South,Bengaluru,Resold,LISTING_00379,Fair,18630.0,9100.0,9530.0,51.15,0.49,Below Market Value
EC00380,PRD00380,Smartphones,Pixel,Apple,2025-05-23,94170,71530,Good,2,2028-04-23,36150,Individual,Individual,OLX,No,0,0,35,3215,Expired,Not Returned,Yes,No,,0.0,374.84,3.49,58.6,3.4,South,Vijayawada,Resold,LISTING_00380,Good,71530.0,36150.0,35380.0,49.46,0.51,Below Market Value
EC00381,PRD00381,Home Appliances,Air Conditioner,IFB,2023-03-12,110150,58730,Good,4,2024-07-12,57900,Individual,Business,Cashify,Yes,3810,2,16,5631,Expired,Not Returned,Yes,Yes,2024-10-24,58.1,311.03,25.49,96.7,2.8,South,Bengaluru,Refurbished,LISTING_00381,Good,58730.0,57900.0,830.0,1.41,0.99,Below Market Value
EC00382,PRD00382,Cameras,Mirrorless Camera,Canon,2022-02-02,203520,141320,Like New,3,2023-12-02,131440,Individual,Individual,EchoChain Marketplace,No,0,1,22,4520,Expired,Not Returned,Yes,No,,0.0,764.66,5.21,60.4,4.6,West,Ahmedabad,Refurbished,LISTING_00382,Like New,141320.0,131440.0,9880.0,6.99,0.93,Below Market Value
EC00383,PRD00383,Furniture,Office Chair,Godrej,2024-07-24,5610,3170,Good,3,2025-06-24,3120,Individual,Individual,Local Dealer,No,0,0,11,5408,Active,Not Returned,Yes,Yes,2025-09-01,4.61,13.73,0.68,78.7,4.2,North,Noida,Refurbished,LISTING_00383,Good,3170.0,3120.0,50.0,1.58,0.98,Below Market Value
EC00384,PRD00384,Audio,Wireless Earbuds,Sony,2023-03-27,32520,29590,Good,1,2024-05-27,17040,Individual,Business,Local Dealer,Yes,2940,0,14,6516,Expired,Not Returned,Yes,No,,0.0,99.23,1.02,54.4,4.0,West,Surat,Refurbished,LISTING_00384,Good,29590.0,17040.0,12550.0,42.41,0.58,Below Market Value
EC00385,PRD00385,Laptops,IdeaPad,HP,2025-03-08,140360,79530,Good,4,2028-04-08,64280,Individual,Individual,Amazon Renewed,Yes,18200,1,37,8796,Extended,Not Returned,No,No,,0.0,812.09,6.8,81.6,3.7,South,Bengaluru,Resold,LISTING_00385,Good,79530.0,64280.0,15250.0,19.18,0.81,Below Market Value
EC00386,PRD00386,Smartphones,Pixel,Sony,2024-11-16,104940,79240,Good,2,2026-12-16,50360,Business,Individual,EchoChain Marketplace,Yes,9470,1,25,1883,Extended,Not Returned,Yes,No,,0.0,583.87,4.92,62.5,4.0,South,Kochi,Refurbished,LISTING_00386,Good,79240.0,50360.0,28880.0,36.45,0.64,Below Market Value
EC00387,PRD00387,Smartphones,Galaxy S Series,Apple,2024-03-04,64150,42610,Like New,3,2027-12-04,32900,Individual,Individual,EchoChain Marketplace,Yes,6880,4,45,2025,Expired,Not Returned,Yes,No,,0.0,339.74,3.67,70.1,4.3,East,Guwahati,Refurbished,LISTING_00387,Like New,42610.0,32900.0,9710.0,22.79,0.77,Below Market Value
EC00388,PRD00388,Furniture,Bookshelf,Godrej,2024-05-03,73470,54270,Fair,3,2028-12-03,18120,Business,Individual,EchoChain Marketplace,No,0,1,55,1878,Expired,Not Returned,Yes,No,,0.0,227.38,2.96,50.6,3.9,East,Guwahati,Resold,LISTING_00388,Fair,54270.0,18120.0,36150.0,66.61,0.33,Below Market Value
EC00389,PRD00389,Audio,Headphones,Sennheiser,2022-02-05,8450,6700,Like New,3,2025-03-05,4670,Individual,Individual,Local Dealer,Yes,1320,0,37,6386,Expired,Not Returned,Yes,No,,0.0,45.76,0.42,71.8,3.9,East,Bhubaneswar,Refurbished,LISTING_00389,Like New,6700.0,4670.0,2030.0,30.3,0.7,Below Market Value
EC00390,PRD00390,Fashion,Jacket,Nike,2022-10-02,17790,13390,Good,3,2026-03-02,6260,Individual,Individual,Cashify,No,0,0,41,10465,Expired,Not Returned,Yes,No,,0.0,78.98,1.17,62.9,3.3,South,Chennai,Refurbished,LISTING_00390,Good,13390.0,6260.0,7130.0,53.25,0.47,Below Market Value
EC00391,PRD00391,Fashion,Jacket,Fossil,2023-11-23,14490,7040,Like New,4,2026-11-23,7450,Business,Individual,OLX,No,0,0,36,11104,Expired,Not Returned,Yes,No,,0.0,30.73,0.93,73.2,3.6,South,Chennai,Refurbished,LISTING_00391,Like New,7040.0,7450.0,-410.0,-5.82,1.06,Above Market Value
EC00392,PRD00392,Smartphones,OnePlus,Samsung,2022-11-19,83840,39320,Good,4,2026-11-19,29600,Individual,Individual,EchoChain Marketplace,No,0,0,48,11664,Expired,Not Returned,No,No,,0.0,434.32,3.75,67.4,4.9,West,Ahmedabad,Resold,LISTING_00392,Good,39320.0,29600.0,9720.0,24.72,0.75,Below Market Value
EC00393,PRD00393,Furniture,Sofa,IKEA,2022-04-05,61560,34870,Fair,3,2024-01-05,20300,Individual,Individual,Local Dealer,Yes,2700,0,21,4871,Extended,Not Returned,Yes,No,,0.0,213.17,1.16,76.6,3.7,East,Kolkata,Resold,LISTING_00393,Fair,34870.0,20300.0,14570.0,41.78,0.58,Below Market Value
EC00394,PRD00394,Gaming,VR Headset,Microsoft,2023-08-13,24730,19150,Good,2,2026-08-13,9930,Individual,Business,EchoChain Marketplace,No,0,0,36,10041,Expired,Not Returned,No,No,,0.0,120.15,0.69,57.3,4.3,South,Chennai,Resold,LISTING_00394,Good,19150.0,9930.0,9220.0,48.15,0.52,Below Market Value
EC00395,PRD00395,Laptops,Inspiron,Apple,2022-04-15,29240,15820,Like New,3,2027-01-15,13190,Individual,Individual,Amazon Renewed,Yes,3190,0,57,5223,Extended,Returned,Yes,Yes,2027-02-24,19.16,187.53,4.08,80.2,4.4,West,Surat,Refurbished,LISTING_00395,Like New,15820.0,13190.0,2630.0,16.62,0.83,Below Market Value
EC00396,PRD00396,Audio,Bluetooth Speaker,Boat,2024-10-30,23440,21140,Fair,3,2028-04-30,6020,Individual,Individual,Amazon Renewed,No,0,2,42,2397,Expired,Returned,Yes,No,,0.0,127.17,0.55,52.0,3.4,South,Hyderabad,Resold,LISTING_00396,Fair,21140.0,6020.0,15120.0,71.52,0.28,Below Market Value
EC00397,PRD00397,Smartphones,iPhone,Sony,2023-11-12,47590,21650,Like New,2,2025-02-12,28150,Individual,Individual,EchoChain Marketplace,No,0,1,15,11629,Expired,Returned,Yes,No,,0.0,225.49,2.09,58.0,3.9,West,Pune,Resold,LISTING_00397,Like New,21650.0,28150.0,-6500.0,-30.02,1.3,Above Market Value
EC00398,PRD00398,Home Appliances,Air Conditioner,LG,2023-01-20,97310,91560,Good,1,2026-06-20,40630,Individual,Individual,Cashify,No,0,0,41,10574,Expired,Not Returned,Yes,No,,0.0,156.49,6.08,39.5,4.0,West,Mumbai,Resold,LISTING_00398,Good,91560.0,40630.0,50930.0,55.62,0.44,Below Market Value
EC00399,PRD00399,Laptops,MacBook Air,HP,2025-08-21,55350,29190,Like New,2,2028-06-21,25950,Individual,Individual,Cashify,Yes,4980,4,34,6068,Expired,Not Returned,Yes,No,,0.0,249.12,0.88,61.5,3.0,North,Noida,Recycled,LISTING_00399,Like New,29190.0,25950.0,3240.0,11.1,0.89,Below Market Value
EC00400,PRD00400,Smartphones,Galaxy S Series,Google,2021-02-07,14300,7040,Good,1,2022-04-07,7090,Individual,Individual,Cashify,Yes,2240,0,14,77,Expired,Not Returned,Yes,Yes,2022-05-15,4.97,31.12,1.54,69.3,3.6,West,Mumbai,Recycled,LISTING_00400,Good,7040.0,7090.0,-50.0,-0.71,1.01,Above Market Value
EC00401,PRD00401,Smartphones,OnePlus,OnePlus,2021-08-18,129230,114380,Fair,2,2025-07-18,35790,Individual,Individual,EchoChain Marketplace,No,0,0,47,9068,Expired,Not Returned,Yes,Yes,2025-11-09,89.23,772.58,31.03,58.7,3.8,West,Mumbai,Refurbished,LISTING_00401,Fair,114380.0,35790.0,78590.0,68.71,0.31,Below Market Value
EC00402,PRD00402,Gaming,VR Headset,Meta,2024-10-20,104250,51140,Poor,2,2026-10-20,20420,Business,Individual,OLX,No,0,1,24,6619,Expired,Not Returned,Yes,No,,0.0,485.24,8.1,55.9,4.6,East,Guwahati,Resold,LISTING_00402,Poor,51140.0,20420.0,30720.0,60.07,0.4,Below Market Value
EC00403,PRD00403,Home Appliances,Air Conditioner,LG,2022-07-17,76130,67200,Good,2,2024-10-17,36970,Business,Business,Amazon Renewed,No,0,4,27,2675,Expired,Not Returned,Yes,No,,0.0,291.6,4.58,49.9,4.7,North,Jaipur,Resold,LISTING_00403,Good,67200.0,36970.0,30230.0,44.99,0.55,Below Market Value
EC00404,PRD00404,Audio,Wireless Earbuds,JBL,2022-03-14,20020,18990,Good,2,2022-12-14,11310,Individual,Individual,Cashify,Yes,1010,1,9,8764,Active,Not Returned,Yes,No,,0.0,67.14,1.1,72.5,4.4,East,Guwahati,Resold,LISTING_00404,Good,18990.0,11310.0,7680.0,40.44,0.6,Below Market Value
EC00405,PRD00405,Laptops,Pavilion,Lenovo,2025-12-05,83290,52590,Like New,1,2026-10-05,50860,Individual,Individual,Amazon Renewed,Yes,3300,2,10,8141,Active,Not Returned,Yes,No,,0.0,379.88,3.06,72.4,4.6,North,Lucknow,Recycled,LISTING_00405,Like New,52590.0,50860.0,1730.0,3.29,0.97,Below Market Value
EC00406,PRD00406,Laptops,IdeaPad,Lenovo,2024-07-30,178140,118410,Like New,3,2027-10-30,97940,Individual,Individual,Local Dealer,No,0,2,39,8580,Expired,Not Returned,Yes,No,,0.0,812.86,9.13,59.9,3.5,North,Noida,Refurbished,LISTING_00406,Like New,118410.0,97940.0,20470.0,17.29,0.83,Below Market Value
EC00407,PRD00407,Audio,Headphones,Bose,2021-01-27,9190,8310,Good,1,2024-03-27,3750,Individual,Business,Cashify,No,0,1,38,2562,Expired,Not Returned,Yes,No,,0.0,7.85,0.35,61.6,4.6,West,Mumbai,Resold,LISTING_00407,Good,8310.0,3750.0,4560.0,54.87,0.45,Below Market Value
EC00408,PRD00408,Smartphones,Pixel,Samsung,2021-08-14,127800,119870,Good,1,2024-03-14,51200,Individual,Business,OLX,No,0,0,31,979,Expired,Not Returned,No,No,,0.0,155.67,2.59,49.9,4.7,West,Ahmedabad,Recycled,LISTING_00408,Good,119870.0,51200.0,68670.0,57.29,0.43,Below Market Value
EC00409,PRD00409,Smartphones,Xperia,Apple,2024-07-24,101150,74950,Good,2,2028-08-24,38500,Individual,Individual,Amazon Renewed,Yes,10160,0,49,1724,Expired,Not Returned,No,No,,0.0,424.84,5.73,62.9,3.8,North,Jaipur,Recycled,LISTING_00409,Good,74950.0,38500.0,36450.0,48.63,0.51,Below Market Value
EC00410,PRD00410,Gaming,Gaming Console,Sony,2023-03-09,36660,30610,Fair,2,2027-08-09,10440,Individual,Individual,Local Dealer,Yes,2590,2,53,10414,Expired,Not Returned,Yes,No,,0.0,174.56,2.22,62.2,3.2,East,Patna,Refurbished,LISTING_00410,Fair,30610.0,10440.0,20170.0,65.89,0.34,Below Market Value
EC00411,PRD00411,Home Appliances,Washing Machine,Daikin,2025-06-21,37510,25720,Fair,3,2028-07-21,10780,Individual,Individual,OLX,No,0,1,37,1623,Extended,Not Returned,No,No,,0.0,132.53,1.31,56.3,3.5,North,Jaipur,Resold,LISTING_00411,Fair,25720.0,10780.0,14940.0,58.09,0.42,Below Market Value
EC00412,PRD00412,Audio,Bluetooth Speaker,Boat,2021-10-11,36400,18140,Fair,1,2025-03-11,11490,Business,Business,Facebook Marketplace,Yes,4120,2,41,5866,Expired,Not Returned,Yes,No,,0.0,137.05,2.12,55.5,3.6,West,Ahmedabad,Resold,LISTING_00412,Fair,18140.0,11490.0,6650.0,36.66,0.63,Below Market Value
EC00413,PRD00413,Laptops,Pavilion,Lenovo,2023-05-29,75320,40540,Like New,3,2026-11-29,34240,Business,Business,Facebook Marketplace,No,0,1,42,2534,Expired,Not Returned,Yes,No,,0.0,342.3,5.69,63.1,3.5,South,Vijayawada,Resold,LISTING_00413,Like New,40540.0,34240.0,6300.0,15.54,0.84,Below Market Value
EC00414,PRD00414,Home Appliances,Air Conditioner,Whirlpool,2023-08-18,98510,73440,Good,5,2024-03-18,57090,Individual,Business,Local Dealer,Yes,12380,2,7,11957,Active,Not Returned,No,No,,0.0,317.05,5.62,99.8,3.3,West,Mumbai,Refurbished,LISTING_00414,Good,73440.0,57090.0,16350.0,22.26,0.78,Below Market Value
EC00415,PRD00415,Smartphones,iPhone,Sony,2025-02-13,113150,61490,Fair,1,2028-07-13,32180,Individual,Individual,EchoChain Marketplace,Yes,10780,0,41,2980,Extended,Not Returned,Yes,No,,0.0,709.72,4.33,55.3,4.4,South,Vijayawada,Recycled,LISTING_00415,Fair,61490.0,32180.0,29310.0,47.67,0.52,Below Market Value
EC00416,PRD00416,Home Appliances,Air Conditioner,IFB,2022-03-29,19430,11360,Good,3,2024-03-29,8860,Individual,Business,Local Dealer,Yes,2150,0,24,6008,Expired,Returned,Yes,Yes,2024-04-06,12.94,72.76,7.13,74.6,3.7,South,Kochi,Resold,LISTING_00416,Good,11360.0,8860.0,2500.0,22.01,0.78,Below Market Value
EC00417,PRD00417,Audio,Soundbar,Sony,2023-10-17,3110,2110,Good,1,2028-01-17,1070,Individual,Individual,Facebook Marketplace,No,0,1,51,2937,Expired,Not Returned,Yes,No,,0.0,1.67,0.2,42.1,4.2,East,Bhubaneswar,Resold,LISTING_00417,Good,2110.0,1070.0,1040.0,49.29,0.51,Below Market Value
EC00418,PRD00418,Home Appliances,Washing Machine,IFB,2023-03-27,31020,27600,Good,2,2024-05-27,17150,Individual,Individual,OLX,No,0,0,14,4013,Expired,Not Returned,No,No,,0.0,57.87,2.38,63.2,4.3,North,Chandigarh,Resold,LISTING_00418,Good,27600.0,17150.0,10450.0,37.86,0.62,Below Market Value
EC00419,PRD00419,Laptops,MacBook Air,Lenovo,2022-10-21,164540,110570,Good,1,2025-08-21,70160,Individual,Business,Amazon Renewed,No,0,0,34,8789,Expired,Not Returned,Yes,No,,0.0,142.76,10.03,55.8,4.3,East,Kolkata,Refurbished,LISTING_00419,Good,110570.0,70160.0,40410.0,36.55,0.63,Below Market Value
EC00420,PRD00420,Furniture,Dining Set,Godrej,2025-03-20,73500,63870,Good,5,2027-09-20,35370,Individual,Individual,Facebook Marketplace,Yes,6980,0,30,8429,Extended,Not Returned,Yes,No,,0.0,188.63,1.09,82.5,4.6,East,Patna,Resold,LISTING_00420,Good,63870.0,35370.0,28500.0,44.62,0.55,Below Market Value
EC00421,PRD00421,Furniture,Bookshelf,Urban Ladder,2022-07-01,79350,50770,Like New,2,2023-05-01,50640,Business,Individual,OLX,Yes,5320,1,10,10740,Active,Not Returned,No,No,,0.0,257.82,5.96,75.8,3.5,West,Nagpur,Resold,LISTING_00421,Like New,50770.0,50640.0,130.0,0.26,1.0,Below Market Value
EC00422,PRD00422,Gaming,Monitor,Lenovo,2024-04-30,177700,99060,Like New,1,2026-05-30,92080,Individual,Individual,Amazon Renewed,No,0,0,25,633,Expired,Not Returned,Yes,No,,0.0,251.99,7.43,44.2,3.2,West,Ahmedabad,Resold,LISTING_00422,Like New,99060.0,92080.0,6980.0,7.05,0.93,Below Market Value
EC00423,PRD00423,Cameras,Lens,Canon,2023-12-09,111560,73040,Good,1,2027-01-09,45630,Individual,Individual,Cashify,No,0,0,37,670,Expired,Not Returned,Yes,No,,0.0,129.26,6.55,48.8,5.0,West,Ahmedabad,Resold,LISTING_00423,Good,73040.0,45630.0,27410.0,37.53,0.62,Below Market Value
EC00424,PRD00424,Smartphones,iPhone,Google,2025-03-16,59950,26990,Like New,3,2029-01-16,31770,Individual,Individual,OLX,No,0,1,46,4954,Expired,Not Returned,Yes,No,,0.0,372.2,3.7,56.9,3.6,East,Ranchi,Refurbished,LISTING_00424,Like New,26990.0,31770.0,-4780.0,-17.71,1.18,Above Market Value
EC00425,PRD00425,Smartphones,iPhone,Google,2021-01-17,67550,59190,Fair,4,2021-04-17,29230,Individual,Business,EchoChain Marketplace,Yes,9890,0,3,3743,Active,Not Returned,Yes,No,,0.0,160.56,4.63,80.3,3.6,South,Kochi,Refurbished,LISTING_00425,Fair,59190.0,29230.0,29960.0,50.62,0.49,Below Market Value
EC00426,PRD00426,Fashion,Watch,Fossil,2024-04-10,44230,32690,Good,2,2026-09-10,21000,Individual,Individual,OLX,Yes,5010,1,29,5649,Expired,Not Returned,Yes,No,,0.0,121.75,1.14,70.8,4.1,West,Mumbai,Resold,LISTING_00426,Good,32690.0,21000.0,11690.0,35.76,0.64,Below Market Value
EC00427,PRD00427,Home Appliances,Air Conditioner,Daikin,2024-05-28,72040,63400,Like New,4,2027-03-28,38750,Individual,Individual,OLX,No,0,1,34,8085,Expired,Not Returned,Yes,No,,0.0,151.16,5.54,73.7,3.8,North,Jaipur,Recycled,LISTING_00427,Like New,63400.0,38750.0,24650.0,38.88,0.61,Below Market Value
EC00428,PRD00428,Fashion,Watch,Fossil,2021-06-07,22230,16880,Good,4,2023-09-07,9830,Business,Business,Cashify,Yes,730,0,27,11035,Expired,Not Returned,Yes,No,,0.0,44.92,1.43,82.1,4.8,West,Ahmedabad,Refurbished,LISTING_00428,Good,16880.0,9830.0,7050.0,41.77,0.58,Below Market Value
EC00429,PRD00429,Gaming,Monitor,Lenovo,2022-04-22,59380,49940,Fair,3,2023-08-22,19860,Business,Individual,OLX,No,0,2,16,8817,Expired,Not Returned,Yes,No,,0.0,164.71,3.08,60.2,5.0,South,Hyderabad,Resold,LISTING_00429,Fair,49940.0,19860.0,30080.0,60.23,0.4,Below Market Value
EC00430,PRD00430,Audio,Wireless Earbuds,JBL,2023-12-06,43850,25560,Good,1,2024-03-06,23020,Individual,Individual,OLX,No,0,1,3,6653,Active,Not Returned,Yes,No,,0.0,69.94,2.93,44.7,4.8,North,Jaipur,Resold,LISTING_00430,Good,25560.0,23020.0,2540.0,9.94,0.9,Below Market Value
EC00431,PRD00431,Laptops,Inspiron,HP,2024-10-28,83000,46410,Fair,3,2027-02-28,27530,Individual,Individual,OLX,Yes,8240,2,28,5927,Extended,Not Returned,Yes,No,,0.0,424.87,4.08,77.5,3.5,East,Ranchi,Recycled,LISTING_00431,Fair,46410.0,27530.0,18880.0,40.68,0.59,Below Market Value
EC00432,PRD00432,Furniture,Study Table,Pepperfry,2022-06-02,79360,65860,Fair,1,2027-01-02,18540,Individual,Business,Cashify,Yes,7430,2,55,3056,Expired,Not Returned,Yes,No,,0.0,249.87,3.85,51.2,3.9,West,Nagpur,Resold,LISTING_00432,Fair,65860.0,18540.0,47320.0,71.85,0.28,Below Market Value
EC00433,PRD00433,Laptops,Inspiron,HP,2021-04-09,135120,101300,Fair,2,2024-11-09,37620,Individual,Individual,Cashify,No,0,3,43,9922,Expired,Not Returned,Yes,No,,0.0,500.15,7.32,48.6,3.6,North,Jaipur,Resold,LISTING_00433,Fair,101300.0,37620.0,63680.0,62.86,0.37,Below Market Value
EC00434,PRD00434,Laptops,Pavilion,Apple,2025-11-04,164830,141540,Good,1,2030-03-04,60120,Business,Individual,Local Dealer,No,0,1,52,7476,Expired,Not Returned,Yes,No,,0.0,306.38,6.3,41.7,4.1,North,Chandigarh,Resold,LISTING_00434,Good,141540.0,60120.0,81420.0,57.52,0.42,Below Market Value
EC00435,PRD00435,Smartphones,OnePlus,OnePlus,2023-11-27,98400,47760,Good,1,2026-11-27,37260,Individual,Individual,Local Dealer,No,0,0,36,4719,Expired,Not Returned,Yes,No,,0.0,63.01,2.64,51.0,3.5,North,Chandigarh,Recycled,LISTING_00435,Good,47760.0,37260.0,10500.0,21.98,0.78,Below Market Value
EC00436,PRD00436,Smartphones,Xperia,Samsung,2021-10-07,57630,45250,Good,3,2024-11-07,21690,Individual,Individual,Amazon Renewed,No,0,3,37,8055,Expired,Not Returned,Yes,No,,0.0,208.14,3.2,56.4,4.7,East,Guwahati,Refurbished,LISTING_00436,Good,45250.0,21690.0,23560.0,52.07,0.48,Below Market Value
EC00437,PRD00437,Smartphones,Pixel,Apple,2024-10-04,76770,47890,Fair,1,2026-08-04,29180,Business,Individual,Amazon Renewed,No,0,1,22,3022,Expired,Not Returned,Yes,No,,0.0,102.89,2.32,50.8,2.6,West,Pune,Refurbished,LISTING_00437,Fair,47890.0,29180.0,18710.0,39.07,0.61,Below Market Value
EC00438,PRD00438,Fashion,Sneakers,Nike,2022-05-12,28440,24500,Fair,1,2026-12-12,7560,Business,Individual,OLX,Yes,2170,1,55,11440,Expired,Not Returned,Yes,Yes,2027-01-19,24.44,92.53,3.19,49.4,3.0,East,Guwahati,Recycled,LISTING_00438,Fair,24500.0,7560.0,16940.0,69.14,0.31,Below Market Value
EC00439,PRD00439,Smartphones,iPhone,Samsung,2021-10-29,64110,48950,Fair,2,2025-08-29,16810,Individual,Individual,Cashify,Yes,3290,0,46,10268,Expired,Not Returned,Yes,No,,0.0,264.88,4.91,64.6,3.2,East,Kolkata,Recycled,LISTING_00439,Fair,48950.0,16810.0,32140.0,65.66,0.34,Below Market Value
EC00440,PRD00440,Smartphones,Xperia,Apple,2021-06-30,136330,105600,Good,3,2022-11-30,69120,Individual,Individual,Facebook Marketplace,Yes,16460,1,17,3059,Expired,Not Returned,Yes,No,,0.0,465.81,4.5,78.1,4.7,West,Nagpur,Resold,LISTING_00440,Good,105600.0,69120.0,36480.0,34.55,0.65,Below Market Value
EC00441,PRD00441,Home Appliances,Microwave,Whirlpool,2022-08-30,81490,65330,Good,1,2023-08-30,40660,Individual,Individual,OLX,Yes,11040,1,12,5152,Active,Not Returned,Yes,No,,0.0,287.04,1.59,54.3,3.4,West,Pune,Refurbished,LISTING_00441,Good,65330.0,40660.0,24670.0,37.76,0.62,Below Market Value
EC00442,PRD00442,Fashion,Jacket,Levi's,2024-01-28,39160,34340,Good,2,2026-10-28,15200,Business,Individual,Amazon Renewed,No,0,1,33,303,Extended,Not Returned,Yes,No,,0.0,192.81,1.27,51.6,2.9,West,Mumbai,Resold,LISTING_00442,Good,34340.0,15200.0,19140.0,55.74,0.44,Below Market Value
EC00443,PRD00443,Home Appliances,Washing Machine,Samsung,2022-12-01,101510,71730,Good,4,2025-08-01,44120,Individual,Individual,Cashify,Yes,10800,4,32,8999,Expired,Not Returned,Yes,No,,0.0,412.5,2.28,75.0,4.2,South,Kochi,Resold,LISTING_00443,Good,71730.0,44120.0,27610.0,38.49,0.62,Below Market Value
EC00444,PRD00444,Home Appliances,Vacuum Cleaner,LG,2023-09-20,118890,71590,Like New,1,2027-02-20,52360,Business,Individual,EchoChain Marketplace,No,0,3,41,9276,Extended,Not Returned,Yes,Yes,2027-05-21,27.51,206.15,41.73,50.3,5.0,West,Nagpur,Resold,LISTING_00444,Like New,71590.0,52360.0,19230.0,26.86,0.73,Below Market Value
EC00445,PRD00445,Furniture,Office Chair,Godrej,2024-02-14,13760,10550,Fair,3,2025-05-14,4490,Business,Individual,OLX,No,0,2,15,6020,Expired,Not Returned,No,No,,0.0,59.2,0.4,62.2,3.4,North,Delhi,Recycled,LISTING_00445,Fair,10550.0,4490.0,6060.0,57.44,0.43,Below Market Value
EC00446,PRD00446,Laptops,Pavilion,Dell,2021-07-10,31020,22700,Fair,4,2023-05-10,10410,Individual,Individual,Facebook Marketplace,No,0,1,22,11568,Expired,Not Returned,Yes,No,,0.0,169.65,0.76,72.4,4.1,East,Patna,Resold,LISTING_00446,Fair,22700.0,10410.0,12290.0,54.14,0.46,Below Market Value
EC00447,PRD00447,Laptops,ThinkPad,Acer,2021-09-10,172580,149420,Like New,1,2026-05-10,67730,Individual,Business,Amazon Renewed,Yes,25510,2,56,6157,Expired,Not Returned,Yes,No,,0.0,522.81,8.12,54.3,4.1,South,Chennai,Resold,LISTING_00447,Like New,149420.0,67730.0,81690.0,54.67,0.45,Below Market Value
EC00448,PRD00448,Fashion,Jacket,Adidas,2023-09-08,20070,13140,Good,5,2024-09-08,9200,Individual,Individual,Local Dealer,No,0,0,12,5502,Active,Not Returned,Yes,No,,0.0,58.87,0.91,80.9,3.4,East,Ranchi,Resold,LISTING_00448,Good,13140.0,9200.0,3940.0,29.98,0.7,Below Market Value
EC00449,PRD00449,Laptops,Inspiron,Dell,2023-07-17,98550,62950,Like New,1,2025-06-17,54580,Individual,Business,EchoChain Marketplace,Yes,8140,0,23,9379,Expired,Not Returned,Yes,No,,0.0,217.54,4.76,45.0,5.0,West,Pune,Resold,LISTING_00449,Like New,62950.0,54580.0,8370.0,13.3,0.87,Below Market Value
EC00450,PRD00450,Home Appliances,Microwave,Whirlpool,2024-03-30,8220,5360,Fair,2,2026-12-30,2620,Business,Individual,OLX,Yes,1230,1,33,5487,Expired,Not Returned,Yes,No,,0.0,36.46,0.51,68.9,4.0,East,Guwahati,Resold,LISTING_00450,Fair,5360.0,2620.0,2740.0,51.12,0.49,Below Market Value
EC00451,PRD00451,Home Appliances,Washing Machine,LG,2024-07-03,36320,28190,Good,1,2027-03-03,13900,Business,Individual,Cashify,No,0,1,32,2600,Expired,Not Returned,Yes,No,,0.0,48.98,2.38,49.2,4.6,North,Chandigarh,Resold,LISTING_00451,Good,28190.0,13900.0,14290.0,50.69,0.49,Below Market Value
EC00452,PRD00452,Cameras,Action Camera,Sony,2024-09-08,85150,48510,Good,3,2027-02-08,38080,Individual,Individual,Cashify,Yes,7080,0,29,8539,Expired,Not Returned,Yes,No,,0.0,250.35,3.9,61.0,3.2,East,Bhubaneswar,Refurbished,LISTING_00452,Good,48510.0,38080.0,10430.0,21.5,0.78,Below Market Value
EC00453,PRD00453,Cameras,Camcorder,GoPro,2021-05-08,139880,97820,Like New,2,2023-03-08,86920,Individual,Individual,Amazon Renewed,Yes,12060,1,22,10396,Expired,Not Returned,Yes,No,,0.0,554.99,7.42,67.2,5.0,West,Mumbai,Refurbished,LISTING_00453,Like New,97820.0,86920.0,10900.0,11.14,0.89,Below Market Value
EC00454,PRD00454,Smartphones,Pixel,Sony,2021-01-18,58840,45870,Like New,5,2024-10-18,27120,Individual,Individual,Amazon Renewed,Yes,3220,1,45,10128,Extended,Returned,Yes,No,,0.0,131.56,3.66,88.9,4.5,North,Jaipur,Refurbished,LISTING_00454,Like New,45870.0,27120.0,18750.0,40.88,0.59,Below Market Value
EC00455,PRD00455,Furniture,Sofa,IKEA,2025-12-22,46930,40730,Fair,3,2026-12-22,16520,Business,Individual,Cashify,Yes,3120,1,12,2103,Active,Not Returned,Yes,No,,0.0,100.88,0.86,72.4,2.6,East,Bhubaneswar,Resold,LISTING_00455,Fair,40730.0,16520.0,24210.0,59.44,0.41,Below Market Value
EC00456,PRD00456,Audio,Smart Speaker,Sennheiser,2025-10-25,48340,25650,Like New,1,2027-04-25,31370,Individual,Individual,Local Dealer,Yes,2360,1,18,6968,Expired,Not Returned,Yes,No,,0.0,235.91,3.17,62.1,4.1,South,Bengaluru,Refurbished,LISTING_00456,Like New,25650.0,31370.0,-5720.0,-22.3,1.22,Above Market Value
EC00457,PRD00457,Home Appliances,Washing Machine,Whirlpool,2022-07-20,84960,75260,Fair,2,2026-12-20,21890,Individual,Individual,EchoChain Marketplace,No,0,0,53,11867,Expired,Not Returned,Yes,No,,0.0,369.29,6.71,56.0,2.6,South,Hyderabad,Resold,LISTING_00457,Fair,75260.0,21890.0,53370.0,70.91,0.29,Below Market Value
EC00458,PRD00458,Laptops,MacBook Air,Lenovo,2022-07-24,134610,96170,Good,4,2023-02-24,75130,Individual,Business,Cashify,Yes,11150,1,7,1794,Active,Not Returned,No,No,,0.0,279.51,3.86,73.6,4.2,North,Noida,Resold,LISTING_00458,Good,96170.0,75130.0,21040.0,21.88,0.78,Below Market Value
EC00459,PRD00459,Laptops,MacBook Air,Lenovo,2024-09-08,171730,94670,Poor,1,2027-07-08,30460,Individual,Individual,Cashify,No,0,1,34,11481,Expired,Not Returned,Yes,No,,0.0,138.78,3.47,49.4,3.3,East,Kolkata,Resold,LISTING_00459,Poor,94670.0,30460.0,64210.0,67.83,0.32,Below Market Value
EC00460,PRD00460,Cameras,Lens,Panasonic,2022-11-17,44810,38530,Good,3,2026-12-17,16360,Business,Individual,EchoChain Marketplace,No,0,0,49,1047,Extended,Returned,No,No,,0.0,111.04,1.39,43.3,5.0,South,Chennai,Resold,LISTING_00460,Good,38530.0,16360.0,22170.0,57.54,0.42,Below Market Value
EC00461,PRD00461,Laptops,MacBook Air,Lenovo,2025-12-21,119480,110840,Good,2,2027-04-21,61790,Individual,Individual,Cashify,Yes,17600,0,16,9955,Expired,Not Returned,Yes,Yes,2027-05-11,70.83,455.75,26.64,76.2,4.4,South,Bengaluru,Refurbished,LISTING_00461,Good,110840.0,61790.0,49050.0,44.25,0.56,Below Market Value
EC00462,PRD00462,Audio,Wireless Earbuds,Bose,2022-09-18,12900,8270,Fair,3,2024-04-18,4410,Individual,Individual,Facebook Marketplace,No,0,3,19,6801,Expired,Not Returned,Yes,No,,0.0,26.26,0.35,56.8,2.6,West,Pune,Resold,LISTING_00462,Fair,8270.0,4410.0,3860.0,46.67,0.53,Below Market Value
EC00463,PRD00463,Gaming,Monitor,Lenovo,2024-08-04,67170,45280,Fair,2,2024-12-04,30090,Individual,Individual,Cashify,No,0,2,4,2784,Active,Returned,Yes,No,,0.0,294.39,4.91,59.0,3.1,East,Patna,Resold,LISTING_00463,Fair,45280.0,30090.0,15190.0,33.55,0.66,Below Market Value
EC00464,PRD00464,Smartphones,Galaxy S Series,Apple,2023-05-04,56690,47760,Fair,4,2026-12-04,17540,Individual,Business,EchoChain Marketplace,No,0,3,43,5754,Expired,Not Returned,Yes,No,,0.0,319.98,3.83,63.9,3.7,West,Mumbai,Resold,LISTING_00464,Fair,47760.0,17540.0,30220.0,63.27,0.37,Below Market Value
EC00465,PRD00465,Furniture,Office Chair,IKEA,2025-08-14,45390,24260,Good,2,2026-10-14,20500,Individual,Business,Facebook Marketplace,No,0,1,14,2711,Expired,Not Returned,Yes,Yes,2027-02-03,38.7,221.58,7.27,71.0,3.4,West,Surat,Resold,LISTING_00465,Good,24260.0,20500.0,3760.0,15.5,0.85,Below Market Value
EC00466,PRD00466,Home Appliances,Refrigerator,Daikin,2023-08-20,65150,47980,Good,1,2025-02-20,30380,Individual,Individual,EchoChain Marketplace,Yes,8920,1,18,3283,Expired,Returned,No,No,,0.0,118.04,1.14,57.6,4.7,North,Jaipur,Resold,LISTING_00466,Good,47980.0,30380.0,17600.0,36.68,0.63,Below Market Value
EC00467,PRD00467,Smartphones,OnePlus,OnePlus,2025-07-21,13690,11450,Good,4,2026-07-21,7140,Individual,Individual,Facebook Marketplace,Yes,1350,1,12,10018,Active,Not Returned,Yes,No,,0.0,49.14,0.81,83.9,3.6,North,Lucknow,Refurbished,LISTING_00467,Good,11450.0,7140.0,4310.0,37.64,0.62,Below Market Value
EC00468,PRD00468,Laptops,MacBook Air,HP,2021-06-04,172270,107780,Fair,3,2025-12-04,39640,Individual,Individual,OLX,Yes,13230,3,54,7177,Extended,Not Returned,Yes,No,,0.0,1014.41,7.09,71.5,3.8,South,Hyderabad,Resold,LISTING_00468,Fair,107780.0,39640.0,68140.0,63.22,0.37,Below Market Value
EC00469,PRD00469,Audio,Headphones,JBL,2022-05-05,6110,4000,Good,1,2026-07-05,2480,Individual,Individual,Amazon Renewed,No,0,2,50,7726,Expired,Not Returned,Yes,Yes,2026-10-09,3.27,9.09,1.4,50.4,5.0,West,Surat,Resold,LISTING_00469,Good,4000.0,2480.0,1520.0,38.0,0.62,Below Market Value
EC00470,PRD00470,Fashion,Backpack,Nike,2024-11-10,40800,34270,Poor,1,2029-07-10,5830,Individual,Individual,Local Dealer,Yes,5140,0,56,2088,Expired,Not Returned,Yes,No,,0.0,97.67,2.62,57.6,3.8,West,Pune,Refurbished,LISTING_00470,Poor,34270.0,5830.0,28440.0,82.99,0.17,Below Market Value
EC00471,PRD00471,Gaming,Controller,Meta,2023-02-24,128970,75940,Good,2,2024-01-24,63740,Individual,Individual,Local Dealer,No,0,2,11,10314,Active,Not Returned,Yes,No,,0.0,222.3,3.75,54.0,3.9,East,Patna,Resold,LISTING_00471,Good,75940.0,63740.0,12200.0,16.07,0.84,Below Market Value
EC00472,PRD00472,Cameras,Camcorder,GoPro,2024-02-02,163390,95520,Like New,1,2028-10-02,66550,Individual,Individual,Facebook Marketplace,No,0,3,56,11959,Expired,Not Returned,Yes,No,,0.0,116.01,3.94,47.1,4.5,South,Bengaluru,Resold,LISTING_00472,Like New,95520.0,66550.0,28970.0,30.33,0.7,Below Market Value
EC00473,PRD00473,Laptops,IdeaPad,Lenovo,2024-11-17,94730,45170,Fair,1,2028-11-17,26810,Individual,Individual,Local Dealer,No,0,0,48,9060,Expired,Not Returned,Yes,No,,0.0,80.61,2.42,43.3,3.3,West,Ahmedabad,Resold,LISTING_00473,Fair,45170.0,26810.0,18360.0,40.65,0.59,Below Market Value
EC00474,PRD00474,Laptops,IdeaPad,HP,2021-09-03,158420,83330,Good,3,2023-05-03,83560,Individual,Individual,OLX,Yes,17650,1,20,11819,Expired,Not Returned,Yes,No,,0.0,599.7,9.51,80.1,2.7,East,Bhubaneswar,Resold,LISTING_00474,Good,83330.0,83560.0,-230.0,-0.28,1.0,Above Market Value
EC00475,PRD00475,Fashion,Sneakers,Fossil,2024-04-14,14480,7150,Good,2,2027-05-14,5290,Individual,Individual,OLX,No,0,0,37,11514,Expired,Not Returned,Yes,No,,0.0,76.76,1.08,55.4,3.9,East,Bhubaneswar,Resold,LISTING_00475,Good,7150.0,5290.0,1860.0,26.01,0.74,Below Market Value
EC00476,PRD00476,Laptops,MacBook Air,Lenovo,2023-11-29,113760,57720,Good,4,2025-11-29,47800,Individual,Individual,EchoChain Marketplace,No,0,3,24,11303,Extended,Not Returned,Yes,No,,0.0,336.76,3.35,65.3,5.0,East,Ranchi,Recycled,LISTING_00476,Good,57720.0,47800.0,9920.0,17.19,0.83,Below Market Value
EC00477,PRD00477,Cameras,Mirrorless Camera,Sony,2025-02-09,69070,57230,Fair,1,2028-09-09,20820,Individual,Individual,OLX,Yes,9740,1,43,10308,Expired,Returned,Yes,No,,0.0,358.55,4.31,57.8,3.1,South,Vijayawada,Resold,LISTING_00477,Fair,57230.0,20820.0,36410.0,63.62,0.36,Below Market Value
EC00478,PRD00478,Laptops,ThinkPad,Lenovo,2025-09-02,178620,93610,Good,3,2025-12-02,96540,Business,Individual,OLX,Yes,22900,3,3,459,Active,Not Returned,Yes,No,,0.0,474.1,8.8,79.8,4.4,South,Kochi,Resold,LISTING_00478,Good,93610.0,96540.0,-2930.0,-3.13,1.03,Above Market Value
EC00479,PRD00479,Smartphones,Galaxy S Series,Google,2023-01-29,79160,43120,Like New,3,2025-02-28,41440,Individual,Individual,Cashify,Yes,9140,0,25,4810,Expired,Not Returned,Yes,Yes,2025-06-25,48.96,257.53,24.66,87.8,4.8,East,Kolkata,Resold,LISTING_00479,Like New,43120.0,41440.0,1680.0,3.9,0.96,Below Market Value
EC00480,PRD00480,Home Appliances,Vacuum Cleaner,Daikin,2022-06-22,70190,55840,Good,3,2024-07-22,33440,Individual,Individual,OLX,No,0,1,25,545,Expired,Not Returned,Yes,No,,0.0,218.42,1.23,52.8,4.0,East,Bhubaneswar,Recycled,LISTING_00480,Good,55840.0,33440.0,22400.0,40.11,0.6,Below Market Value
EC00481,PRD00481,Gaming,VR Headset,Microsoft,2023-07-10,106250,96220,Fair,3,2024-08-10,39320,Individual,Individual,Facebook Marketplace,Yes,16310,2,13,3691,Expired,Not Returned,Yes,No,,0.0,538.02,7.91,74.4,3.1,West,Surat,Refurbished,LISTING_00481,Fair,96220.0,39320.0,56900.0,59.14,0.41,Below Market Value
EC00482,PRD00482,Audio,Soundbar,Sennheiser,2022-02-12,44620,27400,Good,2,2024-09-12,21500,Individual,Individual,Amazon Renewed,Yes,2610,0,31,1798,Expired,Not Returned,No,No,,0.0,233.36,3.39,57.5,5.0,East,Guwahati,Refurbished,LISTING_00482,Good,27400.0,21500.0,5900.0,21.53,0.78,Below Market Value
EC00483,PRD00483,Home Appliances,Refrigerator,IFB,2022-06-09,100450,76480,Fair,2,2022-11-09,44970,Individual,Business,Cashify,No,0,2,5,8885,Active,Not Returned,Yes,Yes,2023-02-24,41.42,257.57,24.89,71.3,2.9,West,Nagpur,Resold,LISTING_00483,Fair,76480.0,44970.0,31510.0,41.2,0.59,Below Market Value
EC00484,PRD00484,Home Appliances,Refrigerator,Whirlpool,2023-04-08,29640,25350,Good,1,2027-07-08,9760,Individual,Business,Cashify,Yes,1840,1,51,11575,Expired,Not Returned,Yes,No,,0.0,67.25,2.33,57.2,2.5,East,Bhubaneswar,Refurbished,LISTING_00484,Good,25350.0,9760.0,15590.0,61.5,0.39,Below Market Value
EC00485,PRD00485,Home Appliances,Microwave,LG,2025-03-10,56810,45840,Fair,3,2026-01-10,20790,Individual,Individual,EchoChain Marketplace,No,0,0,10,734,Active,Not Returned,Yes,No,,0.0,211.76,3.26,66.7,3.7,East,Guwahati,Resold,LISTING_00485,Fair,45840.0,20790.0,25050.0,54.65,0.45,Below Market Value
EC00486,PRD00486,Cameras,Camcorder,GoPro,2023-06-22,101520,51140,Fair,4,2025-05-22,32130,Individual,Individual,EchoChain Marketplace,No,0,1,23,10656,Expired,Not Returned,No,No,,0.0,530.18,3.22,76.4,2.7,South,Bengaluru,Recycled,LISTING_00486,Fair,51140.0,32130.0,19010.0,37.17,0.63,Below Market Value
EC00487,PRD00487,Gaming,Controller,Meta,2021-02-05,16500,13910,Good,2,2021-07-05,9650,Business,Individual,EchoChain Marketplace,No,0,0,5,9294,Active,Not Returned,Yes,No,,0.0,49.33,1.2,61.7,2.9,West,Ahmedabad,Refurbished,LISTING_00487,Good,13910.0,9650.0,4260.0,30.63,0.69,Below Market Value
EC00488,PRD00488,Home Appliances,Air Conditioner,Samsung,2022-11-16,97550,59460,Fair,2,2023-09-16,36230,Individual,Business,Amazon Renewed,Yes,11830,0,10,9798,Active,Not Returned,Yes,No,,0.0,410.11,6.4,65.9,3.1,South,Kochi,Refurbished,LISTING_00488,Fair,59460.0,36230.0,23230.0,39.07,0.61,Below Market Value
EC00489,PRD00489,Laptops,IdeaPad,HP,2021-01-20,50790,33770,Good,3,2022-04-20,27650,Individual,Individual,OLX,No,0,3,15,5980,Expired,Not Returned,No,No,,0.0,214.28,3.48,68.0,3.4,South,Vijayawada,Resold,LISTING_00489,Good,33770.0,27650.0,6120.0,18.12,0.82,Below Market Value
EC00490,PRD00490,Laptops,IdeaPad,Lenovo,2021-11-17,90890,44980,Poor,3,2024-08-17,17410,Individual,Individual,Amazon Renewed,No,0,0,33,3894,Expired,Not Returned,Yes,No,,0.0,432.13,2.69,60.2,2.8,South,Chennai,Resold,LISTING_00490,Poor,44980.0,17410.0,27570.0,61.29,0.39,Below Market Value
EC00491,PRD00491,Smartphones,Xperia,Google,2025-12-05,25370,16030,Good,1,2027-07-05,11140,Individual,Individual,EchoChain Marketplace,Yes,3740,1,19,2756,Expired,Not Returned,Yes,No,,0.0,67.27,0.48,65.5,4.2,North,Chandigarh,Resold,LISTING_00491,Good,16030.0,11140.0,4890.0,30.51,0.69,Below Market Value
EC00492,PRD00492,Laptops,MacBook Air,HP,2022-05-27,169860,94110,Good,3,2027-03-27,54740,Individual,Individual,OLX,No,0,0,58,10761,Expired,Not Returned,Yes,Yes,2027-05-29,126.61,805.88,35.53,55.7,3.3,East,Patna,Refurbished,LISTING_00492,Good,94110.0,54740.0,39370.0,41.83,0.58,Below Market Value
EC00493,PRD00493,Smartphones,Xperia,Sony,2022-02-04,100700,91270,Fair,4,2023-08-04,33900,Individual,Business,Facebook Marketplace,No,0,4,18,8414,Expired,Not Returned,Yes,No,,0.0,515.95,2.02,68.6,2.1,West,Nagpur,Resold,LISTING_00493,Fair,91270.0,33900.0,57370.0,62.86,0.37,Below Market Value
EC00494,PRD00494,Laptops,IdeaPad,Acer,2022-10-16,170960,121770,Fair,1,2025-01-16,51260,Individual,Individual,Facebook Marketplace,Yes,19260,1,27,3101,Expired,Not Returned,Yes,No,,0.0,363.72,4.76,59.3,3.9,North,Jaipur,Refurbished,LISTING_00494,Fair,121770.0,51260.0,70510.0,57.9,0.42,Below Market Value
EC00495,PRD00495,Laptops,Inspiron,Apple,2023-08-30,167840,158090,Good,2,2025-07-30,76200,Business,Individual,EchoChain Marketplace,No,0,0,23,7298,Expired,Returned,Yes,No,,0.0,830.65,6.11,53.8,5.0,West,Ahmedabad,Recycled,LISTING_00495,Good,158090.0,76200.0,81890.0,51.8,0.48,Below Market Value
EC00496,PRD00496,Gaming,VR Headset,ASUS,2022-04-16,129050,107430,Fair,4,2025-08-16,37080,Individual,Individual,EchoChain Marketplace,No,0,3,40,1827,Expired,Not Returned,Yes,No,,0.0,325.38,4.85,65.4,2.9,South,Chennai,Resold,LISTING_00496,Fair,107430.0,37080.0,70350.0,65.48,0.35,Below Market Value
EC00497,PRD00497,Gaming,Monitor,Sony,2024-03-12,61690,52760,Good,2,2025-08-12,31090,Individual,Individual,Cashify,No,0,0,17,1015,Expired,Not Returned,Yes,No,,0.0,179.53,3.68,54.3,4.7,North,Lucknow,Resold,LISTING_00497,Good,52760.0,31090.0,21670.0,41.07,0.59,Below Market Value
EC00498,PRD00498,Gaming,Gaming Console,Sony,2024-01-21,28870,15130,Good,3,2024-12-21,15390,Individual,Individual,Facebook Marketplace,No,0,1,11,7810,Active,Not Returned,Yes,No,,0.0,111.43,1.91,60.4,3.8,West,Surat,Recycled,LISTING_00498,Good,15130.0,15390.0,-260.0,-1.72,1.02,Above Market Value
EC00499,PRD00499,Laptops,MacBook Air,Acer,2024-10-09,178380,146500,Fair,3,2026-02-09,70370,Individual,Individual,EchoChain Marketplace,No,0,2,16,9989,Expired,Not Returned,Yes,No,,0.0,597.16,13.09,70.3,3.0,South,Kochi,Resold,LISTING_00499,Fair,146500.0,70370.0,76130.0,51.97,0.48,Below Market Value
EC00500,PRD00500,Laptops,Pavilion,Dell,2023-04-14,173100,135510,Fair,4,2025-07-14,55570,Business,Individual,Local Dealer,Yes,8460,4,27,2941,Expired,Not Returned,Yes,No,,0.0,925.21,5.01,89.1,3.8,West,Mumbai,Recycled,LISTING_00500,Fair,135510.0,55570.0,79940.0,58.99,0.41,Below Market Value
EC00501,PRD00501,Cameras,DSLR,Nikon,2025-12-29,189670,141640,Like New,3,2026-05-29,143180,Individual,Individual,Local Dealer,Yes,11710,4,5,4197,Active,Not Returned,Yes,No,,0.0,746.6,12.11,77.6,5.0,North,Noida,Refurbished,LISTING_00501,Like New,141640.0,143180.0,-1540.0,-1.09,1.01,Above Market Value
EC00502,PRD00502,Laptops,ThinkPad,Lenovo,2022-12-28,116030,64740,Like New,2,2024-03-28,78650,Individual,Individual,Cashify,No,0,0,15,10341,Expired,Not Returned,Yes,No,,0.0,598.31,3.86,58.0,5.0,East,Ranchi,Resold,LISTING_00502,Like New,64740.0,78650.0,-13910.0,-21.49,1.21,Above Market Value
EC00503,PRD00503,Fashion,Denim,Fossil,2023-05-04,15910,12120,Like New,2,2023-09-04,10170,Business,Individual,Local Dealer,No,0,2,4,1148,Active,Not Returned,Yes,No,,0.0,63.25,0.85,62.7,4.1,South,Hyderabad,Refurbished,LISTING_00503,Like New,12120.0,10170.0,1950.0,16.09,0.84,Below Market Value
EC00504,PRD00504,Furniture,Office Chair,IKEA,2021-02-20,18770,16250,Like New,1,2022-09-20,12500,Individual,Individual,Amazon Renewed,No,0,2,19,8671,Expired,Not Returned,Yes,No,,0.0,23.96,1.07,46.2,4.1,South,Chennai,Resold,LISTING_00504,Like New,16250.0,12500.0,3750.0,23.08,0.77,Below Market Value
EC00505,PRD00505,Smartphones,Pixel,Apple,2025-08-16,26720,20190,Fair,1,2025-11-16,10070,Individual,Individual,EchoChain Marketplace,No,0,2,3,3381,Active,Not Returned,Yes,No,,0.0,21.04,2.04,54.9,1.9,East,Kolkata,Resold,LISTING_00505,Fair,20190.0,10070.0,10120.0,50.12,0.5,Below Market Value
EC00506,PRD00506,Smartphones,iPhone,Google,2025-09-18,121620,86080,Poor,3,2030-08-18,19690,Individual,Individual,Local Dealer,No,0,4,59,3334,Expired,Not Returned,Yes,No,,0.0,735.14,9.65,56.8,3.6,East,Patna,Refurbished,LISTING_00506,Poor,86080.0,19690.0,66390.0,77.13,0.23,Below Market Value
EC00507,PRD00507,Audio,Smart Speaker,Boat,2022-07-29,17550,14560,Fair,3,2024-12-29,5510,Individual,Individual,Local Dealer,No,0,0,29,5456,Expired,Not Returned,Yes,No,,0.0,89.05,0.32,62.3,4.7,North,Jaipur,Resold,LISTING_00507,Fair,14560.0,5510.0,9050.0,62.16,0.38,Below Market Value
EC00508,PRD00508,Audio,Smart Speaker,Bose,2024-04-28,1990,920,Good,1,2028-07-28,640,Business,Individual,OLX,No,0,0,51,7778,Expired,Not Returned,Yes,No,,0.0,3.73,0.08,32.5,4.1,West,Mumbai,Landfill,LISTING_00508,Good,920.0,640.0,280.0,30.43,0.7,Below Market Value
EC00509,PRD00509,Gaming,VR Headset,Microsoft,2024-02-23,34510,31350,Like New,1,2028-05-23,14140,Business,Individual,Facebook Marketplace,No,0,1,51,6152,Expired,Not Returned,Yes,Yes,2028-07-16,7.66,33.58,6.22,49.9,3.4,South,Vijayawada,Recycled,LISTING_00509,Like New,31350.0,14140.0,17210.0,54.9,0.45,Below Market Value
EC00510,PRD00510,Audio,Headphones,Sennheiser,2021-05-30,40520,22100,Fair,1,2025-06-30,10760,Business,Individual,Amazon Renewed,Yes,1870,0,49,2644,Expired,Not Returned,No,No,,0.0,107.12,2.01,54.9,2.9,South,Bengaluru,Resold,LISTING_00510,Fair,22100.0,10760.0,11340.0,51.31,0.49,Below Market Value
EC00511,PRD00511,Gaming,Controller,Microsoft,2021-11-10,14620,7610,Good,1,2024-03-10,6190,Individual,Individual,EchoChain Marketplace,No,0,4,28,9651,Expired,Not Returned,No,No,,0.0,26.65,0.61,41.1,3.9,North,Chandigarh,Recycled,LISTING_00511,Good,7610.0,6190.0,1420.0,18.66,0.81,Below Market Value
EC00512,PRD00512,Laptops,Pavilion,Dell,2022-07-24,52070,39840,Good,5,2027-04-24,19630,Individual,Business,Facebook Marketplace,No,0,0,57,3806,Expired,Not Returned,Yes,No,,0.0,356.57,3.76,79.5,4.7,South,Vijayawada,Refurbished,LISTING_00512,Good,39840.0,19630.0,20210.0,50.73,0.49,Below Market Value
EC00513,PRD00513,Smartphones,Pixel,Samsung,2024-09-27,40080,27840,Good,2,2025-03-27,21640,Individual,Individual,Facebook Marketplace,No,0,0,6,2705,Active,Not Returned,Yes,No,,0.0,137.05,2.14,47.1,4.9,East,Kolkata,Refurbished,LISTING_00513,Good,27840.0,21640.0,6200.0,22.27,0.78,Below Market Value
EC00514,PRD00514,Gaming,Controller,Microsoft,2021-11-01,178380,148170,Fair,1,2023-07-01,60260,Individual,Individual,Local Dealer,No,0,3,20,11574,Expired,Not Returned,Yes,No,,0.0,213.16,8.3,39.1,3.8,West,Surat,Resold,LISTING_00514,Fair,148170.0,60260.0,87910.0,59.33,0.41,Below Market Value
EC00515,PRD00515,Furniture,Bookshelf,Urban Ladder,2025-09-12,46740,22620,Good,1,2027-02-12,24990,Individual,Individual,OLX,Yes,2700,3,17,11823,Expired,Not Returned,Yes,No,,0.0,162.66,1.73,60.8,5.0,East,Patna,Refurbished,LISTING_00515,Good,22620.0,24990.0,-2370.0,-10.48,1.1,Above Market Value
EC00516,PRD00516,Audio,Smart Speaker,Bose,2022-11-13,37360,28760,Like New,3,2026-04-13,17620,Individual,Business,OLX,No,0,1,41,9795,Expired,Not Returned,No,No,,0.0,97.13,1.63,58.6,4.1,West,Ahmedabad,Resold,LISTING_00516,Like New,28760.0,17620.0,11140.0,38.73,0.61,Below Market Value
EC00517,PRD00517,Home Appliances,Washing Machine,Samsung,2023-04-18,59750,34170,Fair,2,2024-09-18,23120,Individual,Business,Local Dealer,No,0,1,17,8300,Extended,Not Returned,Yes,No,,0.0,152.62,2.42,55.0,3.6,East,Patna,Resold,LISTING_00517,Fair,34170.0,23120.0,11050.0,32.34,0.68,Below Market Value
EC00518,PRD00518,Fashion,Backpack,Levi's,2025-12-12,13560,6540,Good,2,2027-08-12,6810,Individual,Business,EchoChain Marketplace,Yes,1130,0,20,3384,Expired,Not Returned,Yes,No,,0.0,50.14,0.95,64.0,3.2,East,Kolkata,Resold,LISTING_00518,Good,6540.0,6810.0,-270.0,-4.13,1.04,Above Market Value
EC00519,PRD00519,Cameras,DSLR,GoPro,2023-12-14,192230,181300,Fair,1,2024-06-14,74210,Individual,Individual,OLX,Yes,23790,2,6,10143,Active,Returned,Yes,No,,0.0,455.71,4.66,64.7,3.6,South,Kochi,Resold,LISTING_00519,Fair,181300.0,74210.0,107090.0,59.07,0.41,Below Market Value
EC00520,PRD00520,Laptops,Pavilion,Acer,2023-09-30,45090,41750,Fair,4,2024-03-30,18970,Individual,Individual,Local Dealer,No,0,0,6,5211,Active,Not Returned,No,No,,0.0,108.43,3.11,73.0,3.5,West,Nagpur,Landfill,LISTING_00520,Fair,41750.0,18970.0,22780.0,54.56,0.45,Below Market Value
EC00521,PRD00521,Smartphones,Xperia,Google,2022-03-20,101060,65330,Good,3,2026-03-20,41010,Business,Individual,Cashify,Yes,11310,3,48,269,Expired,Returned,Yes,No,,0.0,277.39,2.47,59.5,3.7,East,Kolkata,Refurbished,LISTING_00521,Good,65330.0,41010.0,24320.0,37.23,0.63,Below Market Value
EC00522,PRD00522,Smartphones,Xperia,OnePlus,2022-09-05,120570,109960,Like New,3,2027-02-05,56260,Business,Individual,Local Dealer,No,0,1,53,10674,Expired,Not Returned,Yes,No,,0.0,596.1,3.74,61.9,5.0,East,Ranchi,Refurbished,LISTING_00522,Like New,109960.0,56260.0,53700.0,48.84,0.51,Below Market Value
EC00523,PRD00523,Furniture,Office Chair,Pepperfry,2023-09-20,47770,42920,Good,2,2025-09-20,22280,Individual,Individual,Amazon Renewed,No,0,1,24,8356,Expired,Not Returned,Yes,No,,0.0,177.73,0.78,57.3,4.7,South,Hyderabad,Refurbished,LISTING_00523,Good,42920.0,22280.0,20640.0,48.09,0.52,Below Market Value
EC00524,PRD00524,Furniture,Sofa,Godrej,2021-09-21,30300,21560,Good,2,2022-02-21,14980,Business,Business,Local Dealer,Yes,2000,1,5,2690,Active,Not Returned,Yes,No,,0.0,59.74,0.79,73.2,3.9,East,Ranchi,Recycled,LISTING_00524,Good,21560.0,14980.0,6580.0,30.52,0.69,Below Market Value
EC00525,PRD00525,Fashion,Jacket,Puma,2023-12-13,37860,18050,Good,1,2028-02-13,14260,Individual,Individual,Local Dealer,Yes,1480,1,50,7097,Expired,Returned,Yes,Yes,2028-05-11,8.86,220.19,11.73,69.4,3.5,East,Guwahati,Refurbished,LISTING_00525,Good,18050.0,14260.0,3790.0,21.0,0.79,Below Market Value
EC00526,PRD00526,Home Appliances,Microwave,Whirlpool,2025-05-15,38440,25410,Good,4,2027-05-15,18030,Individual,Individual,OLX,No,0,1,24,7088,Expired,Not Returned,Yes,No,,0.0,148.99,0.95,76.2,3.8,North,Chandigarh,Landfill,LISTING_00526,Good,25410.0,18030.0,7380.0,29.04,0.71,Below Market Value
EC00527,PRD00527,Smartphones,Xperia,Apple,2023-10-01,74970,60970,Good,2,2026-04-01,29450,Individual,Business,Amazon Renewed,No,0,1,30,5770,Expired,Not Returned,Yes,No,,0.0,197.34,4.66,48.0,3.8,South,Kochi,Refurbished,LISTING_00527,Good,60970.0,29450.0,31520.0,51.7,0.48,Below Market Value
EC00528,PRD00528,Smartphones,Pixel,OnePlus,2025-07-02,98210,69910,Good,5,2027-09-02,48220,Individual,Individual,Amazon Renewed,No,0,1,26,11067,Expired,Not Returned,No,No,,0.0,301.42,1.59,82.0,4.8,East,Kolkata,Refurbished,LISTING_00528,Good,69910.0,48220.0,21690.0,31.03,0.69,Below Market Value
EC00529,PRD00529,Smartphones,Galaxy S Series,OnePlus,2021-01-05,107230,67730,Fair,3,2024-04-05,34790,Individual,Individual,OLX,Yes,9490,1,39,2797,Expired,Not Returned,Yes,No,,0.0,542.51,6.93,64.5,3.9,East,Guwahati,Landfill,LISTING_00529,Fair,67730.0,34790.0,32940.0,48.63,0.51,Below Market Value
EC00530,PRD00530,Gaming,VR Headset,Meta,2024-02-01,92100,68180,Fair,1,2025-03-01,33660,Individual,Individual,Facebook Marketplace,No,0,1,13,6165,Expired,Not Returned,No,No,,0.0,68.59,1.32,58.0,3.2,North,Lucknow,Refurbished,LISTING_00530,Fair,68180.0,33660.0,34520.0,50.63,0.49,Below Market Value
EC00531,PRD00531,Smartphones,OnePlus,Apple,2024-05-04,137420,62350,Fair,2,2029-05-04,34560,Individual,Business,Local Dealer,No,0,0,60,1402,Expired,Not Returned,Yes,No,,0.0,719.69,10.1,59.5,3.6,North,Delhi,Refurbished,LISTING_00531,Fair,62350.0,34560.0,27790.0,44.57,0.55,Below Market Value
EC00532,PRD00532,Gaming,VR Headset,Microsoft,2023-02-13,98490,83150,Fair,2,2025-07-13,34230,Business,Individual,Local Dealer,Yes,8060,0,29,4125,Extended,Not Returned,Yes,No,,0.0,412.33,7.07,64.7,2.9,East,Kolkata,Resold,LISTING_00532,Fair,83150.0,34230.0,48920.0,58.83,0.41,Below Market Value
EC00533,PRD00533,Laptops,Pavilion,Dell,2023-05-27,140100,94530,Good,1,2026-07-27,53530,Individual,Individual,EchoChain Marketplace,No,0,1,38,7383,Expired,Returned,No,No,,0.0,184.72,9.98,44.4,4.8,North,Chandigarh,Resold,LISTING_00533,Good,94530.0,53530.0,41000.0,43.37,0.57,Below Market Value
EC00534,PRD00534,Cameras,DSLR,Sony,2023-09-19,137090,90650,Like New,2,2026-06-19,75740,Individual,Individual,OLX,No,0,0,33,9044,Expired,Not Returned,Yes,No,,0.0,460.64,7.02,53.1,3.7,North,Lucknow,Resold,LISTING_00534,Like New,90650.0,75740.0,14910.0,16.45,0.84,Below Market Value
EC00535,PRD00535,Gaming,Gaming Console,ASUS,2023-06-03,172980,154370,Fair,3,2025-01-03,53910,Individual,Individual,Amazon Renewed,No,0,1,19,11803,Expired,Not Returned,No,No,,0.0,678.36,3.9,58.8,2.6,North,Noida,Refurbished,LISTING_00535,Fair,154370.0,53910.0,100460.0,65.08,0.35,Below Market Value
EC00536,PRD00536,Home Appliances,Washing Machine,IFB,2024-10-05,34340,20290,Good,4,2029-08-05,10460,Individual,Individual,Facebook Marketplace,No,0,1,58,11912,Expired,Returned,Yes,Yes,2029-08-27,14.95,192.41,9.79,78.5,4.1,North,Delhi,Recycled,LISTING_00536,Good,20290.0,10460.0,9830.0,48.45,0.52,Below Market Value
EC00537,PRD00537,Furniture,Office Chair,Godrej,2021-02-16,36580,33190,Good,2,2023-08-16,17570,Individual,Individual,Facebook Marketplace,Yes,2490,0,30,1509,Extended,Not Returned,Yes,No,,0.0,96.84,1.73,61.3,3.0,West,Nagpur,Recycled,LISTING_00537,Good,33190.0,17570.0,15620.0,47.06,0.53,Below Market Value
EC00538,PRD00538,Home Appliances,Air Conditioner,Whirlpool,2023-05-17,56710,31240,Good,4,2028-05-17,17320,Individual,Individual,Amazon Renewed,No,0,0,60,9231,Expired,Not Returned,Yes,No,,0.0,138.74,1.59,65.8,4.3,South,Kochi,Refurbished,LISTING_00538,Good,31240.0,17320.0,13920.0,44.56,0.55,Below Market Value
EC00539,PRD00539,Audio,Smart Speaker,Sennheiser,2023-04-03,15640,12940,Fair,2,2027-07-03,4350,Individual,Individual,Cashify,Yes,1780,4,51,8536,Expired,Not Returned,No,No,,0.0,75.93,0.32,64.1,2.7,South,Hyderabad,Recycled,LISTING_00539,Fair,12940.0,4350.0,8590.0,66.38,0.34,Below Market Value
EC00540,PRD00540,Smartphones,Xperia,OnePlus,2023-07-25,66700,55870,Like New,2,2024-05-25,42750,Individual,Business,Local Dealer,No,0,4,10,10230,Active,Not Returned,Yes,Yes,2024-09-06,47.16,128.27,18.5,69.3,4.1,North,Jaipur,Resold,LISTING_00540,Like New,55870.0,42750.0,13120.0,23.48,0.77,Below Market Value
EC00541,PRD00541,Laptops,MacBook Air,Apple,2022-10-18,78950,54010,Fair,1,2023-12-18,28030,Individual,Individual,Amazon Renewed,Yes,11480,0,14,3671,Expired,Not Returned,Yes,Yes,2024-04-12,46.82,280.22,14.17,72.8,4.3,North,Jaipur,Resold,LISTING_00541,Fair,54010.0,28030.0,25980.0,48.1,0.52,Below Market Value
EC00542,PRD00542,Home Appliances,Vacuum Cleaner,LG,2021-09-26,108390,58740,Good,1,2024-04-26,52510,Individual,Individual,Amazon Renewed,Yes,11280,0,31,5942,Expired,Not Returned,Yes,No,,0.0,543.29,5.24,62.8,3.7,East,Ranchi,Resold,LISTING_00542,Good,58740.0,52510.0,6230.0,10.61,0.89,Below Market Value
EC00543,PRD00543,Gaming,VR Headset,ASUS,2022-01-05,77730,46530,Poor,2,2022-12-05,19610,Business,Individual,OLX,Yes,5120,0,11,8766,Active,Not Returned,No,No,,0.0,225.65,4.0,68.0,4.1,West,Pune,Resold,LISTING_00543,Poor,46530.0,19610.0,26920.0,57.86,0.42,Below Market Value
EC00544,PRD00544,Gaming,VR Headset,ASUS,2022-09-28,69290,64220,Good,5,2024-10-28,33010,Individual,Individual,Amazon Renewed,Yes,7490,1,25,303,Extended,Not Returned,Yes,No,,0.0,285.22,1.86,96.3,3.7,South,Hyderabad,Resold,LISTING_00544,Good,64220.0,33010.0,31210.0,48.6,0.51,Below Market Value
EC00545,PRD00545,Smartphones,Galaxy S Series,Samsung,2024-02-04,71900,56330,Good,2,2027-06-04,25950,Individual,Individual,Local Dealer,No,0,1,40,330,Extended,Not Returned,No,No,,0.0,161.81,4.13,48.7,3.8,West,Ahmedabad,Resold,LISTING_00545,Good,56330.0,25950.0,30380.0,53.93,0.46,Below Market Value
EC00546,PRD00546,Gaming,Gaming Laptop,Sony,2025-08-21,73550,35050,Fair,3,2027-09-21,27500,Individual,Individual,Local Dealer,No,0,1,25,8366,Expired,Not Returned,Yes,No,,0.0,214.57,3.4,53.2,3.2,West,Pune,Resold,LISTING_00546,Fair,35050.0,27500.0,7550.0,21.54,0.78,Below Market Value
EC00547,PRD00547,Furniture,Sofa,IKEA,2025-08-10,19830,13060,Good,2,2026-07-10,10930,Individual,Individual,Amazon Renewed,No,0,2,11,7776,Active,Not Returned,Yes,No,,0.0,40.87,0.41,50.1,3.4,South,Vijayawada,Landfill,LISTING_00547,Good,13060.0,10930.0,2130.0,16.31,0.84,Below Market Value
EC00548,PRD00548,Laptops,Inspiron,Acer,2022-10-19,91050,68640,Poor,2,2023-02-19,19840,Individual,Individual,EchoChain Marketplace,Yes,7400,0,4,8713,Active,Not Returned,Yes,No,,0.0,189.42,6.38,72.8,2.5,East,Guwahati,Recycled,LISTING_00548,Poor,68640.0,19840.0,48800.0,71.1,0.29,Below Market Value
EC00549,PRD00549,Home Appliances,Microwave,LG,2021-04-30,28930,22090,Good,1,2023-12-30,11390,Individual,Individual,Local Dealer,No,0,1,32,2563,Expired,Not Returned,Yes,No,,0.0,51.88,1.05,58.9,3.9,North,Noida,Refurbished,LISTING_00549,Good,22090.0,11390.0,10700.0,48.44,0.52,Below Market Value
EC00550,PRD00550,Home Appliances,Vacuum Cleaner,IFB,2023-04-11,118330,102160,Poor,2,2025-06-11,24900,Business,Individual,EchoChain Marketplace,No,0,0,26,1321,Expired,Returned,Yes,No,,0.0,527.99,4.64,56.8,3.6,South,Kochi,Refurbished,LISTING_00550,Poor,102160.0,24900.0,77260.0,75.63,0.24,Below Market Value
EC00551,PRD00551,Fashion,Backpack,Fossil,2025-12-16,11610,6810,Good,2,2026-10-16,6250,Individual,Business,EchoChain Marketplace,No,0,5,10,3777,Active,Not Returned,Yes,No,,0.0,55.51,0.43,59.6,5.0,North,Lucknow,Resold,LISTING_00551,Good,6810.0,6250.0,560.0,8.22,0.92,Below Market Value
EC00552,PRD00552,Laptops,IdeaPad,Apple,2025-06-16,118370,59370,Fair,3,2026-08-16,46150,Individual,Individual,Cashify,No,0,2,14,10277,Expired,Not Returned,Yes,No,,0.0,453.98,2.99,62.8,4.7,North,Lucknow,Refurbished,LISTING_00552,Fair,59370.0,46150.0,13220.0,22.27,0.78,Below Market Value
EC00553,PRD00553,Audio,Wireless Earbuds,JBL,2023-12-18,13490,8240,Poor,4,2026-08-18,2290,Individual,Individual,OLX,Yes,580,2,32,11375,Extended,Not Returned,Yes,Yes,2026-10-13,9.68,69.65,5.25,81.0,2.8,West,Ahmedabad,Resold,LISTING_00553,Poor,8240.0,2290.0,5950.0,72.21,0.28,Below Market Value
EC00554,PRD00554,Smartphones,Galaxy S Series,Google,2024-10-01,19350,12180,Like New,2,2029-01-01,8530,Individual,Business,Cashify,Yes,2160,0,51,7897,Expired,Not Returned,Yes,No,,0.0,124.01,0.48,66.0,3.7,West,Pune,Refurbished,LISTING_00554,Like New,12180.0,8530.0,3650.0,29.97,0.7,Below Market Value
EC00555,PRD00555,Home Appliances,Microwave,IFB,2023-01-11,119030,58700,Fair,2,2026-02-11,35400,Individual,Business,Cashify,Yes,11030,0,37,8722,Expired,Not Returned,Yes,No,,0.0,494.82,8.24,61.7,3.7,South,Kochi,Resold,LISTING_00555,Fair,58700.0,35400.0,23300.0,39.69,0.6,Below Market Value
EC00556,PRD00556,Laptops,IdeaPad,HP,2025-02-06,132840,97940,Good,3,2029-07-06,52170,Individual,Individual,Amazon Renewed,No,0,3,53,9474,Extended,Not Returned,Yes,No,,0.0,511.92,9.7,63.4,3.9,West,Nagpur,Recycled,LISTING_00556,Good,97940.0,52170.0,45770.0,46.73,0.53,Below Market Value
EC00557,PRD00557,Smartphones,Pixel,Samsung,2021-04-27,126940,95150,Like New,3,2023-04-27,79440,Individual,Individual,OLX,No,0,2,24,7050,Expired,Not Returned,Yes,No,,0.0,344.88,5.2,56.0,3.3,North,Lucknow,Landfill,LISTING_00557,Like New,95150.0,79440.0,15710.0,16.51,0.83,Below Market Value
EC00558,PRD00558,Gaming,VR Headset,Microsoft,2023-03-02,62140,51330,Good,1,2023-07-02,31830,Individual,Individual,Cashify,No,0,0,4,5319,Active,Not Returned,Yes,No,,0.0,37.91,4.2,43.9,4.4,South,Kochi,Resold,LISTING_00558,Good,51330.0,31830.0,19500.0,37.99,0.62,Below Market Value
EC00559,PRD00559,Smartphones,Galaxy S Series,Apple,2024-02-25,47690,35080,Good,3,2027-08-25,18540,Individual,Business,Amazon Renewed,No,0,1,42,592,Extended,Not Returned,Yes,No,,0.0,245.78,0.87,54.8,3.9,South,Vijayawada,Refurbished,LISTING_00559,Good,35080.0,18540.0,16540.0,47.15,0.53,Below Market Value
EC00560,PRD00560,Home Appliances,Microwave,Samsung,2024-11-17,106730,51770,Fair,3,2029-07-17,26380,Individual,Individual,Amazon Renewed,No,0,2,56,3238,Expired,Not Returned,Yes,No,,0.0,257.6,3.48,60.8,2.2,West,Pune,Recycled,LISTING_00560,Fair,51770.0,26380.0,25390.0,49.04,0.51,Below Market Value
EC00561,PRD00561,Fashion,Backpack,Adidas,2023-10-10,27480,16910,Fair,1,2028-09-10,6740,Individual,Individual,OLX,No,0,1,59,3659,Extended,Not Returned,Yes,No,,0.0,52.2,1.89,50.9,3.5,South,Kochi,Refurbished,LISTING_00561,Fair,16910.0,6740.0,10170.0,60.14,0.4,Below Market Value
EC00562,PRD00562,Audio,Headphones,JBL,2025-07-23,35250,18930,Fair,1,2029-08-23,9620,Individual,Individual,Local Dealer,No,0,1,49,7277,Extended,Not Returned,Yes,No,,0.0,43.42,2.6,45.3,3.5,North,Noida,Recycled,LISTING_00562,Fair,18930.0,9620.0,9310.0,49.18,0.51,Below Market Value
EC00563,PRD00563,Fashion,Backpack,Levi's,2023-12-18,5100,3300,Fair,1,2025-08-18,1600,Individual,Individual,Facebook Marketplace,No,0,3,20,11743,Extended,Returned,No,No,,0.0,5.37,0.3,50.9,3.7,South,Chennai,Refurbished,LISTING_00563,Fair,3300.0,1600.0,1700.0,51.52,0.48,Below Market Value
EC00564,PRD00564,Laptops,MacBook Air,Acer,2022-09-26,150110,84280,Good,3,2026-06-26,59070,Individual,Individual,EchoChain Marketplace,No,0,0,45,11897,Expired,Not Returned,No,No,,0.0,763.65,11.13,57.9,4.4,South,Chennai,Resold,LISTING_00564,Good,84280.0,59070.0,25210.0,29.91,0.7,Below Market Value
EC00565,PRD00565,Audio,Smart Speaker,Sony,2022-05-28,2760,1670,Fair,2,2026-06-28,800,Business,Individual,OLX,No,0,0,49,6689,Expired,Not Returned,Yes,No,,0.0,15.41,0.08,50.6,4.2,East,Patna,Resold,LISTING_00565,Fair,1670.0,800.0,870.0,52.1,0.48,Below Market Value
EC00566,PRD00566,Laptops,Pavilion,Dell,2025-11-10,141970,108180,Good,2,2027-12-10,71870,Individual,Individual,Amazon Renewed,Yes,5730,3,25,5191,Expired,Not Returned,Yes,No,,0.0,712.07,10.02,59.2,3.5,West,Ahmedabad,Recycled,LISTING_00566,Good,108180.0,71870.0,36310.0,33.56,0.66,Below Market Value
EC00567,PRD00567,Laptops,ThinkPad,Apple,2023-03-13,52840,37580,Fair,2,2023-12-13,21960,Individual,Business,Local Dealer,No,0,0,9,9357,Active,Not Returned,Yes,No,,0.0,195.64,1.6,57.5,4.2,North,Jaipur,Recycled,LISTING_00567,Fair,37580.0,21960.0,15620.0,41.56,0.58,Below Market Value
EC00568,PRD00568,Cameras,Action Camera,Panasonic,2024-01-25,82580,47740,Good,2,2028-06-25,33110,Business,Individual,Local Dealer,No,0,1,53,8038,Expired,Not Returned,Yes,No,,0.0,294.98,3.32,52.5,4.6,East,Ranchi,Recycled,LISTING_00568,Good,47740.0,33110.0,14630.0,30.65,0.69,Below Market Value
EC00569,PRD00569,Cameras,Lens,GoPro,2025-07-20,154670,95200,Good,2,2026-08-20,86490,Individual,Business,Amazon Renewed,Yes,15480,2,13,7142,Extended,Not Returned,No,No,,0.0,587.86,7.03,68.5,4.3,North,Chandigarh,Refurbished,LISTING_00569,Good,95200.0,86490.0,8710.0,9.15,0.91,Below Market Value
EC00570,PRD00570,Gaming,Controller,Sony,2024-02-16,127370,59460,Good,2,2026-11-16,54300,Individual,Individual,EchoChain Marketplace,No,0,2,33,4245,Expired,Not Returned,Yes,No,,0.0,585.03,8.2,58.8,3.7,North,Noida,Refurbished,LISTING_00570,Good,59460.0,54300.0,5160.0,8.68,0.91,Below Market Value
EC00571,PRD00571,Gaming,Gaming Laptop,Microsoft,2022-07-14,166550,145680,Like New,3,2026-02-14,76890,Individual,Individual,Cashify,Yes,16480,3,43,6137,Expired,Not Returned,Yes,No,,0.0,643.95,4.34,73.7,4.1,North,Lucknow,Resold,LISTING_00571,Like New,145680.0,76890.0,68790.0,47.22,0.53,Below Market Value
EC00572,PRD00572,Gaming,Monitor,Lenovo,2025-06-13,65360,30160,Good,3,2025-11-13,39320,Individual,Business,Local Dealer,No,0,1,5,2259,Active,Not Returned,Yes,Yes,2025-12-31,41.56,150.46,24.58,79.0,4.2,North,Lucknow,Resold,LISTING_00572,Good,30160.0,39320.0,-9160.0,-30.37,1.3,Above Market Value
EC00573,PRD00573,Cameras,Lens,GoPro,2022-05-03,60910,40960,Good,2,2024-02-03,28640,Individual,Business,Cashify,No,0,2,21,577,Expired,Not Returned,Yes,No,,0.0,164.67,3.74,61.2,3.7,West,Nagpur,Resold,LISTING_00573,Good,40960.0,28640.0,12320.0,30.08,0.7,Below Market Value
EC00574,PRD00574,Home Appliances,Washing Machine,IFB,2024-06-14,111780,62480,Good,3,2025-02-14,62500,Individual,Individual,EchoChain Marketplace,No,0,0,8,6641,Active,Not Returned,Yes,No,,0.0,241.14,1.89,61.5,3.6,West,Pune,Refurbished,LISTING_00574,Good,62480.0,62500.0,-20.0,-0.03,1.0,Above Market Value
EC00575,PRD00575,Laptops,Pavilion,Dell,2023-06-16,144990,126420,Fair,4,2025-01-16,51770,Individual,Individual,EchoChain Marketplace,No,0,0,19,4723,Expired,Not Returned,No,No,,0.0,600.07,9.01,70.1,3.2,North,Delhi,Resold,LISTING_00575,Fair,126420.0,51770.0,74650.0,59.05,0.41,Below Market Value
EC00576,PRD00576,Laptops,Pavilion,Apple,2024-07-19,128150,86660,Good,2,2028-10-19,50770,Individual,Business,Local Dealer,Yes,5310,2,51,7853,Expired,Not Returned,Yes,No,,0.0,828.48,9.0,65.0,4.5,East,Guwahati,Refurbished,LISTING_00576,Good,86660.0,50770.0,35890.0,41.41,0.59,Below Market Value
EC00577,PRD00577,Laptops,MacBook Air,Lenovo,2024-04-27,100710,86560,Like New,2,2027-02-27,58090,Individual,Individual,OLX,No,0,1,34,3386,Expired,Not Returned,Yes,No,,0.0,368.39,3.44,43.6,4.1,East,Kolkata,Refurbished,LISTING_00577,Like New,86560.0,58090.0,28470.0,32.89,0.67,Below Market Value
EC00578,PRD00578,Fashion,Jacket,Levi's,2022-12-05,23080,15110,Good,2,2025-07-05,10000,Individual,Individual,Amazon Renewed,Yes,1850,0,31,6140,Expired,Not Returned,Yes,Yes,2025-09-29,17.16,116.82,2.55,71.4,5.0,South,Kochi,Refurbished,LISTING_00578,Good,15110.0,10000.0,5110.0,33.82,0.66,Below Market Value
EC00579,PRD00579,Furniture,Bookshelf,IKEA,2025-01-10,13620,7080,Fair,2,2028-08-10,4250,Individual,Individual,OLX,No,0,0,43,5422,Expired,Not Returned,Yes,Yes,2028-10-22,8.41,84.28,3.85,64.6,4.2,North,Chandigarh,Landfill,LISTING_00579,Fair,7080.0,4250.0,2830.0,39.97,0.6,Below Market Value
EC00580,PRD00580,Laptops,Inspiron,Dell,2022-08-04,78510,67900,Like New,3,2026-11-04,38110,Individual,Individual,Local Dealer,No,0,0,51,9866,Expired,Not Returned,No,No,,0.0,480.55,2.7,64.6,3.6,West,Nagpur,Resold,LISTING_00580,Like New,67900.0,38110.0,29790.0,43.87,0.56,Below Market Value
EC00581,PRD00581,Audio,Bluetooth Speaker,JBL,2023-03-01,42360,28470,Good,1,2026-01-01,17910,Individual,Business,EchoChain Marketplace,Yes,3680,4,34,2954,Expired,Not Returned,No,No,,0.0,98.76,1.64,56.7,4.5,East,Guwahati,Resold,LISTING_00581,Good,28470.0,17910.0,10560.0,37.09,0.63,Below Market Value
EC00582,PRD00582,Home Appliances,Microwave,Daikin,2023-05-11,51820,35930,Good,4,2024-07-11,25930,Individual,Individual,EchoChain Marketplace,No,0,0,14,8792,Expired,Returned,Yes,No,,0.0,202.92,1.98,73.9,3.5,South,Vijayawada,Resold,LISTING_00582,Good,35930.0,25930.0,10000.0,27.83,0.72,Below Market Value
EC00583,PRD00583,Audio,Wireless Earbuds,Sony,2021-09-04,27600,16180,Like New,1,2024-01-04,15740,Individual,Individual,Cashify,No,0,4,28,6763,Expired,Not Returned,Yes,No,,0.0,48.91,0.65,42.5,3.9,South,Vijayawada,Resold,LISTING_00583,Like New,16180.0,15740.0,440.0,2.72,0.97,Below Market Value
EC00584,PRD00584,Furniture,Bookshelf,Godrej,2024-01-05,86290,64730,Good,2,2027-04-05,33700,Business,Business,Local Dealer,No,0,1,39,8213,Expired,Not Returned,Yes,No,,0.0,510.9,2.8,49.9,3.5,East,Bhubaneswar,Resold,LISTING_00584,Good,64730.0,33700.0,31030.0,47.94,0.52,Below Market Value
EC00585,PRD00585,Gaming,Controller,Sony,2021-06-03,79760,73270,Good,2,2025-05-03,29490,Business,Individual,Local Dealer,Yes,3530,2,47,5231,Extended,Not Returned,Yes,Yes,2025-05-31,64.66,440.45,13.53,72.5,4.3,North,Jaipur,Resold,LISTING_00585,Good,73270.0,29490.0,43780.0,59.75,0.4,Below Market Value
EC00586,PRD00586,Laptops,Pavilion,Lenovo,2025-08-07,105990,78260,Good,1,2028-05-07,48420,Business,Individual,EchoChain Marketplace,No,0,1,33,5192,Expired,Not Returned,Yes,No,,0.0,182.79,1.56,50.5,4.2,North,Jaipur,Resold,LISTING_00586,Good,78260.0,48420.0,29840.0,38.13,0.62,Below Market Value
EC00587,PRD00587,Smartphones,OnePlus,Samsung,2024-12-29,46920,37280,Like New,3,2029-10-29,20600,Individual,Individual,Facebook Marketplace,Yes,6420,3,58,6561,Expired,Not Returned,No,No,,0.0,151.75,2.28,59.3,4.6,South,Hyderabad,Refurbished,LISTING_00587,Like New,37280.0,20600.0,16680.0,44.74,0.55,Below Market Value
EC00588,PRD00588,Smartphones,Pixel,OnePlus,2023-09-24,110090,76230,Fair,1,2028-06-24,26320,Individual,Individual,Cashify,No,0,1,57,259,Expired,Not Returned,Yes,No,,0.0,116.86,2.46,46.2,3.9,West,Nagpur,Resold,LISTING_00588,Fair,76230.0,26320.0,49910.0,65.47,0.35,Below Market Value
EC00589,PRD00589,Furniture,Sofa,IKEA,2024-01-15,52490,39590,Good,1,2026-09-15,20490,Individual,Individual,OLX,No,0,2,32,5425,Extended,Returned,No,No,,0.0,66.51,2.87,49.5,3.1,East,Kolkata,Resold,LISTING_00589,Good,39590.0,20490.0,19100.0,48.24,0.52,Below Market Value
EC00590,PRD00590,Fashion,Jacket,Puma,2022-11-28,38480,26280,Good,3,2025-07-28,18680,Business,Business,EchoChain Marketplace,No,0,0,32,3901,Expired,Not Returned,Yes,No,,0.0,177.75,1.57,54.9,4.6,South,Kochi,Resold,LISTING_00590,Good,26280.0,18680.0,7600.0,28.92,0.71,Below Market Value
EC00591,PRD00591,Gaming,Monitor,Microsoft,2024-08-01,138100,91850,Good,2,2028-06-01,57430,Individual,Individual,Local Dealer,Yes,20240,3,46,4045,Expired,Not Returned,Yes,No,,0.0,749.66,5.2,68.0,3.4,West,Mumbai,Resold,LISTING_00591,Good,91850.0,57430.0,34420.0,37.47,0.63,Below Market Value
EC00592,PRD00592,Smartphones,iPhone,Sony,2024-05-28,9960,6390,Fair,3,2029-03-28,2320,Business,Individual,Amazon Renewed,Yes,620,3,58,6284,Extended,Not Returned,No,No,,0.0,23.87,0.22,72.3,3.1,South,Bengaluru,Refurbished,LISTING_00592,Fair,6390.0,2320.0,4070.0,63.69,0.36,Below Market Value
EC00593,PRD00593,Smartphones,Pixel,Google,2023-12-29,75000,52760,Like New,3,2027-11-29,32880,Business,Individual,EchoChain Marketplace,No,0,1,47,3229,Expired,Returned,Yes,No,,0.0,318.75,2.51,59.7,4.2,North,Noida,Refurbished,LISTING_00593,Like New,52760.0,32880.0,19880.0,37.68,0.62,Below Market Value
EC00594,PRD00594,Smartphones,Pixel,OnePlus,2023-12-07,28440,14050,Poor,5,2026-01-07,5690,Business,Individual,Amazon Renewed,No,0,1,25,11452,Extended,Not Returned,Yes,No,,0.0,108.79,2.22,77.1,3.6,North,Chandigarh,Resold,LISTING_00594,Poor,14050.0,5690.0,8360.0,59.5,0.4,Below Market Value
EC00595,PRD00595,Gaming,Gaming Console,Microsoft,2023-10-06,164170,76680,Good,4,2024-07-06,85030,Individual,Business,Cashify,Yes,11200,3,9,9051,Active,Not Returned,Yes,Yes,2024-09-05,49.05,681.42,61.38,100.0,4.5,North,Jaipur,Refurbished,LISTING_00595,Good,76680.0,85030.0,-8350.0,-10.89,1.11,Above Market Value
EC00596,PRD00596,Home Appliances,Vacuum Cleaner,Daikin,2021-04-04,24910,20920,Good,3,2022-11-04,11310,Business,Individual,EchoChain Marketplace,No,0,2,19,5188,Extended,Not Returned,Yes,Yes,2022-12-07,9.44,112.37,7.8,72.2,3.3,East,Kolkata,Resold,LISTING_00596,Good,20920.0,11310.0,9610.0,45.94,0.54,Below Market Value
EC00597,PRD00597,Fashion,Watch,Nike,2025-11-09,3120,2740,Fair,3,2027-12-09,1130,Individual,Individual,EchoChain Marketplace,Yes,220,2,25,4365,Expired,Not Returned,No,No,,0.0,11.47,0.17,73.3,3.6,South,Hyderabad,Resold,LISTING_00597,Fair,2740.0,1130.0,1610.0,58.76,0.41,Below Market Value
EC00598,PRD00598,Smartphones,Pixel,Samsung,2023-08-16,36780,21030,Good,4,2027-10-16,12770,Individual,Business,Cashify,No,0,0,50,1525,Expired,Not Returned,Yes,No,,0.0,140.98,1.26,59.1,4.3,West,Nagpur,Resold,LISTING_00598,Good,21030.0,12770.0,8260.0,39.28,0.61,Below Market Value
EC00599,PRD00599,Fashion,Jacket,Fossil,2023-10-09,43920,28960,Good,3,2025-01-09,19950,Business,Business,Cashify,No,0,0,15,7969,Expired,Returned,Yes,Yes,2025-04-03,23.22,213.89,4.52,84.5,3.9,West,Nagpur,Resold,LISTING_00599,Good,28960.0,19950.0,9010.0,31.11,0.69,Below Market Value
EC00600,PRD00600,Home Appliances,Air Conditioner,Daikin,2022-03-29,58560,34440,Good,1,2024-09-29,22850,Individual,Individual,Cashify,No,0,3,30,11226,Expired,Not Returned,Yes,No,,0.0,41.37,0.93,49.8,4.7,South,Chennai,Resold,LISTING_00600,Good,34440.0,22850.0,11590.0,33.65,0.66,Below Market Value
EC00601,PRD00601,Audio,Soundbar,Boat,2024-05-12,37310,34110,Poor,1,2024-12-12,9470,Individual,Individual,Amazon Renewed,Yes,3450,0,7,9131,Active,Not Returned,Yes,Yes,2025-01-04,12.44,120.78,8.77,72.2,3.5,East,Kolkata,Refurbished,LISTING_00601,Poor,34110.0,9470.0,24640.0,72.24,0.28,Below Market Value
EC00602,PRD00602,Fashion,Jacket,Puma,2023-07-01,24780,22700,Like New,1,2023-11-01,16030,Individual,Individual,Local Dealer,Yes,2630,1,4,4390,Active,Not Returned,Yes,No,,0.0,105.62,1.3,63.8,4.5,North,Chandigarh,Resold,LISTING_00602,Like New,22700.0,16030.0,6670.0,29.38,0.71,Below Market Value
EC00603,PRD00603,Smartphones,Xperia,OnePlus,2021-08-06,48550,22370,Fair,3,2025-03-06,13590,Business,Business,OLX,No,0,1,43,11129,Expired,Not Returned,Yes,No,,0.0,272.58,1.26,60.1,3.8,East,Ranchi,Resold,LISTING_00603,Fair,22370.0,13590.0,8780.0,39.25,0.61,Below Market Value
EC00604,PRD00604,Smartphones,Xperia,Apple,2022-04-19,69510,55270,Like New,3,2026-09-19,32440,Business,Individual,EchoChain Marketplace,Yes,7350,1,53,11311,Expired,Not Returned,No,No,,0.0,305.17,3.57,60.3,3.9,West,Surat,Resold,LISTING_00604,Like New,55270.0,32440.0,22830.0,41.31,0.59,Below Market Value
EC00605,PRD00605,Furniture,Dining Set,IKEA,2022-03-08,60040,32400,Good,1,2024-07-08,29070,Individual,Individual,Amazon Renewed,No,0,3,28,4147,Expired,Not Returned,Yes,No,,0.0,31.03,2.21,50.2,4.1,East,Bhubaneswar,Resold,LISTING_00605,Good,32400.0,29070.0,3330.0,10.28,0.9,Below Market Value
EC00606,PRD00606,Audio,Headphones,Sennheiser,2021-12-07,30340,14430,Good,1,2025-07-07,13270,Individual,Individual,Facebook Marketplace,Yes,2930,0,43,4627,Expired,Not Returned,Yes,Yes,2025-08-25,18.42,80.53,9.41,68.4,5.0,East,Guwahati,Resold,LISTING_00606,Good,14430.0,13270.0,1160.0,8.04,0.92,Below Market Value
EC00607,PRD00607,Home Appliances,Washing Machine,Samsung,2022-07-05,31240,21930,Fair,1,2023-08-05,12430,Individual,Individual,Local Dealer,Yes,4140,1,13,6276,Expired,Not Returned,Yes,Yes,2023-10-23,10.39,138.4,5.71,67.2,2.4,West,Ahmedabad,Resold,LISTING_00607,Fair,21930.0,12430.0,9500.0,43.32,0.57,Below Market Value
EC00608,PRD00608,Smartphones,Galaxy S Series,OnePlus,2025-06-24,14110,9610,Fair,1,2029-05-24,3910,Business,Business,Facebook Marketplace,Yes,1930,3,47,2547,Expired,Not Returned,Yes,No,,0.0,43.89,0.66,55.0,3.7,South,Vijayawada,Refurbished,LISTING_00608,Fair,9610.0,3910.0,5700.0,59.31,0.41,Below Market Value
EC00609,PRD00609,Home Appliances,Vacuum Cleaner,LG,2024-08-05,87390,78090,Good,1,2026-09-05,40850,Individual,Individual,Amazon Renewed,Yes,2780,3,25,6560,Expired,Not Returned,Yes,No,,0.0,355.82,2.93,64.8,4.4,East,Ranchi,Refurbished,LISTING_00609,Good,78090.0,40850.0,37240.0,47.69,0.52,Below Market Value
EC00610,PRD00610,Fashion,Denim,Fossil,2024-07-01,10720,5240,Good,1,2027-01-01,5270,Individual,Individual,Cashify,Yes,610,0,30,7045,Expired,Not Returned,Yes,No,,0.0,53.24,0.62,59.9,2.9,East,Ranchi,Resold,LISTING_00610,Good,5240.0,5270.0,-30.0,-0.57,1.01,Above Market Value
EC00611,PRD00611,Gaming,Gaming Console,Sony,2025-10-24,135410,127290,Like New,2,2028-06-24,79200,Individual,Individual,Cashify,No,0,1,32,2836,Expired,Not Returned,Yes,Yes,2028-07-21,117.65,548.59,50.64,63.5,4.0,North,Chandigarh,Recycled,LISTING_00611,Like New,127290.0,79200.0,48090.0,37.78,0.62,Below Market Value
EC00612,PRD00612,Smartphones,OnePlus,Sony,2021-12-23,46450,27850,Good,3,2023-11-23,23450,Individual,Individual,Local Dealer,Yes,4850,0,23,7214,Expired,Not Returned,Yes,No,,0.0,221.2,1.24,86.1,3.9,South,Vijayawada,Refurbished,LISTING_00612,Good,27850.0,23450.0,4400.0,15.8,0.84,Below Market Value
EC00613,PRD00613,Cameras,Lens,Panasonic,2021-01-23,189190,96940,Good,2,2021-05-23,101010,Individual,Individual,Amazon Renewed,No,0,2,4,10159,Active,Not Returned,Yes,No,,0.0,472.48,13.93,62.8,3.9,East,Patna,Resold,LISTING_00613,Good,96940.0,101010.0,-4070.0,-4.2,1.04,Above Market Value
EC00614,PRD00614,Smartphones,Pixel,Google,2025-11-21,91900,53900,Like New,2,2027-02-21,62580,Individual,Individual,EchoChain Marketplace,No,0,1,15,3462,Expired,Not Returned,Yes,Yes,2027-05-11,76.77,469.76,19.11,66.7,4.1,West,Pune,Resold,LISTING_00614,Like New,53900.0,62580.0,-8680.0,-16.1,1.16,Above Market Value
EC00615,PRD00615,Smartphones,Xperia,Samsung,2022-06-06,126090,109200,Fair,1,2023-01-06,52500,Individual,Individual,Cashify,No,0,4,7,1059,Active,Not Returned,Yes,No,,0.0,112.55,9.45,46.9,3.2,North,Delhi,Resold,LISTING_00615,Fair,109200.0,52500.0,56700.0,51.92,0.48,Below Market Value
EC00616,PRD00616,Furniture,Bookshelf,IKEA,2025-11-17,72980,34590,Fair,1,2029-03-17,23270,Individual,Individual,Cashify,Yes,3550,0,40,4488,Expired,Not Returned,Yes,No,,0.0,214.11,1.51,52.9,3.6,South,Hyderabad,Recycled,LISTING_00616,Fair,34590.0,23270.0,11320.0,32.73,0.67,Below Market Value
EC00617,PRD00617,Furniture,Bookshelf,Godrej,2024-01-29,46680,44250,Like New,3,2026-03-29,27980,Individual,Business,Amazon Renewed,No,0,2,26,3824,Extended,Not Returned,Yes,No,,0.0,184.18,2.72,51.4,4.6,North,Jaipur,Landfill,LISTING_00617,Like New,44250.0,27980.0,16270.0,36.77,0.63,Below Market Value
EC00618,PRD00618,Smartphones,Xperia,Google,2023-03-13,101690,85370,Fair,1,2027-06-13,24530,Individual,Individual,EchoChain Marketplace,No,0,0,51,2744,Expired,Not Returned,Yes,No,,0.0,66.52,4.39,42.1,3.9,North,Chandigarh,Refurbished,LISTING_00618,Fair,85370.0,24530.0,60840.0,71.27,0.29,Below Market Value
EC00619,PRD00619,Smartphones,Galaxy S Series,Apple,2024-04-18,82260,57160,Good,2,2028-02-18,33780,Individual,Individual,Cashify,No,0,0,46,10695,Expired,Not Returned,No,No,,0.0,486.53,6.47,49.0,4.2,South,Kochi,Recycled,LISTING_00619,Good,57160.0,33780.0,23380.0,40.9,0.59,Below Market Value
EC00620,PRD00620,Furniture,Office Chair,Wakefit,2024-05-31,78950,38170,Like New,3,2026-08-31,44230,Individual,Individual,Cashify,Yes,2530,0,27,6298,Expired,Not Returned,Yes,No,,0.0,411.49,3.81,77.7,4.7,West,Ahmedabad,Resold,LISTING_00620,Like New,38170.0,44230.0,-6060.0,-15.88,1.16,Above Market Value
EC00621,PRD00621,Smartphones,iPhone,OnePlus,2023-02-01,32820,27100,Poor,2,2027-12-01,5410,Business,Individual,Amazon Renewed,No,0,0,58,918,Expired,Not Returned,Yes,No,,0.0,111.82,2.1,48.4,2.9,South,Chennai,Landfill,LISTING_00621,Poor,27100.0,5410.0,21690.0,80.04,0.2,Below Market Value
EC00622,PRD00622,Audio,Smart Speaker,Sony,2025-08-10,38680,27280,Poor,3,2026-08-10,9100,Individual,Individual,EchoChain Marketplace,No,0,1,12,11085,Active,Not Returned,No,No,,0.0,75.56,1.72,68.2,3.9,West,Mumbai,Resold,LISTING_00622,Poor,27280.0,9100.0,18180.0,66.64,0.33,Below Market Value
EC00623,PRD00623,Laptops,Pavilion,Acer,2022-03-18,126000,102370,Like New,3,2025-10-18,65300,Individual,Individual,Cashify,No,0,0,43,7614,Expired,Not Returned,Yes,No,,0.0,297.75,8.9,54.5,4.5,West,Nagpur,Resold,LISTING_00623,Like New,102370.0,65300.0,37070.0,36.21,0.64,Below Market Value
EC00624,PRD00624,Furniture,Office Chair,Wakefit,2025-06-20,44630,32810,Fair,1,2029-07-20,10590,Individual,Individual,Local Dealer,No,0,3,49,9802,Expired,Not Returned,Yes,No,,0.0,69.68,0.73,45.6,3.5,East,Ranchi,Refurbished,LISTING_00624,Fair,32810.0,10590.0,22220.0,67.72,0.32,Below Market Value
EC00625,PRD00625,Laptops,ThinkPad,Apple,2023-02-08,29220,13790,Good,4,2024-07-08,13800,Individual,Business,Amazon Renewed,No,0,2,17,1700,Expired,Not Returned,Yes,No,,0.0,146.14,0.86,72.1,2.9,East,Bhubaneswar,Refurbished,LISTING_00625,Good,13790.0,13800.0,-10.0,-0.07,1.0,Above Market Value
EC00626,PRD00626,Gaming,Gaming Console,ASUS,2023-10-13,39340,34830,Good,3,2024-04-13,21710,Business,Individual,Cashify,No,0,0,6,1069,Active,Not Returned,Yes,No,,0.0,115.28,1.12,59.8,4.7,West,Mumbai,Resold,LISTING_00626,Good,34830.0,21710.0,13120.0,37.67,0.62,Below Market Value
EC00627,PRD00627,Furniture,Office Chair,Urban Ladder,2024-09-10,70180,34990,Fair,3,2027-05-10,21580,Individual,Individual,Amazon Renewed,No,0,2,32,8370,Expired,Not Returned,Yes,No,,0.0,179.92,1.96,59.6,3.5,West,Surat,Refurbished,LISTING_00627,Fair,34990.0,21580.0,13410.0,38.33,0.62,Below Market Value
EC00628,PRD00628,Smartphones,iPhone,Samsung,2022-05-31,95290,65040,Fair,2,2024-12-31,29590,Individual,Business,Facebook Marketplace,Yes,6090,4,31,743,Expired,Not Returned,Yes,No,,0.0,446.81,3.85,64.2,1.9,South,Vijayawada,Recycled,LISTING_00628,Fair,65040.0,29590.0,35450.0,54.5,0.45,Below Market Value
EC00629,PRD00629,Audio,Smart Speaker,Sennheiser,2023-11-06,6540,5940,Fair,1,2028-05-06,1490,Individual,Individual,Cashify,No,0,0,54,10882,Extended,Not Returned,Yes,No,,0.0,5.04,0.1,44.8,2.6,North,Noida,Resold,LISTING_00629,Fair,5940.0,1490.0,4450.0,74.92,0.25,Below Market Value
EC00630,PRD00630,Home Appliances,Air Conditioner,Daikin,2023-03-03,53760,49770,Good,3,2027-08-03,20100,Business,Business,Cashify,No,0,0,53,9525,Expired,Not Returned,Yes,No,,0.0,253.75,0.86,57.6,4.0,East,Guwahati,Resold,LISTING_00630,Good,49770.0,20100.0,29670.0,59.61,0.4,Below Market Value
EC00631,PRD00631,Gaming,Gaming Console,ASUS,2021-12-02,138450,114220,Like New,1,2026-07-02,56330,Business,Individual,Facebook Marketplace,Yes,14010,0,55,11753,Expired,Not Returned,Yes,No,,0.0,699.34,4.19,51.4,5.0,West,Pune,Recycled,LISTING_00631,Like New,114220.0,56330.0,57890.0,50.68,0.49,Below Market Value
EC00632,PRD00632,Cameras,Camcorder,Panasonic,2025-11-18,109440,53610,Poor,3,2027-12-18,20070,Individual,Business,Local Dealer,Yes,6320,4,25,4288,Expired,Not Returned,Yes,Yes,2028-01-22,69.04,365.87,22.3,79.9,2.9,South,Vijayawada,Resold,LISTING_00632,Poor,53610.0,20070.0,33540.0,62.56,0.37,Below Market Value
EC00633,PRD00633,Home Appliances,Refrigerator,LG,2021-09-15,103960,98120,Fair,2,2022-05-15,37410,Individual,Individual,Facebook Marketplace,No,0,1,8,1509,Active,Not Returned,Yes,No,,0.0,493.9,4.54,52.0,4.0,East,Guwahati,Landfill,LISTING_00633,Fair,98120.0,37410.0,60710.0,61.87,0.38,Below Market Value
EC00634,PRD00634,Smartphones,Galaxy S Series,Sony,2022-05-12,43120,35400,Like New,1,2025-11-12,21720,Individual,Business,Amazon Renewed,No,0,1,42,4766,Expired,Not Returned,No,No,,0.0,78.99,2.79,39.8,3.6,West,Surat,Refurbished,LISTING_00634,Like New,35400.0,21720.0,13680.0,38.64,0.61,Below Market Value
EC00635,PRD00635,Furniture,Sofa,Wakefit,2023-06-15,12400,8590,Fair,2,2028-05-15,3090,Business,Business,OLX,No,0,3,59,7786,Expired,Not Returned,Yes,No,,0.0,29.96,0.83,65.0,2.7,West,Mumbai,Resold,LISTING_00635,Fair,8590.0,3090.0,5500.0,64.03,0.36,Below Market Value
EC00636,PRD00636,Smartphones,Galaxy S Series,Google,2021-06-09,77800,37970,Good,4,2025-01-09,33830,Individual,Business,Amazon Renewed,No,0,5,43,5089,Expired,Not Returned,No,No,,0.0,492.07,1.69,68.6,4.5,West,Ahmedabad,Recycled,LISTING_00636,Good,37970.0,33830.0,4140.0,10.9,0.89,Below Market Value
EC00637,PRD00637,Audio,Headphones,Boat,2025-02-07,45920,33960,Good,1,2027-02-07,21860,Individual,Individual,Cashify,No,0,1,24,4696,Expired,Not Returned,No,No,,0.0,54.41,2.82,48.8,3.7,East,Kolkata,Resold,LISTING_00637,Good,33960.0,21860.0,12100.0,35.63,0.64,Below Market Value
EC00638,PRD00638,Smartphones,iPhone,Sony,2023-05-02,51090,38100,Like New,4,2023-10-02,33890,Individual,Individual,Facebook Marketplace,No,0,0,5,10174,Active,Not Returned,Yes,No,,0.0,147.53,3.37,64.0,3.8,East,Ranchi,Refurbished,LISTING_00638,Like New,38100.0,33890.0,4210.0,11.05,0.89,Below Market Value
EC00639,PRD00639,Cameras,DSLR,GoPro,2025-08-15,63190,28910,Fair,1,2027-08-15,20700,Individual,Individual,EchoChain Marketplace,No,0,0,24,10274,Expired,Not Returned,Yes,No,,0.0,49.61,2.73,42.1,3.5,North,Delhi,Recycled,LISTING_00639,Fair,28910.0,20700.0,8210.0,28.4,0.72,Below Market Value
EC00640,PRD00640,Laptops,ThinkPad,Dell,2022-11-21,49960,33860,Poor,2,2025-06-21,9230,Individual,Individual,Facebook Marketplace,No,0,0,31,11105,Extended,Not Returned,Yes,Yes,2025-10-16,27.79,156.68,7.38,56.8,2.9,South,Vijayawada,Refurbished,LISTING_00640,Poor,33860.0,9230.0,24630.0,72.74,0.27,Below Market Value
EC00641,PRD00641,Fashion,Denim,Nike,2025-08-26,8680,4760,Good,1,2026-03-26,5250,Individual,Individual,Facebook Marketplace,Yes,330,0,7,9894,Active,Not Returned,Yes,No,,0.0,20.27,0.35,63.4,3.3,West,Nagpur,Resold,LISTING_00641,Good,4760.0,5250.0,-490.0,-10.29,1.1,Above Market Value
EC00642,PRD00642,Audio,Soundbar,JBL,2022-01-15,18030,14050,Fair,2,2023-12-15,6650,Individual,Business,OLX,No,0,0,23,9752,Expired,Not Returned,No,No,,0.0,79.34,0.54,52.0,3.1,East,Bhubaneswar,Resold,LISTING_00642,Fair,14050.0,6650.0,7400.0,52.67,0.47,Below Market Value
EC00643,PRD00643,Furniture,Bookshelf,IKEA,2025-04-18,42600,34980,Like New,1,2029-05-18,17590,Individual,Individual,Amazon Renewed,Yes,4920,2,49,11441,Expired,Not Returned,Yes,Yes,2029-06-16,34.76,275.0,5.01,69.6,4.7,South,Vijayawada,Resold,LISTING_00643,Like New,34980.0,17590.0,17390.0,49.71,0.5,Below Market Value
EC00644,PRD00644,Fashion,Backpack,Fossil,2023-08-15,39050,32900,Good,1,2026-12-15,14020,Individual,Individual,Local Dealer,No,0,1,40,11334,Expired,Not Returned,No,No,,0.0,65.99,0.98,41.9,4.6,North,Jaipur,Refurbished,LISTING_00644,Good,32900.0,14020.0,18880.0,57.39,0.43,Below Market Value
EC00645,PRD00645,Fashion,Watch,Puma,2022-11-22,28290,25160,Poor,1,2024-06-22,5390,Individual,Individual,Cashify,No,0,2,19,1646,Expired,Not Returned,Yes,No,,0.0,55.83,0.56,55.2,3.6,North,Delhi,Refurbished,LISTING_00645,Poor,25160.0,5390.0,19770.0,78.58,0.21,Below Market Value
EC00646,PRD00646,Gaming,Controller,Meta,2024-12-21,112680,57200,Good,2,2028-11-21,45740,Individual,Individual,OLX,Yes,17990,1,47,5227,Extended,Not Returned,Yes,No,,0.0,623.12,8.02,62.0,4.1,East,Kolkata,Resold,LISTING_00646,Good,57200.0,45740.0,11460.0,20.03,0.8,Below Market Value
EC00647,PRD00647,Laptops,Inspiron,Apple,2025-06-25,52650,32410,Good,3,2029-08-25,20970,Individual,Business,Local Dealer,No,0,0,50,6306,Expired,Not Returned,Yes,No,,0.0,265.91,0.72,49.5,2.8,South,Vijayawada,Resold,LISTING_00647,Good,32410.0,20970.0,11440.0,35.3,0.65,Below Market Value
EC00648,PRD00648,Gaming,Monitor,Lenovo,2024-07-15,116380,67550,Like New,1,2024-10-15,72040,Individual,Individual,Local Dealer,Yes,16090,2,3,11838,Active,Not Returned,No,No,,0.0,503.23,2.78,56.6,3.1,South,Hyderabad,Refurbished,LISTING_00648,Like New,67550.0,72040.0,-4490.0,-6.65,1.07,Above Market Value
EC00649,PRD00649,Smartphones,Pixel,Apple,2025-05-20,30650,27340,Fair,1,2030-05-20,8190,Individual,Individual,Local Dealer,No,0,3,60,2271,Expired,Not Returned,Yes,No,,0.0,36.54,2.37,39.2,3.3,South,Chennai,Resold,LISTING_00649,Fair,27340.0,8190.0,19150.0,70.04,0.3,Below Market Value
EC00650,PRD00650,Gaming,Gaming Laptop,Meta,2024-12-11,90630,49550,Fair,2,2026-04-11,32580,Individual,Individual,EchoChain Marketplace,Yes,13310,3,16,1327,Expired,Not Returned,Yes,No,,0.0,348.97,5.69,69.6,3.3,North,Chandigarh,Recycled,LISTING_00650,Fair,49550.0,32580.0,16970.0,34.25,0.66,Below Market Value
EC00651,PRD00651,Cameras,DSLR,Canon,2024-04-06,215140,168440,Good,1,2024-12-06,113420,Individual,Individual,OLX,No,0,3,8,4902,Active,Not Returned,No,No,,0.0,112.25,13.64,55.2,4.1,West,Pune,Resold,LISTING_00651,Good,168440.0,113420.0,55020.0,32.66,0.67,Below Market Value
EC00652,PRD00652,Fashion,Watch,Puma,2023-12-03,23910,13420,Good,3,2026-05-03,11470,Business,Individual,EchoChain Marketplace,No,0,1,29,5851,Expired,Not Returned,Yes,No,,0.0,51.19,1.75,64.3,3.9,South,Bengaluru,Resold,LISTING_00652,Good,13420.0,11470.0,1950.0,14.53,0.85,Below Market Value
EC00653,PRD00653,Audio,Headphones,Sony,2025-04-29,35270,32800,Good,2,2026-10-29,16800,Individual,Individual,Cashify,No,0,3,18,1113,Expired,Not Returned,Yes,Yes,2026-11-27,27.13,104.55,13.73,65.4,4.2,East,Guwahati,Resold,LISTING_00653,Good,32800.0,16800.0,16000.0,48.78,0.51,Below Market Value
EC00654,PRD00654,Home Appliances,Refrigerator,Whirlpool,2021-10-12,42980,40310,Fair,3,2026-04-12,11620,Individual,Business,Amazon Renewed,No,0,0,54,11787,Extended,Not Returned,Yes,No,,0.0,233.33,1.4,58.2,3.9,East,Guwahati,Recycled,LISTING_00654,Fair,40310.0,11620.0,28690.0,71.17,0.29,Below Market Value
EC00655,PRD00655,Smartphones,OnePlus,Apple,2022-02-01,30060,25520,Good,3,2025-01-01,11720,Individual,Individual,EchoChain Marketplace,No,0,2,35,11694,Expired,Not Returned,Yes,No,,0.0,153.05,0.86,53.2,4.3,East,Kolkata,Refurbished,LISTING_00655,Good,25520.0,11720.0,13800.0,54.08,0.46,Below Market Value
EC00656,PRD00656,Audio,Wireless Earbuds,Boat,2021-01-12,6500,4330,Good,3,2022-11-12,3140,Business,Business,EchoChain Marketplace,No,0,1,22,679,Expired,Not Returned,Yes,No,,0.0,32.17,0.44,72.0,3.7,West,Nagpur,Resold,LISTING_00656,Good,4330.0,3140.0,1190.0,27.48,0.73,Below Market Value
EC00657,PRD00657,Home Appliances,Microwave,Samsung,2025-06-19,105760,64610,Good,2,2026-01-19,62890,Individual,Individual,Cashify,No,0,1,7,9926,Active,Not Returned,Yes,No,,0.0,268.08,7.0,65.7,4.7,East,Guwahati,Resold,LISTING_00657,Good,64610.0,62890.0,1720.0,2.66,0.97,Below Market Value
EC00658,PRD00658,Gaming,Controller,Lenovo,2024-08-18,46060,43390,Like New,3,2027-08-18,26660,Individual,Business,EchoChain Marketplace,Yes,2770,1,36,7523,Expired,Not Returned,Yes,No,,0.0,114.61,3.59,68.0,3.7,South,Vijayawada,Resold,LISTING_00658,Like New,43390.0,26660.0,16730.0,38.56,0.61,Below Market Value
EC00659,PRD00659,Laptops,IdeaPad,Lenovo,2024-06-30,101490,47610,Good,1,2029-06-30,36360,Individual,Individual,Cashify,No,0,2,60,5492,Extended,Not Returned,Yes,No,,0.0,156.11,4.05,35.0,4.3,West,Mumbai,Resold,LISTING_00659,Good,47610.0,36360.0,11250.0,23.63,0.76,Below Market Value
EC00660,PRD00660,Audio,Wireless Earbuds,Boat,2022-05-14,18780,16480,Fair,2,2023-02-14,7600,Individual,Individual,OLX,No,0,0,9,2504,Active,Not Returned,Yes,No,,0.0,44.31,1.08,54.0,3.4,South,Hyderabad,Resold,LISTING_00660,Fair,16480.0,7600.0,8880.0,53.88,0.46,Below Market Value
EC00661,PRD00661,Laptops,Inspiron,Apple,2023-01-24,48660,28690,Like New,3,2027-03-24,24110,Individual,Individual,OLX,No,0,2,50,7191,Expired,Not Returned,No,No,,0.0,280.45,1.57,46.9,5.0,East,Patna,Resold,LISTING_00661,Like New,28690.0,24110.0,4580.0,15.96,0.84,Below Market Value
EC00662,PRD00662,Laptops,Pavilion,Lenovo,2021-02-04,49080,40140,Fair,2,2023-01-04,17970,Individual,Individual,Local Dealer,No,0,2,23,8555,Extended,Not Returned,No,No,,0.0,225.99,3.58,58.5,3.4,West,Mumbai,Refurbished,LISTING_00662,Fair,40140.0,17970.0,22170.0,55.23,0.45,Below Market Value
EC00663,PRD00663,Home Appliances,Microwave,Samsung,2022-12-28,49050,39620,Good,1,2023-06-28,29610,Individual,Individual,OLX,No,0,3,6,8064,Active,Not Returned,Yes,No,,0.0,29.2,3.58,47.6,4.8,North,Noida,Resold,LISTING_00663,Good,39620.0,29610.0,10010.0,25.27,0.75,Below Market Value
EC00664,PRD00664,Furniture,Bookshelf,Wakefit,2023-04-29,54140,33380,Good,1,2028-04-29,16450,Individual,Individual,OLX,Yes,6350,3,60,10152,Expired,Not Returned,Yes,No,,0.0,361.71,4.22,64.3,4.2,North,Noida,Recycled,LISTING_00664,Good,33380.0,16450.0,16930.0,50.72,0.49,Below Market Value
EC00665,PRD00665,Gaming,Gaming Laptop,Sony,2021-03-31,152340,100770,Fair,3,2024-11-30,46330,Individual,Individual,Amazon Renewed,No,0,4,44,5745,Extended,Not Returned,Yes,No,,0.0,829.89,9.22,54.6,3.3,South,Kochi,Resold,LISTING_00665,Fair,100770.0,46330.0,54440.0,54.02,0.46,Below Market Value
EC00666,PRD00666,Gaming,Gaming Console,Meta,2023-02-15,167160,90920,Good,3,2024-11-15,79090,Individual,Individual,OLX,Yes,18510,1,21,8005,Expired,Not Returned,Yes,No,,0.0,631.77,7.84,69.1,3.4,West,Nagpur,Resold,LISTING_00666,Good,90920.0,79090.0,11830.0,13.01,0.87,Below Market Value
EC00667,PRD00667,Furniture,Dining Set,Urban Ladder,2022-08-28,60540,28540,Good,1,2024-07-28,25180,Business,Individual,Facebook Marketplace,No,0,1,23,4370,Extended,Not Returned,Yes,No,,0.0,97.42,3.96,39.7,3.2,North,Noida,Refurbished,LISTING_00667,Good,28540.0,25180.0,3360.0,11.77,0.88,Below Market Value
EC00668,PRD00668,Smartphones,Pixel,Sony,2023-08-28,35150,21140,Fair,4,2027-10-28,9180,Individual,Individual,Cashify,No,0,0,50,6035,Expired,Not Returned,Yes,Yes,2028-01-16,23.06,116.16,5.05,69.9,4.9,South,Vijayawada,Resold,LISTING_00668,Fair,21140.0,9180.0,11960.0,56.58,0.43,Below Market Value
EC00669,PRD00669,Fashion,Watch,Puma,2025-06-14,26530,22230,Fair,3,2030-02-14,6560,Individual,Individual,Cashify,No,0,0,56,10926,Expired,Not Returned,Yes,No,,0.0,126.0,1.89,52.3,3.6,South,Hyderabad,Refurbished,LISTING_00669,Fair,22230.0,6560.0,15670.0,70.49,0.3,Below Market Value
EC00670,PRD00670,Laptops,IdeaPad,Apple,2023-10-19,172760,136880,Like New,1,2026-08-19,102150,Individual,Individual,Local Dealer,No,0,4,34,9624,Expired,Not Returned,Yes,No,,0.0,290.45,3.15,37.3,3.5,West,Pune,Resold,LISTING_00670,Like New,136880.0,102150.0,34730.0,25.37,0.75,Below Market Value
EC00671,PRD00671,Laptops,IdeaPad,Acer,2022-02-22,91290,77480,Good,1,2025-06-22,33410,Individual,Individual,Facebook Marketplace,No,0,0,40,11502,Expired,Not Returned,Yes,No,,0.0,54.74,6.55,45.6,4.5,West,Ahmedabad,Resold,LISTING_00671,Good,77480.0,33410.0,44070.0,56.88,0.43,Below Market Value
EC00672,PRD00672,Audio,Bluetooth Speaker,Boat,2021-04-25,20770,18110,Fair,2,2024-04-25,6340,Individual,Individual,Local Dealer,Yes,1670,2,36,3805,Expired,Not Returned,Yes,Yes,2024-05-26,8.82,123.88,5.75,68.6,3.8,South,Vijayawada,Refurbished,LISTING_00672,Fair,18110.0,6340.0,11770.0,64.99,0.35,Below Market Value
EC00673,PRD00673,Laptops,Pavilion,Acer,2022-09-09,176570,89470,Fair,2,2027-04-09,44260,Individual,Individual,OLX,No,0,2,55,7907,Expired,Not Returned,Yes,Yes,2027-05-19,151.57,435.68,57.48,56.6,4.0,North,Noida,Refurbished,LISTING_00673,Fair,89470.0,44260.0,45210.0,50.53,0.49,Below Market Value
EC00674,PRD00674,Home Appliances,Air Conditioner,Whirlpool,2024-05-04,90320,51610,Fair,2,2028-07-04,22490,Individual,Individual,EchoChain Marketplace,No,0,1,50,11474,Expired,Not Returned,Yes,No,,0.0,285.13,5.12,47.0,3.7,North,Lucknow,Resold,LISTING_00674,Fair,51610.0,22490.0,29120.0,56.42,0.44,Below Market Value
EC00675,PRD00675,Fashion,Jacket,Fossil,2023-04-06,7680,3990,Fair,3,2027-10-06,1900,Business,Individual,Cashify,Yes,600,0,54,6512,Expired,Not Returned,Yes,Yes,2027-11-26,4.11,35.92,1.69,78.8,3.6,South,Hyderabad,Refurbished,LISTING_00675,Fair,3990.0,1900.0,2090.0,52.38,0.48,Below Market Value
EC00676,PRD00676,Audio,Headphones,Boat,2025-03-05,12020,8970,Good,1,2027-09-05,4710,Individual,Business,Amazon Renewed,No,0,3,30,2639,Expired,Not Returned,Yes,No,,0.0,13.06,0.48,46.6,5.0,South,Bengaluru,Resold,LISTING_00676,Good,8970.0,4710.0,4260.0,47.49,0.53,Below Market Value
EC00677,PRD00677,Smartphones,Xperia,Sony,2025-07-08,112180,76280,Like New,1,2026-02-08,78470,Business,Individual,OLX,No,0,0,7,1331,Active,Not Returned,Yes,No,,0.0,207.75,3.17,50.4,3.8,South,Chennai,Resold,LISTING_00677,Like New,76280.0,78470.0,-2190.0,-2.87,1.03,Above Market Value
EC00678,PRD00678,Cameras,Mirrorless Camera,Nikon,2025-02-25,96130,66570,Fair,1,2029-03-25,25600,Individual,Individual,OLX,Yes,12020,1,49,10576,Extended,Not Returned,Yes,No,,0.0,520.22,5.41,51.9,4.3,North,Delhi,Resold,LISTING_00678,Fair,66570.0,25600.0,40970.0,61.54,0.38,Below Market Value
EC00679,PRD00679,Smartphones,OnePlus,OnePlus,2024-01-04,90920,51000,Good,1,2024-07-04,55070,Individual,Individual,Local Dealer,No,0,2,6,3661,Active,Not Returned,Yes,No,,0.0,81.01,3.6,55.8,4.1,East,Bhubaneswar,Refurbished,LISTING_00679,Good,51000.0,55070.0,-4070.0,-7.98,1.08,Above Market Value
EC00680,PRD00680,Furniture,Study Table,Pepperfry,2022-02-17,43240,24140,Fair,2,2026-10-17,11620,Individual,Business,OLX,No,0,0,56,6629,Expired,Returned,No,No,,0.0,170.9,2.09,47.0,3.6,East,Bhubaneswar,Resold,LISTING_00680,Fair,24140.0,11620.0,12520.0,51.86,0.48,Below Market Value
EC00681,PRD00681,Cameras,Action Camera,Canon,2024-10-31,77370,48950,Good,2,2026-06-30,38470,Business,Individual,Facebook Marketplace,Yes,3100,0,20,4778,Expired,Not Returned,Yes,No,,0.0,394.98,2.16,56.9,4.4,West,Pune,Resold,LISTING_00681,Good,48950.0,38470.0,10480.0,21.41,0.79,Below Market Value
EC00682,PRD00682,Gaming,Gaming Laptop,Lenovo,2024-12-14,5340,4540,Good,3,2027-03-14,2320,Individual,Individual,Cashify,Yes,570,0,27,5539,Expired,Not Returned,Yes,No,,0.0,16.83,0.4,70.6,3.8,West,Mumbai,Resold,LISTING_00682,Good,4540.0,2320.0,2220.0,48.9,0.51,Below Market Value
EC00683,PRD00683,Smartphones,OnePlus,Samsung,2022-12-30,85730,44670,Good,2,2024-08-30,45120,Individual,Individual,EchoChain Marketplace,No,0,4,20,6013,Expired,Not Returned,Yes,No,,0.0,358.51,6.32,55.1,3.2,South,Vijayawada,Recycled,LISTING_00683,Good,44670.0,45120.0,-450.0,-1.01,1.01,Above Market Value
EC00684,PRD00684,Gaming,VR Headset,Microsoft,2024-07-24,158920,77290,Fair,1,2025-08-24,54080,Individual,Individual,EchoChain Marketplace,Yes,14780,0,13,3132,Expired,Not Returned,Yes,No,,0.0,739.79,7.53,62.1,3.1,South,Kochi,Resold,LISTING_00684,Fair,77290.0,54080.0,23210.0,30.03,0.7,Below Market Value
EC00685,PRD00685,Smartphones,iPhone,Samsung,2023-10-18,40930,38240,Poor,2,2025-05-18,8940,Individual,Individual,OLX,Yes,4350,1,19,6269,Expired,Not Returned,Yes,No,,0.0,144.05,2.29,65.1,3.3,East,Bhubaneswar,Resold,LISTING_00685,Poor,38240.0,8940.0,29300.0,76.62,0.23,Below Market Value
EC00686,PRD00686,Furniture,Study Table,Urban Ladder,2023-01-31,77660,60580,Good,2,2027-11-30,24290,Individual,Business,OLX,No,0,0,58,1660,Expired,Returned,Yes,No,,0.0,364.4,3.85,50.3,3.0,West,Mumbai,Recycled,LISTING_00686,Good,60580.0,24290.0,36290.0,59.9,0.4,Below Market Value
EC00687,PRD00687,Smartphones,Galaxy S Series,Samsung,2022-11-07,114760,67050,Fair,4,2025-11-07,34840,Individual,Individual,OLX,No,0,1,36,1696,Expired,Not Returned,Yes,No,,0.0,420.05,2.08,68.9,3.5,South,Chennai,Resold,LISTING_00687,Fair,67050.0,34840.0,32210.0,48.04,0.52,Below Market Value
EC00688,PRD00688,Smartphones,Xperia,OnePlus,2024-11-18,34920,30530,Poor,2,2027-10-18,6450,Individual,Individual,Facebook Marketplace,Yes,4720,4,35,11676,Expired,Not Returned,Yes,Yes,2027-12-19,24.36,92.64,9.15,75.1,3.4,South,Chennai,Resold,LISTING_00688,Poor,30530.0,6450.0,24080.0,78.87,0.21,Below Market Value
EC00689,PRD00689,Gaming,Gaming Laptop,ASUS,2022-04-02,166090,117700,Fair,3,2023-04-02,69080,Individual,Individual,Amazon Renewed,No,0,4,12,3224,Active,Not Returned,Yes,No,,0.0,553.19,4.07,67.2,1.6,South,Vijayawada,Recycled,LISTING_00689,Fair,117700.0,69080.0,48620.0,41.31,0.59,Below Market Value
EC00690,PRD00690,Fashion,Jacket,Levi's,2023-07-09,15390,12610,Like New,3,2027-11-09,7490,Business,Individual,Cashify,No,0,2,52,11680,Expired,Not Returned,Yes,No,,0.0,48.19,1.07,54.3,4.5,South,Vijayawada,Refurbished,LISTING_00690,Like New,12610.0,7490.0,5120.0,40.6,0.59,Below Market Value
EC00691,PRD00691,Home Appliances,Microwave,Samsung,2021-07-11,54710,30800,Fair,1,2022-08-11,22720,Business,Business,EchoChain Marketplace,Yes,6270,0,13,3721,Expired,Not Returned,Yes,No,,0.0,209.62,1.1,60.2,2.4,East,Patna,Refurbished,LISTING_00691,Fair,30800.0,22720.0,8080.0,26.23,0.74,Below Market Value
EC00692,PRD00692,Laptops,MacBook Air,Acer,2023-01-09,144490,121740,Good,2,2026-09-09,58600,Individual,Individual,Cashify,Yes,14350,0,44,1279,Expired,Not Returned,No,No,,0.0,639.57,5.52,61.1,4.6,South,Bengaluru,Refurbished,LISTING_00692,Good,121740.0,58600.0,63140.0,51.86,0.48,Below Market Value
EC00693,PRD00693,Home Appliances,Microwave,LG,2025-09-09,40080,37560,Fair,2,2028-03-09,12630,Individual,Individual,Facebook Marketplace,No,0,2,30,3991,Extended,Not Returned,Yes,No,,0.0,205.85,1.81,58.0,4.0,West,Mumbai,Resold,LISTING_00693,Fair,37560.0,12630.0,24930.0,66.37,0.34,Below Market Value
EC00694,PRD00694,Fashion,Jacket,Fossil,2024-01-28,4410,1990,Good,2,2024-05-28,2310,Individual,Business,Amazon Renewed,Yes,470,1,4,8724,Active,Not Returned,Yes,No,,0.0,15.75,0.22,73.7,4.3,South,Hyderabad,Refurbished,LISTING_00694,Good,1990.0,2310.0,-320.0,-16.08,1.16,Above Market Value
EC00695,PRD00695,Laptops,Inspiron,Lenovo,2025-04-21,76140,59270,Good,2,2028-05-21,32850,Individual,Business,EchoChain Marketplace,No,0,3,37,1748,Expired,Not Returned,Yes,No,,0.0,281.84,1.36,54.6,4.2,West,Mumbai,Resold,LISTING_00695,Good,59270.0,32850.0,26420.0,44.58,0.55,Below Market Value
EC00696,PRD00696,Laptops,ThinkPad,Apple,2023-09-05,178040,113030,Good,3,2026-06-05,79800,Individual,Individual,Cashify,No,0,1,33,11945,Expired,Not Returned,Yes,No,,0.0,535.15,5.7,65.2,4.3,North,Delhi,Resold,LISTING_00696,Good,113030.0,79800.0,33230.0,29.4,0.71,Below Market Value
EC00697,PRD00697,Smartphones,Galaxy S Series,Samsung,2023-10-06,75680,46210,Good,2,2027-02-06,26890,Individual,Individual,Local Dealer,Yes,8190,1,40,5483,Extended,Not Returned,Yes,No,,0.0,303.02,2.97,58.3,4.7,North,Lucknow,Resold,LISTING_00697,Good,46210.0,26890.0,19320.0,41.81,0.58,Below Market Value
EC00698,PRD00698,Furniture,Dining Set,IKEA,2021-04-06,21540,19000,Good,4,2024-05-06,9360,Business,Individual,Facebook Marketplace,Yes,2550,0,37,3229,Expired,Not Returned,No,No,,0.0,129.04,1.14,80.1,4.3,North,Noida,Refurbished,LISTING_00698,Good,19000.0,9360.0,9640.0,50.74,0.49,Below Market Value
EC00699,PRD00699,Smartphones,Xperia,OnePlus,2025-08-15,133860,121140,Good,1,2030-01-15,47480,Individual,Individual,Local Dealer,No,0,0,53,5969,Expired,Not Returned,Yes,No,,0.0,88.03,9.74,46.5,4.0,West,Nagpur,Refurbished,LISTING_00699,Good,121140.0,47480.0,73660.0,60.81,0.39,Below Market Value
EC00700,PRD00700,Smartphones,Pixel,Sony,2022-10-25,43450,33140,Fair,3,2025-10-25,11710,Business,Business,EchoChain Marketplace,Yes,6230,1,36,4782,Expired,Not Returned,Yes,No,,0.0,178.33,1.73,79.0,3.1,West,Surat,Resold,LISTING_00700,Fair,33140.0,11710.0,21430.0,64.67,0.35,Below Market Value
EC00701,PRD00701,Fashion,Backpack,Puma,2024-04-28,35300,19840,Good,2,2026-04-28,15050,Individual,Individual,Local Dealer,No,0,1,24,7150,Expired,Not Returned,Yes,No,,0.0,123.98,2.81,69.4,3.7,West,Ahmedabad,Refurbished,LISTING_00701,Good,19840.0,15050.0,4790.0,24.14,0.76,Below Market Value
EC00702,PRD00702,Laptops,Pavilion,Acer,2025-10-26,53010,31880,Good,1,2030-03-26,17610,Business,Individual,Local Dealer,Yes,4550,0,53,11320,Expired,Not Returned,Yes,No,,0.0,315.89,4.08,52.4,5.0,North,Lucknow,Resold,LISTING_00702,Good,31880.0,17610.0,14270.0,44.76,0.55,Below Market Value
EC00703,PRD00703,Smartphones,Pixel,Sony,2021-02-06,16340,9250,Good,4,2021-09-06,8900,Individual,Individual,OLX,Yes,2000,0,7,8420,Active,Returned,Yes,No,,0.0,78.38,0.47,87.6,3.4,South,Hyderabad,Resold,LISTING_00703,Good,9250.0,8900.0,350.0,3.78,0.96,Below Market Value
EC00704,PRD00704,Smartphones,Xperia,Sony,2025-12-09,96820,83360,Fair,2,2027-12-09,30640,Business,Individual,Amazon Renewed,No,0,2,24,6021,Expired,Not Returned,Yes,No,,0.0,444.35,4.21,52.3,2.9,North,Noida,Resold,LISTING_00704,Fair,83360.0,30640.0,52720.0,63.24,0.37,Below Market Value
EC00705,PRD00705,Gaming,Controller,Microsoft,2024-10-24,176520,112840,Fair,1,2026-05-24,56750,Business,Individual,Facebook Marketplace,No,0,1,19,5611,Expired,Not Returned,Yes,No,,0.0,222.44,11.23,42.1,2.8,South,Kochi,Recycled,LISTING_00705,Fair,112840.0,56750.0,56090.0,49.71,0.5,Below Market Value
EC00706,PRD00706,Smartphones,Xperia,Sony,2025-09-15,12510,9280,Good,2,2029-08-15,5150,Individual,Individual,Local Dealer,Yes,890,0,47,1367,Expired,Not Returned,Yes,No,,0.0,50.78,0.92,60.0,4.7,East,Patna,Resold,LISTING_00706,Good,9280.0,5150.0,4130.0,44.5,0.55,Below Market Value
EC00707,PRD00707,Laptops,MacBook Air,Lenovo,2025-03-29,86880,69450,Poor,1,2028-01-29,17750,Individual,Individual,Amazon Renewed,No,0,2,34,10376,Expired,Not Returned,Yes,No,,0.0,146.87,1.51,51.5,3.7,East,Patna,Resold,LISTING_00707,Poor,69450.0,17750.0,51700.0,74.44,0.26,Below Market Value
EC00708,PRD00708,Audio,Soundbar,Bose,2021-10-06,2320,2120,Fair,3,2023-11-06,850,Individual,Business,Facebook Marketplace,No,0,1,25,2211,Expired,Not Returned,Yes,No,,0.0,9.19,0.16,60.0,3.9,West,Pune,Refurbished,LISTING_00708,Fair,2120.0,850.0,1270.0,59.91,0.4,Below Market Value
EC00709,PRD00709,Fashion,Backpack,Nike,2021-08-05,22150,12630,Good,1,2025-02-05,8930,Individual,Business,Cashify,No,0,1,42,4092,Expired,Not Returned,Yes,No,,0.0,12.14,0.78,44.4,3.8,South,Vijayawada,Resold,LISTING_00709,Good,12630.0,8930.0,3700.0,29.3,0.71,Below Market Value
EC00710,PRD00710,Furniture,Study Table,Godrej,2023-05-17,25690,15980,Fair,1,2025-01-17,8080,Individual,Individual,OLX,Yes,3630,1,20,270,Expired,Not Returned,Yes,No,,0.0,136.32,0.94,62.0,4.5,East,Kolkata,Resold,LISTING_00710,Fair,15980.0,8080.0,7900.0,49.44,0.51,Below Market Value
EC00711,PRD00711,Audio,Headphones,JBL,2023-05-23,19220,11610,Good,2,2028-01-23,6890,Individual,Individual,Cashify,No,0,1,56,1034,Expired,Not Returned,Yes,No,,0.0,120.43,0.93,54.0,4.2,North,Delhi,Recycled,LISTING_00711,Good,11610.0,6890.0,4720.0,40.65,0.59,Below Market Value
EC00712,PRD00712,Laptops,MacBook Air,HP,2025-12-27,165890,150840,Good,3,2030-06-27,56690,Individual,Individual,Cashify,Yes,18200,0,54,142,Extended,Not Returned,Yes,Yes,2030-07-28,82.93,672.81,28.1,85.4,4.8,South,Kochi,Resold,LISTING_00712,Good,150840.0,56690.0,94150.0,62.42,0.38,Below Market Value
EC00713,PRD00713,Furniture,Sofa,Wakefit,2024-07-20,32360,17920,Fair,3,2024-10-20,12350,Business,Individual,EchoChain Marketplace,No,0,0,3,7092,Active,Not Returned,Yes,No,,0.0,137.4,1.77,69.8,2.0,North,Chandigarh,Resold,LISTING_00713,Fair,17920.0,12350.0,5570.0,31.08,0.69,Below Market Value
EC00714,PRD00714,Smartphones,Pixel,Samsung,2021-03-03,50550,43420,Good,1,2025-10-03,15900,Individual,Business,OLX,No,0,0,55,9203,Expired,Not Returned,Yes,No,,0.0,54.53,1.33,28.0,4.5,North,Chandigarh,Refurbished,LISTING_00714,Good,43420.0,15900.0,27520.0,63.38,0.37,Below Market Value
EC00715,PRD00715,Smartphones,Xperia,Apple,2022-08-19,133090,65130,Fair,2,2027-03-19,34670,Business,Individual,Cashify,No,0,0,55,2352,Expired,Not Returned,Yes,No,,0.0,620.65,10.36,48.9,2.9,West,Mumbai,Refurbished,LISTING_00715,Fair,65130.0,34670.0,30460.0,46.77,0.53,Below Market Value
EC00716,PRD00716,Laptops,Pavilion,Acer,2022-12-30,124970,94210,Like New,3,2027-05-30,58470,Individual,Individual,OLX,Yes,8820,2,53,2485,Expired,Not Returned,Yes,No,,0.0,640.68,6.69,69.1,4.6,South,Vijayawada,Resold,LISTING_00716,Like New,94210.0,58470.0,35740.0,37.94,0.62,Below Market Value
EC00717,PRD00717,Laptops,MacBook Air,Dell,2024-09-27,110580,84850,Good,1,2029-05-27,39450,Individual,Individual,OLX,No,0,0,56,2436,Expired,Not Returned,No,No,,0.0,156.25,3.71,48.6,5.0,West,Nagpur,Resold,LISTING_00717,Good,84850.0,39450.0,45400.0,53.51,0.46,Below Market Value
EC00718,PRD00718,Furniture,Dining Set,Godrej,2022-02-01,83980,43210,Poor,1,2023-08-01,16860,Individual,Individual,Cashify,No,0,0,18,10993,Expired,Not Returned,No,No,,0.0,98.95,2.38,47.1,2.8,North,Delhi,Resold,LISTING_00718,Poor,43210.0,16860.0,26350.0,60.98,0.39,Below Market Value
EC00719,PRD00719,Home Appliances,Air Conditioner,LG,2022-11-30,75850,56730,Good,2,2024-10-30,39420,Individual,Business,Amazon Renewed,No,0,0,23,7718,Extended,Returned,Yes,Yes,2025-01-28,66.8,310.22,19.47,52.9,4.4,South,Chennai,Recycled,LISTING_00719,Good,56730.0,39420.0,17310.0,30.51,0.69,Below Market Value
EC00720,PRD00720,Furniture,Sofa,Urban Ladder,2023-11-09,59360,45860,Fair,1,2028-08-09,13380,Business,Business,Amazon Renewed,Yes,9310,2,57,1079,Expired,Not Returned,Yes,No,,0.0,260.66,3.42,50.4,3.5,West,Ahmedabad,Recycled,LISTING_00720,Fair,45860.0,13380.0,32480.0,70.82,0.29,Below Market Value
EC00721,PRD00721,Audio,Soundbar,Bose,2021-06-26,31150,18490,Poor,4,2022-08-26,6530,Individual,Business,Cashify,Yes,1340,0,14,7063,Extended,Not Returned,Yes,No,,0.0,85.47,2.2,76.2,3.5,South,Bengaluru,Refurbished,LISTING_00721,Poor,18490.0,6530.0,11960.0,64.68,0.35,Below Market Value
EC00722,PRD00722,Smartphones,Galaxy S Series,OnePlus,2025-06-24,33610,30270,Fair,1,2029-10-24,8900,Individual,Individual,Amazon Renewed,Yes,1380,3,52,11781,Expired,Not Returned,Yes,No,,0.0,193.38,1.25,57.6,4.6,South,Kochi,Resold,LISTING_00722,Fair,30270.0,8900.0,21370.0,70.6,0.29,Below Market Value
EC00723,PRD00723,Smartphones,iPhone,Sony,2022-01-31,96340,71200,Poor,1,2025-02-28,16920,Individual,Business,OLX,No,0,0,37,7838,Expired,Not Returned,Yes,No,,0.0,171.17,2.52,43.3,3.5,North,Lucknow,Recycled,LISTING_00723,Poor,71200.0,16920.0,54280.0,76.24,0.24,Below Market Value
EC00724,PRD00724,Smartphones,Pixel,Google,2022-03-21,56520,28110,Like New,2,2024-06-21,28380,Individual,Individual,Local Dealer,No,0,1,27,6148,Expired,Not Returned,Yes,No,,0.0,216.55,1.9,56.1,5.0,West,Nagpur,Resold,LISTING_00724,Like New,28110.0,28380.0,-270.0,-0.96,1.01,Above Market Value
EC00725,PRD00725,Cameras,DSLR,Nikon,2024-06-10,79920,37890,Good,3,2028-09-10,27690,Individual,Individual,Cashify,No,0,1,51,1570,Expired,Not Returned,No,No,,0.0,374.03,5.06,66.5,5.0,North,Jaipur,Resold,LISTING_00725,Good,37890.0,27690.0,10200.0,26.92,0.73,Below Market Value
EC00726,PRD00726,Smartphones,OnePlus,Apple,2021-03-17,48870,39520,Good,4,2025-09-17,17920,Business,Individual,OLX,Yes,5490,1,54,11843,Extended,Not Returned,Yes,No,,0.0,248.1,1.88,67.9,3.8,East,Bhubaneswar,Landfill,LISTING_00726,Good,39520.0,17920.0,21600.0,54.66,0.45,Below Market Value
EC00727,PRD00727,Audio,Smart Speaker,Sennheiser,2021-09-22,17140,11400,Fair,1,2023-10-22,5140,Individual,Individual,OLX,No,0,0,25,8472,Expired,Not Returned,Yes,No,,0.0,32.47,1.05,40.2,3.8,West,Ahmedabad,Resold,LISTING_00727,Fair,11400.0,5140.0,6260.0,54.91,0.45,Below Market Value
EC00728,PRD00728,Furniture,Office Chair,Urban Ladder,2022-03-31,71250,36900,Fair,1,2024-08-31,25090,Individual,Individual,OLX,Yes,8820,0,29,2852,Expired,Not Returned,Yes,Yes,2024-11-17,61.06,167.41,10.08,63.6,2.3,North,Jaipur,Refurbished,LISTING_00728,Fair,36900.0,25090.0,11810.0,32.01,0.68,Below Market Value
EC00729,PRD00729,Furniture,Office Chair,IKEA,2025-12-25,69460,38660,Fair,1,2030-08-25,18190,Individual,Individual,OLX,No,0,0,56,8201,Expired,Not Returned,Yes,No,,0.0,116.71,3.73,38.3,3.1,North,Jaipur,Refurbished,LISTING_00729,Fair,38660.0,18190.0,20470.0,52.95,0.47,Below Market Value
EC00730,PRD00730,Smartphones,Galaxy S Series,Google,2022-12-19,118690,86120,Like New,2,2027-05-19,46840,Individual,Individual,Amazon Renewed,Yes,7540,1,53,6406,Expired,Not Returned,Yes,No,,0.0,286.75,5.14,64.1,4.6,North,Lucknow,Refurbished,LISTING_00730,Like New,86120.0,46840.0,39280.0,45.61,0.54,Below Market Value
EC00731,PRD00731,Home Appliances,Air Conditioner,Samsung,2023-01-05,13590,8670,Good,2,2025-01-05,6460,Individual,Individual,EchoChain Marketplace,No,0,2,24,7046,Expired,Not Returned,Yes,No,,0.0,68.73,0.57,57.6,5.0,East,Bhubaneswar,Recycled,LISTING_00731,Good,8670.0,6460.0,2210.0,25.49,0.75,Below Market Value
EC00732,PRD00732,Laptops,IdeaPad,Lenovo,2024-11-08,130490,78660,Good,3,2026-11-08,64760,Individual,Business,Amazon Renewed,Yes,7100,0,24,9391,Expired,Not Returned,No,No,,0.0,566.88,9.26,74.9,4.8,West,Ahmedabad,Refurbished,LISTING_00732,Good,78660.0,64760.0,13900.0,17.67,0.82,Below Market Value
EC00733,PRD00733,Gaming,Controller,Microsoft,2025-05-07,136830,111520,Poor,2,2028-03-07,27810,Individual,Individual,EchoChain Marketplace,No,0,3,34,9175,Expired,Not Returned,Yes,No,,0.0,530.83,7.85,62.9,2.9,East,Bhubaneswar,Resold,LISTING_00733,Poor,111520.0,27810.0,83710.0,75.06,0.25,Below Market Value
EC00734,PRD00734,Smartphones,Galaxy S Series,Google,2023-05-01,112990,70980,Poor,3,2023-12-01,26100,Individual,Individual,Local Dealer,Yes,14680,0,7,6903,Active,Not Returned,Yes,No,,0.0,394.02,8.09,82.3,2.8,North,Chandigarh,Resold,LISTING_00734,Poor,70980.0,26100.0,44880.0,63.23,0.37,Below Market Value
EC00735,PRD00735,Furniture,Study Table,Wakefit,2025-03-10,50150,34970,Good,2,2027-07-10,24440,Individual,Individual,Facebook Marketplace,No,0,0,28,6947,Expired,Returned,Yes,No,,0.0,186.86,2.54,45.1,3.6,West,Surat,Refurbished,LISTING_00735,Good,34970.0,24440.0,10530.0,30.11,0.7,Below Market Value
EC00736,PRD00736,Smartphones,Galaxy S Series,Sony,2024-10-22,51710,46890,Fair,3,2028-04-22,16430,Individual,Individual,Amazon Renewed,No,0,1,42,3043,Expired,Not Returned,Yes,No,,0.0,298.87,2.46,57.3,3.7,South,Bengaluru,Resold,LISTING_00736,Fair,46890.0,16430.0,30460.0,64.96,0.35,Below Market Value
EC00737,PRD00737,Cameras,Action Camera,Canon,2021-05-24,160250,142820,Poor,1,2025-09-24,24280,Individual,Individual,OLX,No,0,3,52,7200,Expired,Not Returned,Yes,No,,0.0,169.49,11.67,43.6,2.8,West,Nagpur,Refurbished,LISTING_00737,Poor,142820.0,24280.0,118540.0,83.0,0.17,Below Market Value
EC00738,PRD00738,Home Appliances,Washing Machine,Whirlpool,2023-06-04,27920,19140,Good,2,2025-06-04,11760,Individual,Individual,Cashify,No,0,1,24,2805,Extended,Not Returned,Yes,Yes,2025-07-17,15.36,124.37,5.87,67.3,2.2,East,Bhubaneswar,Recycled,LISTING_00738,Good,19140.0,11760.0,7380.0,38.56,0.61,Below Market Value
EC00739,PRD00739,Fashion,Sneakers,Adidas,2023-12-29,10270,9750,Fair,1,2028-02-29,2970,Individual,Business,Local Dealer,Yes,910,0,50,3954,Expired,Not Returned,Yes,No,,0.0,29.72,0.59,60.5,3.8,South,Hyderabad,Refurbished,LISTING_00739,Fair,9750.0,2970.0,6780.0,69.54,0.3,Below Market Value
EC00740,PRD00740,Audio,Wireless Earbuds,Boat,2024-01-28,21960,12330,Fair,4,2025-08-28,7280,Business,Business,EchoChain Marketplace,No,0,0,19,9337,Expired,Not Returned,Yes,No,,0.0,62.05,0.99,73.0,3.4,South,Hyderabad,Refurbished,LISTING_00740,Fair,12330.0,7280.0,5050.0,40.96,0.59,Below Market Value
EC00741,PRD00741,Furniture,Bookshelf,Godrej,2022-01-31,48130,38510,Fair,1,2023-09-30,18760,Individual,Individual,Amazon Renewed,No,0,1,20,1595,Expired,Not Returned,Yes,No,,0.0,51.97,2.13,43.3,3.0,West,Nagpur,Resold,LISTING_00741,Fair,38510.0,18760.0,19750.0,51.29,0.49,Below Market Value
EC00742,PRD00742,Smartphones,Xperia,Samsung,2023-11-15,34480,30410,Like New,2,2026-09-15,19160,Business,Individual,Local Dealer,Yes,2890,0,34,6760,Expired,Not Returned,Yes,Yes,2026-11-19,25.7,162.24,12.51,72.8,4.4,South,Hyderabad,Resold,LISTING_00742,Like New,30410.0,19160.0,11250.0,36.99,0.63,Below Market Value
EC00743,PRD00743,Home Appliances,Refrigerator,LG,2023-08-06,38100,27490,Good,3,2026-05-06,17610,Individual,Individual,EchoChain Marketplace,No,0,0,33,8094,Extended,Not Returned,Yes,No,,0.0,205.24,0.75,64.6,4.7,East,Guwahati,Refurbished,LISTING_00743,Good,27490.0,17610.0,9880.0,35.94,0.64,Below Market Value
EC00744,PRD00744,Fashion,Jacket,Nike,2023-06-10,26940,16740,Good,3,2024-06-10,14160,Individual,Individual,Facebook Marketplace,Yes,3000,0,12,812,Active,Not Returned,Yes,No,,0.0,48.44,1.16,85.2,3.9,East,Guwahati,Recycled,LISTING_00744,Good,16740.0,14160.0,2580.0,15.41,0.85,Below Market Value
EC00745,PRD00745,Laptops,MacBook Air,Apple,2025-02-01,36870,18550,Fair,3,2027-10-01,10190,Individual,Business,OLX,Yes,4100,3,32,10614,Expired,Not Returned,No,No,,0.0,125.46,2.53,74.8,3.7,West,Mumbai,Refurbished,LISTING_00745,Fair,18550.0,10190.0,8360.0,45.07,0.55,Below Market Value
EC00746,PRD00746,Fashion,Jacket,Levi's,2025-02-16,24100,12410,Like New,1,2030-01-16,9780,Individual,Business,EchoChain Marketplace,No,0,0,59,7561,Expired,Not Returned,Yes,No,,0.0,14.14,0.92,40.7,4.1,East,Kolkata,Resold,LISTING_00746,Like New,12410.0,9780.0,2630.0,21.19,0.79,Below Market Value
EC00747,PRD00747,Smartphones,Pixel,OnePlus,2025-05-08,37010,32890,Like New,4,2026-12-08,21890,Individual,Individual,Cashify,Yes,1740,1,19,6331,Expired,Not Returned,Yes,No,,0.0,129.24,1.59,90.7,4.2,North,Delhi,Resold,LISTING_00747,Like New,32890.0,21890.0,11000.0,33.44,0.67,Below Market Value
EC00748,PRD00748,Home Appliances,Washing Machine,Whirlpool,2024-03-20,22250,18420,Good,1,2028-10-20,8210,Individual,Individual,EchoChain Marketplace,No,0,0,55,7601,Expired,Not Returned,No,No,,0.0,11.89,1.11,42.3,2.8,West,Mumbai,Refurbished,LISTING_00748,Good,18420.0,8210.0,10210.0,55.43,0.45,Below Market Value
EC00749,PRD00749,Cameras,Mirrorless Camera,Canon,2024-03-13,163620,109600,Good,1,2026-07-13,78830,Individual,Individual,EchoChain Marketplace,No,0,1,28,3216,Expired,Not Returned,Yes,No,,0.0,189.82,12.23,42.8,5.0,South,Vijayawada,Recycled,LISTING_00749,Good,109600.0,78830.0,30770.0,28.07,0.72,Below Market Value
EC00750,PRD00750,Home Appliances,Refrigerator,Whirlpool,2022-07-23,73230,59600,Fair,1,2027-07-23,16770,Individual,Business,Facebook Marketplace,Yes,5090,0,60,4313,Expired,Not Returned,Yes,Yes,2027-09-19,39.83,377.69,13.63,63.4,4.9,West,Mumbai,Recycled,LISTING_00750,Fair,59600.0,16770.0,42830.0,71.86,0.28,Below Market Value
EC00751,PRD00751,Audio,Bluetooth Speaker,JBL,2023-11-29,27540,24850,Good,2,2028-01-29,9130,Individual,Individual,Cashify,No,0,0,50,2692,Expired,Returned,Yes,No,,0.0,124.27,0.46,46.4,3.6,South,Hyderabad,Resold,LISTING_00751,Good,24850.0,9130.0,15720.0,63.26,0.37,Below Market Value
EC00752,PRD00752,Fashion,Denim,Levi's,2021-04-19,3850,3260,Fair,2,2025-09-19,1070,Individual,Individual,Facebook Marketplace,No,0,0,53,1458,Expired,Not Returned,Yes,No,,0.0,10.66,0.12,58.8,3.7,West,Pune,Recycled,LISTING_00752,Fair,3260.0,1070.0,2190.0,67.18,0.33,Below Market Value
EC00753,PRD00753,Smartphones,Xperia,Samsung,2025-09-13,87920,48350,Good,2,2026-11-13,49650,Individual,Individual,Cashify,Yes,4360,1,14,3706,Expired,Not Returned,No,No,,0.0,176.33,6.68,69.1,2.8,East,Guwahati,Recycled,LISTING_00753,Good,48350.0,49650.0,-1300.0,-2.69,1.03,Above Market Value
EC00754,PRD00754,Laptops,IdeaPad,Lenovo,2023-12-02,85240,75470,Good,1,2028-05-02,33010,Individual,Individual,OLX,Yes,12010,0,53,10757,Extended,Not Returned,Yes,No,,0.0,571.82,6.68,59.5,4.6,North,Jaipur,Refurbished,LISTING_00754,Good,75470.0,33010.0,42460.0,56.26,0.44,Below Market Value
EC00755,PRD00755,Home Appliances,Microwave,LG,2024-04-24,99230,75990,Good,1,2029-01-24,34270,Business,Individual,Facebook Marketplace,No,0,0,57,9738,Expired,Not Returned,Yes,No,,0.0,151.8,6.17,36.8,4.1,East,Bhubaneswar,Refurbished,LISTING_00755,Good,75990.0,34270.0,41720.0,54.9,0.45,Below Market Value
EC00756,PRD00756,Gaming,Gaming Console,Sony,2023-07-24,42590,39420,Good,2,2025-12-24,20680,Individual,Business,Facebook Marketplace,No,0,3,29,5552,Expired,Not Returned,Yes,No,,0.0,106.54,2.48,54.3,3.8,West,Ahmedabad,Resold,LISTING_00756,Good,39420.0,20680.0,18740.0,47.54,0.52,Below Market Value
EC00757,PRD00757,Cameras,Action Camera,Canon,2022-02-02,161350,104980,Good,2,2025-04-02,60740,Individual,Individual,EchoChain Marketplace,Yes,24770,0,38,7089,Extended,Returned,Yes,No,,0.0,479.34,9.96,63.7,3.6,East,Kolkata,Refurbished,LISTING_00757,Good,104980.0,60740.0,44240.0,42.14,0.58,Below Market Value
EC00758,PRD00758,Gaming,VR Headset,Lenovo,2024-05-31,132540,104430,Like New,1,2025-12-31,82860,Business,Individual,OLX,No,0,2,19,2303,Extended,Not Returned,Yes,No,,0.0,210.15,9.22,56.0,4.0,West,Nagpur,Resold,LISTING_00758,Like New,104430.0,82860.0,21570.0,20.65,0.79,Below Market Value
EC00759,PRD00759,Smartphones,Galaxy S Series,Samsung,2022-09-26,24400,19830,Poor,1,2025-07-26,3970,Individual,Individual,Local Dealer,Yes,2050,1,34,11276,Expired,Not Returned,Yes,No,,0.0,51.25,0.59,58.8,3.5,West,Surat,Resold,LISTING_00759,Poor,19830.0,3970.0,15860.0,79.98,0.2,Below Market Value
EC00760,PRD00760,Smartphones,OnePlus,Apple,2024-03-02,93410,43870,Good,4,2025-02-02,54620,Individual,Individual,Local Dealer,No,0,1,11,8905,Active,Not Returned,Yes,No,,0.0,296.38,6.05,73.1,4.4,South,Hyderabad,Refurbished,LISTING_00760,Good,43870.0,54620.0,-10750.0,-24.5,1.25,Above Market Value
EC00761,PRD00761,Fashion,Backpack,Levi's,2024-04-01,8810,5120,Poor,3,2027-08-01,1480,Individual,Business,Local Dealer,No,0,0,40,7086,Expired,Not Returned,No,No,,0.0,43.4,0.59,59.4,3.1,North,Chandigarh,Resold,LISTING_00761,Poor,5120.0,1480.0,3640.0,71.09,0.29,Below Market Value
EC00762,PRD00762,Smartphones,Pixel,Samsung,2024-05-23,18660,11030,Like New,1,2028-06-23,8480,Individual,Individual,EchoChain Marketplace,No,0,0,49,1286,Extended,Not Returned,Yes,No,,0.0,33.19,0.5,44.1,4.1,North,Delhi,Resold,LISTING_00762,Like New,11030.0,8480.0,2550.0,23.12,0.77,Below Market Value
EC00763,PRD00763,Fashion,Denim,Levi's,2023-01-03,13690,10380,Good,1,2023-07-03,7330,Business,Individual,Facebook Marketplace,No,0,2,6,6521,Active,Not Returned,Yes,No,,0.0,18.37,0.6,50.0,4.3,West,Ahmedabad,Resold,LISTING_00763,Good,10380.0,7330.0,3050.0,29.38,0.71,Below Market Value
EC00764,PRD00764,Home Appliances,Vacuum Cleaner,IFB,2021-08-23,99880,77040,Fair,1,2025-10-23,24560,Business,Individual,Amazon Renewed,Yes,13270,2,50,10956,Expired,Not Returned,Yes,Yes,2025-12-24,69.31,245.96,12.4,64.4,3.1,North,Lucknow,Refurbished,LISTING_00764,Fair,77040.0,24560.0,52480.0,68.12,0.32,Below Market Value
EC00765,PRD00765,Furniture,Sofa,IKEA,2022-10-20,85080,48810,Good,4,2027-06-20,28160,Individual,Individual,EchoChain Marketplace,No,0,0,56,6516,Expired,Not Returned,No,No,,0.0,229.07,4.06,61.9,3.6,North,Lucknow,Refurbished,LISTING_00765,Good,48810.0,28160.0,20650.0,42.31,0.58,Below Market Value
EC00766,PRD00766,Fashion,Jacket,Puma,2023-01-21,34420,26700,Fair,2,2025-07-21,11660,Business,Individual,Amazon Renewed,No,0,0,30,5162,Expired,Not Returned,Yes,No,,0.0,71.28,2.44,46.1,3.1,West,Pune,Resold,LISTING_00766,Fair,26700.0,11660.0,15040.0,56.33,0.44,Below Market Value
EC00767,PRD00767,Home Appliances,Air Conditioner,Samsung,2022-08-11,36660,31480,Fair,2,2024-04-11,12350,Individual,Business,OLX,No,0,4,20,6021,Expired,Not Returned,Yes,No,,0.0,159.32,1.37,64.8,2.9,South,Hyderabad,Resold,LISTING_00767,Fair,31480.0,12350.0,19130.0,60.77,0.39,Below Market Value
EC00768,PRD00768,Laptops,IdeaPad,HP,2023-10-30,141040,89630,Fair,5,2028-04-30,32250,Individual,Individual,Local Dealer,No,0,0,54,1115,Extended,Not Returned,Yes,No,,0.0,786.15,9.91,74.7,3.4,South,Hyderabad,Resold,LISTING_00768,Fair,89630.0,32250.0,57380.0,64.02,0.36,Below Market Value
EC00769,PRD00769,Laptops,MacBook Air,Dell,2024-01-03,177500,121060,Like New,4,2024-10-03,104630,Business,Business,EchoChain Marketplace,No,0,0,9,11564,Active,Not Returned,No,No,,0.0,818.12,8.19,83.0,3.9,North,Chandigarh,Refurbished,LISTING_00769,Like New,121060.0,104630.0,16430.0,13.57,0.86,Below Market Value
EC00770,PRD00770,Audio,Wireless Earbuds,Sony,2023-08-12,8680,5810,Good,1,2023-12-12,5310,Individual,Individual,EchoChain Marketplace,No,0,0,4,1397,Active,Returned,Yes,Yes,2024-01-07,3.67,5.82,2.47,64.8,3.4,North,Lucknow,Resold,LISTING_00770,Good,5810.0,5310.0,500.0,8.61,0.91,Below Market Value
EC00771,PRD00771,Smartphones,OnePlus,Google,2022-05-07,64550,35540,Like New,1,2023-08-07,37090,Individual,Individual,EchoChain Marketplace,No,0,0,15,10910,Extended,Not Returned,Yes,No,,0.0,104.39,1.07,39.8,3.6,West,Pune,Refurbished,LISTING_00771,Like New,35540.0,37090.0,-1550.0,-4.36,1.04,Above Market Value
EC00772,PRD00772,Gaming,Controller,Microsoft,2023-07-02,145250,84560,Good,2,2026-01-02,61520,Business,Individual,Local Dealer,Yes,17230,2,30,9998,Expired,Not Returned,Yes,Yes,2026-01-12,47.73,646.11,29.26,76.1,3.8,North,Noida,Resold,LISTING_00772,Good,84560.0,61520.0,23040.0,27.25,0.73,Below Market Value
EC00773,PRD00773,Home Appliances,Vacuum Cleaner,Samsung,2024-06-30,38880,36410,Fair,3,2028-05-30,9660,Business,Individual,OLX,Yes,5680,3,47,6087,Expired,Not Returned,Yes,Yes,2028-08-03,34.69,115.74,13.78,81.2,4.1,North,Delhi,Recycled,LISTING_00773,Fair,36410.0,9660.0,26750.0,73.47,0.27,Below Market Value
EC00774,PRD00774,Fashion,Watch,Adidas,2024-06-07,15660,8220,Good,5,2026-07-07,7680,Individual,Individual,Facebook Marketplace,No,0,0,25,2322,Expired,Not Returned,Yes,No,,0.0,82.9,1.02,76.8,5.0,East,Ranchi,Resold,LISTING_00774,Good,8220.0,7680.0,540.0,6.57,0.93,Below Market Value
EC00775,PRD00775,Fashion,Denim,Nike,2025-03-23,2410,1660,Good,2,2029-01-23,1010,Individual,Individual,Cashify,No,0,2,46,9261,Extended,Not Returned,Yes,Yes,2029-04-24,0.98,10.28,0.32,60.2,3.4,South,Vijayawada,Resold,LISTING_00775,Good,1660.0,1010.0,650.0,39.16,0.61,Below Market Value
EC00776,PRD00776,Audio,Smart Speaker,Boat,2024-04-12,2900,1960,Good,3,2025-10-12,1400,Individual,Business,Amazon Renewed,No,0,1,18,292,Expired,Not Returned,Yes,No,,0.0,14.29,0.12,58.8,3.8,East,Ranchi,Resold,LISTING_00776,Good,1960.0,1400.0,560.0,28.57,0.71,Below Market Value
EC00777,PRD00777,Cameras,DSLR,GoPro,2025-08-04,107930,50250,Poor,2,2029-04-04,18910,Individual,Individual,Cashify,Yes,3610,1,44,11959,Expired,Not Returned,Yes,No,,0.0,560.72,2.69,50.3,2.3,West,Pune,Refurbished,LISTING_00777,Poor,50250.0,18910.0,31340.0,62.37,0.38,Below Market Value
EC00778,PRD00778,Audio,Soundbar,Boat,2024-04-06,15950,7310,Fair,3,2024-09-06,6280,Individual,Individual,Local Dealer,Yes,1160,0,5,4203,Active,Not Returned,Yes,Yes,2024-12-20,13.96,50.42,2.92,90.1,2.9,East,Patna,Recycled,LISTING_00778,Fair,7310.0,6280.0,1030.0,14.09,0.86,Below Market Value
EC00779,PRD00779,Smartphones,Pixel,Google,2021-06-19,78320,44540,Like New,1,2024-10-19,43840,Individual,Individual,Facebook Marketplace,No,0,0,40,4784,Expired,Not Returned,Yes,No,,0.0,63.36,3.22,49.9,3.7,North,Chandigarh,Resold,LISTING_00779,Like New,44540.0,43840.0,700.0,1.57,0.98,Below Market Value
EC00780,PRD00780,Home Appliances,Refrigerator,Daikin,2024-11-17,38490,19490,Good,1,2025-04-17,21120,Individual,Individual,Facebook Marketplace,No,0,1,5,3876,Active,Not Returned,Yes,Yes,2025-08-04,24.12,64.44,13.28,61.2,4.1,South,Kochi,Resold,LISTING_00780,Good,19490.0,21120.0,-1630.0,-8.36,1.08,Above Market Value
EC00781,PRD00781,Audio,Soundbar,Sony,2023-08-04,10290,8310,Good,2,2027-04-04,4370,Individual,Individual,OLX,No,0,0,44,4187,Expired,Not Returned,Yes,No,,0.0,58.97,0.37,43.2,3.3,North,Noida,Refurbished,LISTING_00781,Good,8310.0,4370.0,3940.0,47.41,0.53,Below Market Value
EC00782,PRD00782,Cameras,Mirrorless Camera,Sony,2023-03-06,184900,113500,Good,2,2026-11-06,73260,Business,Individual,Facebook Marketplace,No,0,1,44,7350,Expired,Not Returned,Yes,No,,0.0,1090.88,8.6,58.3,3.3,West,Nagpur,Refurbished,LISTING_00782,Good,113500.0,73260.0,40240.0,35.45,0.65,Below Market Value
EC00783,PRD00783,Home Appliances,Microwave,IFB,2022-09-26,33140,20030,Good,2,2026-03-26,13710,Business,Individual,Cashify,No,0,3,42,5425,Expired,Not Returned,No,No,,0.0,70.94,1.57,51.6,3.8,North,Jaipur,Refurbished,LISTING_00783,Good,20030.0,13710.0,6320.0,31.55,0.68,Below Market Value
EC00784,PRD00784,Laptops,MacBook Air,HP,2024-05-02,163590,92390,Good,3,2026-02-02,83260,Individual,Individual,Amazon Renewed,No,0,0,21,5523,Expired,Not Returned,Yes,No,,0.0,771.42,12.58,65.2,4.3,North,Delhi,Resold,LISTING_00784,Good,92390.0,83260.0,9130.0,9.88,0.9,Below Market Value
EC00785,PRD00785,Furniture,Office Chair,Godrej,2025-03-21,74760,35010,Good,2,2028-10-21,29010,Individual,Business,Cashify,No,0,2,43,1484,Expired,Not Returned,Yes,No,,0.0,480.38,5.35,62.2,5.0,East,Kolkata,Recycled,LISTING_00785,Good,35010.0,29010.0,6000.0,17.14,0.83,Below Market Value
EC00786,PRD00786,Audio,Soundbar,JBL,2021-01-29,47180,44430,Good,3,2022-06-29,22300,Individual,Individual,Local Dealer,No,0,1,17,6720,Expired,Not Returned,Yes,No,,0.0,154.5,0.73,63.6,4.7,North,Noida,Resold,LISTING_00786,Good,44430.0,22300.0,22130.0,49.81,0.5,Below Market Value
EC00787,PRD00787,Laptops,IdeaPad,Dell,2024-04-03,26740,23220,Like New,2,2024-11-03,16690,Business,Individual,Facebook Marketplace,No,0,1,7,9685,Active,Not Returned,Yes,Yes,2025-02-06,24.04,89.9,6.04,66.9,4.3,West,Pune,Resold,LISTING_00787,Like New,23220.0,16690.0,6530.0,28.12,0.72,Below Market Value
EC00788,PRD00788,Laptops,MacBook Air,HP,2024-12-16,83240,51630,Like New,2,2028-04-16,44980,Individual,Business,Amazon Renewed,No,0,0,40,7800,Expired,Not Returned,Yes,No,,0.0,485.53,5.19,60.0,3.9,West,Nagpur,Resold,LISTING_00788,Like New,51630.0,44980.0,6650.0,12.88,0.87,Below Market Value
EC00789,PRD00789,Fashion,Watch,Levi's,2021-12-05,18410,13750,Fair,4,2024-05-05,5320,Individual,Individual,Cashify,Yes,2780,0,29,3108,Extended,Not Returned,Yes,No,,0.0,42.67,0.46,80.9,4.1,East,Ranchi,Resold,LISTING_00789,Fair,13750.0,5320.0,8430.0,61.31,0.39,Below Market Value
EC00790,PRD00790,Gaming,Controller,ASUS,2025-07-30,135740,105910,Fair,3,2028-02-29,38980,Individual,Business,Amazon Renewed,No,0,0,31,7469,Expired,Not Returned,Yes,No,,0.0,771.93,6.15,60.9,3.4,North,Jaipur,Resold,LISTING_00790,Fair,105910.0,38980.0,66930.0,63.2,0.37,Below Market Value
EC00791,PRD00791,Smartphones,iPhone,Apple,2025-02-28,27140,20700,Good,2,2029-08-28,10540,Business,Individual,Local Dealer,No,0,2,54,509,Expired,Not Returned,Yes,No,,0.0,90.09,1.73,46.3,5.0,North,Jaipur,Refurbished,LISTING_00791,Good,20700.0,10540.0,10160.0,49.08,0.51,Below Market Value
EC00792,PRD00792,Laptops,Inspiron,HP,2024-10-20,45960,38490,Like New,1,2026-02-20,31070,Individual,Business,OLX,No,0,0,16,9952,Expired,Not Returned,Yes,No,,0.0,40.67,1.29,48.1,3.7,North,Noida,Resold,LISTING_00792,Like New,38490.0,31070.0,7420.0,19.28,0.81,Below Market Value
EC00793,PRD00793,Cameras,Action Camera,Canon,2024-09-27,166820,117710,Fair,3,2029-03-27,41640,Individual,Individual,Amazon Renewed,No,0,4,54,6276,Extended,Not Returned,Yes,No,,0.0,797.6,6.85,52.7,3.3,West,Mumbai,Resold,LISTING_00793,Fair,117710.0,41640.0,76070.0,64.62,0.35,Below Market Value
EC00794,PRD00794,Smartphones,iPhone,Sony,2022-05-15,93240,43560,Good,1,2024-10-15,37720,Individual,Individual,OLX,No,0,1,29,6761,Expired,Not Returned,Yes,Yes,2025-01-22,68.05,65.69,36.32,57.8,4.9,North,Chandigarh,Resold,LISTING_00794,Good,43560.0,37720.0,5840.0,13.41,0.87,Below Market Value
EC00795,PRD00795,Smartphones,OnePlus,Apple,2025-08-08,35890,17170,Fair,2,2030-05-08,9880,Individual,Business,OLX,Yes,3770,0,57,9641,Expired,Not Returned,Yes,No,,0.0,122.15,0.76,71.8,3.5,South,Kochi,Refurbished,LISTING_00795,Fair,17170.0,9880.0,7290.0,42.46,0.58,Below Market Value
EC00796,PRD00796,Home Appliances,Microwave,LG,2022-05-26,90070,44140,Good,1,2024-02-26,43560,Business,Individual,OLX,Yes,6480,0,21,2448,Expired,Not Returned,Yes,No,,0.0,455.87,5.85,62.3,3.9,East,Bhubaneswar,Resold,LISTING_00796,Good,44140.0,43560.0,580.0,1.31,0.99,Below Market Value
EC00797,PRD00797,Smartphones,Xperia,Sony,2024-09-12,46410,40350,Fair,1,2029-08-12,11620,Business,Business,OLX,No,0,4,59,4292,Expired,Not Returned,Yes,No,,0.0,67.27,2.48,36.8,4.1,North,Chandigarh,Resold,LISTING_00797,Fair,40350.0,11620.0,28730.0,71.2,0.29,Below Market Value
EC00798,PRD00798,Fashion,Backpack,Nike,2021-08-05,32870,26340,Fair,1,2025-05-05,9410,Business,Individual,OLX,No,0,1,45,7517,Expired,Not Returned,Yes,No,,0.0,23.84,1.2,40.0,3.6,East,Guwahati,Recycled,LISTING_00798,Fair,26340.0,9410.0,16930.0,64.27,0.36,Below Market Value
EC00799,PRD00799,Laptops,Pavilion,Apple,2024-08-17,36640,26320,Good,2,2027-08-17,14920,Individual,Individual,Local Dealer,No,0,2,36,1619,Expired,Not Returned,Yes,No,,0.0,160.33,2.36,60.2,4.4,East,Bhubaneswar,Recycled,LISTING_00799,Good,26320.0,14920.0,11400.0,43.31,0.57,Below Market Value
EC00800,PRD00800,Fashion,Sneakers,Nike,2024-03-01,38530,24470,Poor,2,2026-01-01,7310,Individual,Individual,Facebook Marketplace,Yes,2750,3,22,10835,Expired,Not Returned,No,No,,0.0,162.91,1.09,67.6,3.5,East,Bhubaneswar,Resold,LISTING_00800,Poor,24470.0,7310.0,17160.0,70.13,0.3,Below Market Value
EC00801,PRD00801,Cameras,Action Camera,Canon,2023-12-30,120610,100030,Good,1,2024-10-30,68640,Individual,Individual,OLX,No,0,0,10,9457,Active,Not Returned,Yes,Yes,2025-01-13,96.05,148.38,17.8,58.9,4.9,West,Mumbai,Refurbished,LISTING_00801,Good,100030.0,68640.0,31390.0,31.38,0.69,Below Market Value
EC00802,PRD00802,Cameras,Camcorder,Sony,2024-06-29,64210,60500,Like New,1,2028-01-29,29350,Individual,Individual,Amazon Renewed,Yes,5360,0,43,1912,Expired,Not Returned,Yes,No,,0.0,144.13,1.93,60.6,3.3,South,Kochi,Refurbished,LISTING_00802,Like New,60500.0,29350.0,31150.0,51.49,0.49,Below Market Value
EC00803,PRD00803,Laptops,IdeaPad,Apple,2024-12-09,54550,29030,Good,3,2028-10-09,19740,Business,Individual,Local Dealer,No,0,0,46,10982,Expired,Not Returned,No,No,,0.0,205.86,3.53,51.2,3.0,North,Jaipur,Resold,LISTING_00803,Good,29030.0,19740.0,9290.0,32.0,0.68,Below Market Value
EC00804,PRD00804,Home Appliances,Refrigerator,Samsung,2025-12-16,53780,46370,Fair,3,2030-06-16,14240,Business,Individual,OLX,Yes,6350,1,54,69,Expired,Not Returned,No,No,,0.0,166.53,1.15,67.8,3.3,West,Pune,Refurbished,LISTING_00804,Fair,46370.0,14240.0,32130.0,69.29,0.31,Below Market Value
EC00805,PRD00805,Furniture,Dining Set,Wakefit,2022-03-21,75280,44430,Good,2,2024-12-21,32660,Individual,Individual,OLX,No,0,0,33,1437,Expired,Not Returned,Yes,No,,0.0,172.41,2.09,54.3,5.0,East,Kolkata,Resold,LISTING_00805,Good,44430.0,32660.0,11770.0,26.49,0.74,Below Market Value
EC00806,PRD00806,Smartphones,Galaxy S Series,Sony,2023-05-26,86310,81980,Fair,3,2024-01-26,34820,Individual,Individual,Facebook Marketplace,Yes,8350,0,8,11692,Active,Not Returned,Yes,Yes,2024-02-20,70.91,316.79,27.34,95.1,4.3,East,Kolkata,Resold,LISTING_00806,Fair,81980.0,34820.0,47160.0,57.53,0.42,Below Market Value
EC00807,PRD00807,Cameras,DSLR,Sony,2024-04-20,129910,103980,Fair,1,2028-06-20,37250,Individual,Individual,Facebook Marketplace,Yes,14300,0,50,666,Expired,Not Returned,No,No,,0.0,378.72,9.1,58.7,3.0,East,Guwahati,Refurbished,LISTING_00807,Fair,103980.0,37250.0,66730.0,64.18,0.36,Below Market Value
EC00808,PRD00808,Fashion,Watch,Puma,2021-06-16,19260,10810,Poor,2,2023-05-16,3620,Business,Individual,Local Dealer,Yes,1660,3,23,11304,Expired,Not Returned,Yes,No,,0.0,71.6,1.12,67.1,2.9,South,Vijayawada,Resold,LISTING_00808,Poor,10810.0,3620.0,7190.0,66.51,0.33,Below Market Value
EC00809,PRD00809,Audio,Headphones,Sennheiser,2021-04-01,14630,7140,Good,3,2026-01-01,5050,Individual,Business,Local Dealer,Yes,2190,1,57,7494,Expired,Not Returned,Yes,No,,0.0,100.44,0.59,76.9,3.8,South,Kochi,Resold,LISTING_00809,Good,7140.0,5050.0,2090.0,29.27,0.71,Below Market Value
EC00810,PRD00810,Cameras,Camcorder,GoPro,2022-12-15,93210,47990,Good,3,2024-06-15,44050,Individual,Individual,Local Dealer,Yes,7430,1,18,10191,Expired,Not Returned,Yes,No,,0.0,258.51,5.4,76.9,3.7,South,Hyderabad,Resold,LISTING_00810,Good,47990.0,44050.0,3940.0,8.21,0.92,Below Market Value
EC00811,PRD00811,Smartphones,Galaxy S Series,Google,2025-04-04,86150,63540,Like New,4,2025-09-04,58830,Individual,Individual,Cashify,No,0,0,5,1608,Active,Not Returned,No,No,,0.0,214.36,3.06,77.9,4.5,South,Hyderabad,Refurbished,LISTING_00811,Like New,63540.0,58830.0,4710.0,7.41,0.93,Below Market Value
EC00812,PRD00812,Home Appliances,Microwave,Daikin,2021-02-08,111910,73560,Fair,2,2025-06-08,27080,Individual,Individual,Cashify,Yes,17670,0,52,10186,Expired,Returned,Yes,No,,0.0,470.8,6.15,61.0,4.2,West,Ahmedabad,Refurbished,LISTING_00812,Fair,73560.0,27080.0,46480.0,63.19,0.37,Below Market Value
EC00813,PRD00813,Laptops,Pavilion,Dell,2024-02-24,63660,28920,Like New,2,2026-10-24,34180,Individual,Individual,Amazon Renewed,Yes,5700,1,32,481,Extended,Not Returned,Yes,No,,0.0,353.29,1.3,64.7,4.2,East,Kolkata,Refurbished,LISTING_00813,Like New,28920.0,34180.0,-5260.0,-18.19,1.18,Above Market Value
EC00814,PRD00814,Home Appliances,Microwave,Whirlpool,2025-01-14,48290,42190,Good,1,2029-09-14,17400,Individual,Individual,Local Dealer,No,0,0,56,1597,Expired,Not Returned,Yes,Yes,2029-10-27,19.14,85.46,14.61,53.2,4.1,North,Noida,Refurbished,LISTING_00814,Good,42190.0,17400.0,24790.0,58.76,0.41,Below Market Value
EC00815,PRD00815,Laptops,IdeaPad,Apple,2021-06-22,80140,43330,Fair,2,2022-12-22,29470,Individual,Business,EchoChain Marketplace,Yes,3900,0,18,9117,Expired,Not Returned,Yes,No,,0.0,156.18,5.25,78.8,3.5,South,Vijayawada,Recycled,LISTING_00815,Fair,43330.0,29470.0,13860.0,31.99,0.68,Below Market Value
EC00816,PRD00816,Laptops,MacBook Air,Dell,2022-10-15,40900,37960,Good,3,2024-03-15,22210,Individual,Business,Facebook Marketplace,No,0,2,17,2744,Expired,Not Returned,Yes,No,,0.0,213.26,0.64,62.5,3.7,North,Noida,Resold,LISTING_00816,Good,37960.0,22210.0,15750.0,41.49,0.59,Below Market Value
EC00817,PRD00817,Smartphones,Galaxy S Series,Sony,2023-01-24,13850,12600,Good,2,2024-10-24,7320,Business,Individual,Cashify,No,0,0,21,10530,Expired,Not Returned,Yes,No,,0.0,27.01,0.96,47.2,3.9,South,Kochi,Resold,LISTING_00817,Good,12600.0,7320.0,5280.0,41.9,0.58,Below Market Value
EC00818,PRD00818,Furniture,Bookshelf,Pepperfry,2024-05-28,42850,31790,Good,4,2027-06-28,19210,Individual,Individual,Facebook Marketplace,No,0,0,37,7855,Extended,Not Returned,Yes,No,,0.0,231.0,2.05,75.3,3.8,West,Nagpur,Landfill,LISTING_00818,Good,31790.0,19210.0,12580.0,39.57,0.6,Below Market Value
EC00819,PRD00819,Smartphones,Pixel,Apple,2025-07-20,104710,80650,Fair,1,2027-05-20,33210,Individual,Individual,OLX,No,0,4,22,5418,Expired,Not Returned,No,No,,0.0,98.36,2.04,54.9,2.0,South,Kochi,Recycled,LISTING_00819,Fair,80650.0,33210.0,47440.0,58.82,0.41,Below Market Value
EC00820,PRD00820,Home Appliances,Vacuum Cleaner,IFB,2023-12-18,116730,77450,Good,3,2024-06-18,65100,Individual,Individual,Amazon Renewed,Yes,9070,0,6,1686,Active,Not Returned,Yes,Yes,2024-07-20,63.55,213.01,34.58,88.7,3.9,East,Guwahati,Recycled,LISTING_00820,Good,77450.0,65100.0,12350.0,15.95,0.84,Below Market Value
EC00821,PRD00821,Home Appliances,Air Conditioner,LG,2025-08-11,43300,20780,Like New,2,2026-02-11,29940,Individual,Individual,Local Dealer,No,0,0,6,6021,Active,Not Returned,Yes,No,,0.0,91.62,2.83,63.0,4.0,North,Noida,Resold,LISTING_00821,Like New,20780.0,29940.0,-9160.0,-44.08,1.44,Above Market Value
EC00822,PRD00822,Home Appliances,Microwave,Samsung,2022-04-21,25090,22900,Like New,2,2022-10-21,16080,Individual,Individual,EchoChain Marketplace,No,0,0,6,2634,Active,Not Returned,Yes,No,,0.0,51.22,0.92,56.4,4.8,South,Vijayawada,Resold,LISTING_00822,Like New,22900.0,16080.0,6820.0,29.78,0.7,Below Market Value
EC00823,PRD00823,Gaming,Controller,Sony,2022-04-01,173500,106380,Fair,1,2025-10-01,52540,Individual,Business,EchoChain Marketplace,Yes,6200,3,42,1072,Expired,Not Returned,Yes,No,,0.0,875.08,6.42,60.6,3.9,South,Bengaluru,Refurbished,LISTING_00823,Fair,106380.0,52540.0,53840.0,50.61,0.49,Below Market Value
EC00824,PRD00824,Home Appliances,Washing Machine,LG,2023-04-09,8030,7180,Fair,2,2026-06-09,2320,Individual,Individual,Cashify,No,0,2,38,5386,Expired,Not Returned,Yes,No,,0.0,31.36,0.23,47.9,3.2,North,Noida,Resold,LISTING_00824,Fair,7180.0,2320.0,4860.0,67.69,0.32,Below Market Value
EC00825,PRD00825,Fashion,Watch,Nike,2023-06-14,27520,23100,Good,2,2025-02-14,13040,Business,Individual,OLX,No,0,4,20,2458,Expired,Not Returned,Yes,No,,0.0,93.82,1.62,58.0,3.2,West,Pune,Resold,LISTING_00825,Good,23100.0,13040.0,10060.0,43.55,0.56,Below Market Value
EC00826,PRD00826,Cameras,Action Camera,Nikon,2024-10-16,192290,90000,Good,4,2029-01-16,71140,Individual,Business,Facebook Marketplace,No,0,1,51,4968,Expired,Not Returned,Yes,No,,0.0,594.21,5.96,67.7,4.4,East,Bhubaneswar,Refurbished,LISTING_00826,Good,90000.0,71140.0,18860.0,20.96,0.79,Below Market Value
EC00827,PRD00827,Gaming,Monitor,ASUS,2023-10-22,87990,40020,Fair,3,2024-07-22,36350,Individual,Individual,EchoChain Marketplace,Yes,10430,2,9,2434,Active,Not Returned,No,No,,0.0,282.51,2.93,80.9,4.0,North,Jaipur,Resold,LISTING_00827,Fair,40020.0,36350.0,3670.0,9.17,0.91,Below Market Value
EC00828,PRD00828,Gaming,Controller,ASUS,2022-01-22,98250,90400,Good,1,2024-03-22,41740,Individual,Individual,Facebook Marketplace,No,0,3,26,10051,Expired,Not Returned,No,No,,0.0,156.97,6.14,47.9,3.1,South,Chennai,Resold,LISTING_00828,Good,90400.0,41740.0,48660.0,53.83,0.46,Below Market Value
EC00829,PRD00829,Fashion,Sneakers,Nike,2021-12-14,38290,22490,Fair,2,2024-09-14,12200,Individual,Individual,Cashify,Yes,5690,1,33,10255,Expired,Not Returned,Yes,Yes,2024-11-14,21.73,196.51,10.04,69.2,2.7,South,Vijayawada,Resold,LISTING_00829,Fair,22490.0,12200.0,10290.0,45.75,0.54,Below Market Value
EC00830,PRD00830,Fashion,Denim,Fossil,2021-07-09,14910,9270,Good,3,2026-03-09,5320,Business,Business,Local Dealer,No,0,0,56,5190,Extended,Not Returned,Yes,No,,0.0,68.61,1.12,60.9,4.4,East,Guwahati,Resold,LISTING_00830,Good,9270.0,5320.0,3950.0,42.61,0.57,Below Market Value
EC00831,PRD00831,Smartphones,Galaxy S Series,Apple,2022-05-20,36520,17720,Poor,1,2024-10-20,7390,Individual,Individual,OLX,Yes,4280,1,29,384,Expired,Not Returned,Yes,Yes,2025-01-05,29.87,190.5,6.41,71.6,3.9,North,Delhi,Resold,LISTING_00831,Poor,17720.0,7390.0,10330.0,58.3,0.42,Below Market Value
EC00832,PRD00832,Laptops,Pavilion,Dell,2024-04-29,172150,143770,Good,4,2026-08-29,72230,Individual,Individual,Cashify,No,0,1,28,7269,Expired,Not Returned,Yes,No,,0.0,382.25,11.26,68.5,4.6,West,Nagpur,Refurbished,LISTING_00832,Good,143770.0,72230.0,71540.0,49.76,0.5,Below Market Value
EC00833,PRD00833,Audio,Wireless Earbuds,Boat,2025-03-12,43430,28430,Like New,5,2027-11-12,23750,Business,Individual,Local Dealer,Yes,6850,3,32,2169,Expired,Not Returned,Yes,No,,0.0,253.99,3.46,88.8,4.2,West,Mumbai,Landfill,LISTING_00833,Like New,28430.0,23750.0,4680.0,16.46,0.84,Below Market Value
EC00834,PRD00834,Smartphones,Xperia,Samsung,2024-10-24,109280,57630,Good,3,2027-02-24,52990,Individual,Individual,OLX,Yes,12130,0,28,6522,Extended,Not Returned,Yes,No,,0.0,367.89,5.51,72.3,3.4,South,Chennai,Refurbished,LISTING_00834,Good,57630.0,52990.0,4640.0,8.05,0.92,Below Market Value
EC00835,PRD00835,Fashion,Jacket,Levi's,2024-12-03,28770,15780,Like New,1,2029-10-03,10990,Individual,Individual,Amazon Renewed,No,0,0,58,11179,Expired,Not Returned,Yes,No,,0.0,43.36,1.91,35.2,4.1,West,Surat,Resold,LISTING_00835,Like New,15780.0,10990.0,4790.0,30.35,0.7,Below Market Value
EC00836,PRD00836,Audio,Wireless Earbuds,Sennheiser,2023-04-04,19670,12850,Like New,4,2027-06-04,9080,Individual,Business,Cashify,No,0,0,50,11639,Extended,Not Returned,Yes,No,,0.0,62.08,1.02,70.7,3.7,East,Patna,Refurbished,LISTING_00836,Like New,12850.0,9080.0,3770.0,29.34,0.71,Below Market Value
EC00837,PRD00837,Smartphones,Pixel,Apple,2023-07-18,9490,4330,Good,3,2025-06-18,4370,Individual,Individual,OLX,No,0,0,23,5854,Expired,Not Returned,Yes,No,,0.0,51.32,0.26,73.7,4.1,East,Bhubaneswar,Resold,LISTING_00837,Good,4330.0,4370.0,-40.0,-0.92,1.01,Above Market Value
EC00838,PRD00838,Home Appliances,Refrigerator,Daikin,2023-07-23,56470,27680,Like New,3,2026-06-23,32100,Individual,Business,Local Dealer,No,0,0,35,3533,Expired,Not Returned,Yes,No,,0.0,342.92,1.27,66.8,3.8,North,Jaipur,Refurbished,LISTING_00838,Like New,27680.0,32100.0,-4420.0,-15.97,1.16,Above Market Value
EC00839,PRD00839,Smartphones,Pixel,Samsung,2024-02-15,77800,60610,Good,2,2029-02-15,25300,Individual,Individual,OLX,Yes,8420,2,60,9956,Extended,Not Returned,No,No,,0.0,427.22,5.41,52.3,5.0,South,Kochi,Resold,LISTING_00839,Good,60610.0,25300.0,35310.0,58.26,0.42,Below Market Value
EC00840,PRD00840,Gaming,Gaming Console,Lenovo,2021-05-14,74220,57170,Good,2,2022-04-14,35020,Individual,Individual,Cashify,Yes,9690,0,11,5628,Active,Not Returned,Yes,No,,0.0,296.48,4.48,73.0,4.4,East,Bhubaneswar,Resold,LISTING_00840,Good,57170.0,35020.0,22150.0,38.74,0.61,Below Market Value
EC00841,PRD00841,Furniture,Bookshelf,IKEA,2021-02-27,84740,65070,Fair,2,2022-04-27,32530,Individual,Individual,Local Dealer,No,0,0,14,198,Expired,Not Returned,Yes,No,,0.0,424.17,6.68,55.5,2.9,East,Patna,Recycled,LISTING_00841,Fair,65070.0,32530.0,32540.0,50.01,0.5,Below Market Value
EC00842,PRD00842,Gaming,VR Headset,ASUS,2025-04-29,118080,109350,Fair,1,2027-11-29,37950,Individual,Individual,Facebook Marketplace,No,0,2,31,10534,Expired,Not Returned,Yes,No,,0.0,71.06,3.76,42.6,2.7,East,Kolkata,Resold,LISTING_00842,Fair,109350.0,37950.0,71400.0,65.29,0.35,Below Market Value
EC00843,PRD00843,Audio,Wireless Earbuds,Sony,2022-11-16,43250,28590,Like New,1,2027-05-16,19190,Business,Individual,EchoChain Marketplace,Yes,5390,4,54,8758,Expired,Not Returned,No,No,,0.0,249.64,2.78,55.7,4.4,North,Delhi,Resold,LISTING_00843,Like New,28590.0,19190.0,9400.0,32.88,0.67,Below Market Value
EC00844,PRD00844,Cameras,Mirrorless Camera,Nikon,2022-11-03,204040,105650,Good,1,2026-08-03,80690,Individual,Individual,OLX,No,0,0,45,7349,Expired,Not Returned,Yes,No,,0.0,380.21,12.91,42.7,4.8,South,Kochi,Refurbished,LISTING_00844,Good,105650.0,80690.0,24960.0,23.63,0.76,Below Market Value
EC00845,PRD00845,Gaming,VR Headset,Sony,2021-06-22,49650,24590,Fair,4,2023-08-22,17840,Individual,Individual,OLX,No,0,2,26,487,Extended,Not Returned,Yes,No,,0.0,192.84,2.49,69.6,3.1,South,Vijayawada,Refurbished,LISTING_00845,Fair,24590.0,17840.0,6750.0,27.45,0.73,Below Market Value
EC00846,PRD00846,Audio,Bluetooth Speaker,Bose,2023-03-26,40390,21590,Like New,2,2023-11-26,29450,Individual,Individual,Cashify,No,0,1,8,1087,Active,Not Returned,Yes,Yes,2024-02-10,33.59,104.13,4.15,66.7,4.0,East,Guwahati,Refurbished,LISTING_00846,Like New,21590.0,29450.0,-7860.0,-36.41,1.36,Above Market Value
EC00847,PRD00847,Laptops,IdeaPad,Dell,2024-03-18,174040,79320,Fair,2,2024-12-18,62310,Individual,Individual,Local Dealer,Yes,20100,2,9,2192,Active,Not Returned,Yes,No,,0.0,837.62,10.04,60.2,3.7,West,Nagpur,Resold,LISTING_00847,Fair,79320.0,62310.0,17010.0,21.44,0.79,Below Market Value
EC00848,PRD00848,Audio,Smart Speaker,Sony,2021-03-21,15790,12820,Good,3,2022-12-21,8150,Individual,Individual,OLX,Yes,740,0,21,11179,Expired,Not Returned,Yes,Yes,2023-04-18,9.81,82.63,4.54,77.0,5.0,North,Noida,Refurbished,LISTING_00848,Good,12820.0,8150.0,4670.0,36.43,0.64,Below Market Value
EC00849,PRD00849,Gaming,Gaming Console,Sony,2023-06-05,51300,47100,Good,2,2026-02-05,22740,Individual,Business,Facebook Marketplace,No,0,0,32,446,Expired,Not Returned,Yes,No,,0.0,144.78,2.75,52.6,4.4,East,Ranchi,Resold,LISTING_00849,Good,47100.0,22740.0,24360.0,51.72,0.48,Below Market Value
EC00850,PRD00850,Fashion,Sneakers,Fossil,2024-05-21,8530,4790,Fair,2,2026-06-21,2890,Individual,Individual,Local Dealer,Yes,640,0,25,6666,Expired,Returned,Yes,No,,0.0,17.02,0.36,66.6,4.5,South,Bengaluru,Resold,LISTING_00850,Fair,4790.0,2890.0,1900.0,39.67,0.6,Below Market Value
EC00851,PRD00851,Furniture,Dining Set,Godrej,2021-07-22,26990,21460,Fair,1,2025-03-22,7140,Individual,Individual,Local Dealer,No,0,3,44,9177,Extended,Not Returned,Yes,No,,0.0,36.56,0.48,40.7,2.6,West,Nagpur,Landfill,LISTING_00851,Fair,21460.0,7140.0,14320.0,66.73,0.33,Below Market Value
EC00852,PRD00852,Gaming,Monitor,ASUS,2023-02-03,179060,144610,Fair,2,2025-03-03,55170,Individual,Business,Cashify,No,0,2,25,10716,Expired,Returned,Yes,No,,0.0,947.85,3.5,63.7,3.8,South,Kochi,Refurbished,LISTING_00852,Fair,144610.0,55170.0,89440.0,61.85,0.38,Below Market Value
EC00853,PRD00853,Cameras,Camcorder,GoPro,2024-06-06,182280,122050,Good,2,2028-12-06,58090,Individual,Individual,Local Dealer,Yes,20820,1,54,8758,Expired,Not Returned,Yes,No,,0.0,860.17,3.54,65.4,4.2,West,Pune,Resold,LISTING_00853,Good,122050.0,58090.0,63960.0,52.4,0.48,Below Market Value
EC00854,PRD00854,Laptops,Inspiron,HP,2025-08-27,82810,49890,Good,1,2026-05-27,39060,Business,Individual,Cashify,No,0,1,9,10482,Active,Not Returned,Yes,Yes,2026-07-19,57.66,48.62,9.77,54.5,3.8,West,Ahmedabad,Refurbished,LISTING_00854,Good,49890.0,39060.0,10830.0,21.71,0.78,Below Market Value
EC00855,PRD00855,Furniture,Sofa,Urban Ladder,2024-06-04,25160,19900,Good,1,2026-05-04,12060,Individual,Individual,EchoChain Marketplace,No,0,0,23,11081,Expired,Not Returned,Yes,No,,0.0,36.57,0.97,41.6,3.5,East,Bhubaneswar,Resold,LISTING_00855,Good,19900.0,12060.0,7840.0,39.4,0.61,Below Market Value
EC00856,PRD00856,Fashion,Jacket,Adidas,2025-08-10,12160,10490,Like New,1,2028-01-10,6970,Individual,Individual,Cashify,No,0,0,29,559,Expired,Returned,Yes,No,,0.0,23.82,0.83,49.5,3.6,North,Lucknow,Recycled,LISTING_00856,Like New,10490.0,6970.0,3520.0,33.56,0.66,Below Market Value
EC00857,PRD00857,Gaming,Gaming Console,Microsoft,2025-04-05,172100,104050,Good,1,2028-08-05,62770,Individual,Individual,Local Dealer,No,0,0,40,2789,Expired,Not Returned,Yes,No,,0.0,238.36,11.22,43.2,3.6,South,Kochi,Resold,LISTING_00857,Good,104050.0,62770.0,41280.0,39.67,0.6,Below Market Value
EC00858,PRD00858,Smartphones,Galaxy S Series,Apple,2025-01-04,97110,44240,Fair,1,2025-12-04,39190,Individual,Individual,OLX,No,0,1,11,5906,Active,Not Returned,Yes,Yes,2026-01-13,43.86,154.03,24.14,58.2,2.6,East,Kolkata,Resold,LISTING_00858,Fair,44240.0,39190.0,5050.0,11.42,0.89,Below Market Value
EC00859,PRD00859,Smartphones,OnePlus,Samsung,2024-11-26,72880,36170,Good,1,2029-08-26,27070,Individual,Individual,Local Dealer,No,0,1,57,6439,Expired,Not Returned,Yes,No,,0.0,126.9,3.42,36.3,3.9,East,Guwahati,Refurbished,LISTING_00859,Good,36170.0,27070.0,9100.0,25.16,0.75,Below Market Value
EC00860,PRD00860,Fashion,Backpack,Puma,2021-02-16,41470,26840,Good,3,2024-01-16,17360,Individual,Individual,Amazon Renewed,No,0,0,35,11722,Expired,Not Returned,Yes,No,,0.0,223.92,2.49,60.5,3.9,West,Pune,Resold,LISTING_00860,Good,26840.0,17360.0,9480.0,35.32,0.65,Below Market Value
EC00861,PRD00861,Gaming,Gaming Laptop,Sony,2024-06-10,56430,30370,Like New,2,2026-05-10,35750,Individual,Individual,Local Dealer,No,0,0,23,4139,Expired,Not Returned,Yes,No,,0.0,136.78,3.96,60.8,4.4,North,Delhi,Resold,LISTING_00861,Like New,30370.0,35750.0,-5380.0,-17.71,1.18,Above Market Value
EC00862,PRD00862,Furniture,Study Table,Urban Ladder,2024-08-21,21410,12440,Like New,2,2028-09-21,9530,Individual,Individual,Cashify,Yes,3190,2,49,6396,Expired,Not Returned,Yes,No,,0.0,104.39,1.22,64.7,5.0,North,Delhi,Resold,LISTING_00862,Like New,12440.0,9530.0,2910.0,23.39,0.77,Below Market Value
EC00863,PRD00863,Fashion,Denim,Fossil,2025-03-30,6750,5190,Good,5,2028-03-30,2590,Individual,Individual,OLX,No,0,0,36,9713,Expired,Not Returned,No,No,,0.0,25.85,0.54,67.2,4.1,South,Kochi,Resold,LISTING_00863,Good,5190.0,2590.0,2600.0,50.1,0.5,Below Market Value
EC00864,PRD00864,Furniture,Study Table,IKEA,2024-03-12,10890,4930,Good,1,2027-06-12,4220,Individual,Individual,Local Dealer,Yes,1480,1,39,11159,Expired,Not Returned,No,No,,0.0,52.8,0.42,57.4,4.0,South,Vijayawada,Resold,LISTING_00864,Good,4930.0,4220.0,710.0,14.4,0.86,Below Market Value
EC00865,PRD00865,Laptops,Pavilion,Acer,2024-12-09,166100,93260,Good,3,2028-06-09,68430,Individual,Individual,EchoChain Marketplace,No,0,1,42,3262,Expired,Not Returned,Yes,No,,0.0,899.53,2.71,50.3,4.2,East,Bhubaneswar,Refurbished,LISTING_00865,Good,93260.0,68430.0,24830.0,26.62,0.73,Below Market Value
EC00866,PRD00866,Audio,Soundbar,JBL,2025-03-17,4400,2450,Fair,1,2029-11-17,1080,Individual,Business,Cashify,Yes,540,1,56,791,Expired,Not Returned,Yes,No,,0.0,21.06,0.21,57.1,3.1,West,Mumbai,Refurbished,LISTING_00866,Fair,2450.0,1080.0,1370.0,55.92,0.44,Below Market Value
EC00867,PRD00867,Fashion,Jacket,Nike,2024-10-28,21990,13310,Good,2,2027-09-28,9780,Individual,Individual,Facebook Marketplace,No,0,1,35,3885,Expired,Not Returned,No,No,,0.0,79.51,0.75,53.4,4.4,South,Hyderabad,Refurbished,LISTING_00867,Good,13310.0,9780.0,3530.0,26.52,0.73,Below Market Value
EC00868,PRD00868,Home Appliances,Air Conditioner,LG,2025-05-09,100480,56140,Good,4,2028-10-09,41090,Business,Individual,Amazon Renewed,No,0,3,41,6820,Expired,Not Returned,Yes,No,,0.0,509.7,3.65,53.3,3.7,North,Lucknow,Resold,LISTING_00868,Good,56140.0,41090.0,15050.0,26.81,0.73,Below Market Value
EC00869,PRD00869,Fashion,Denim,Fossil,2024-07-06,14040,10760,Like New,4,2028-06-06,6250,Business,Individual,Cashify,No,0,4,47,7654,Expired,Not Returned,No,No,,0.0,92.81,0.91,63.1,4.1,East,Kolkata,Resold,LISTING_00869,Like New,10760.0,6250.0,4510.0,41.91,0.58,Below Market Value
EC00870,PRD00870,Laptops,ThinkPad,Apple,2022-10-18,160570,98200,Fair,2,2025-07-18,47390,Individual,Individual,OLX,No,0,0,33,7757,Expired,Not Returned,Yes,No,,0.0,781.99,5.68,59.0,3.7,East,Kolkata,Refurbished,LISTING_00870,Fair,98200.0,47390.0,50810.0,51.74,0.48,Below Market Value
EC00871,PRD00871,Home Appliances,Vacuum Cleaner,Samsung,2022-04-16,55500,39630,Like New,1,2025-04-16,30400,Individual,Business,OLX,No,0,1,36,9007,Expired,Not Returned,No,No,,0.0,85.31,3.92,51.6,3.5,South,Kochi,Refurbished,LISTING_00871,Like New,39630.0,30400.0,9230.0,23.29,0.77,Below Market Value
EC00872,PRD00872,Cameras,Lens,GoPro,2023-08-29,38140,21590,Fair,3,2025-10-29,11600,Individual,Individual,Cashify,Yes,1750,2,26,492,Expired,Not Returned,Yes,No,,0.0,127.88,2.38,74.6,3.0,East,Guwahati,Resold,LISTING_00872,Fair,21590.0,11600.0,9990.0,46.27,0.54,Below Market Value
EC00873,PRD00873,Furniture,Office Chair,Godrej,2023-11-02,17230,9320,Poor,2,2026-03-02,3470,Individual,Business,EchoChain Marketplace,Yes,2040,3,28,4847,Expired,Not Returned,Yes,Yes,2026-05-27,4.12,57.0,2.65,78.8,3.7,North,Delhi,Resold,LISTING_00873,Poor,9320.0,3470.0,5850.0,62.77,0.37,Below Market Value
EC00874,PRD00874,Home Appliances,Air Conditioner,IFB,2024-09-15,13620,8030,Good,3,2026-07-15,6850,Individual,Business,Cashify,Yes,2170,4,22,3915,Expired,Not Returned,Yes,No,,0.0,67.78,0.85,74.2,4.6,North,Lucknow,Refurbished,LISTING_00874,Good,8030.0,6850.0,1180.0,14.69,0.85,Below Market Value
EC00875,PRD00875,Cameras,Lens,Sony,2023-01-06,20870,14750,Poor,2,2027-07-06,3570,Individual,Individual,Cashify,Yes,3200,0,54,11661,Extended,Not Returned,Yes,Yes,2027-07-19,17.31,135.27,2.89,69.2,2.6,North,Delhi,Refurbished,LISTING_00875,Poor,14750.0,3570.0,11180.0,75.8,0.24,Below Market Value
EC00876,PRD00876,Fashion,Jacket,Puma,2023-02-23,36810,28390,Like New,2,2026-07-23,18600,Business,Individual,Cashify,No,0,1,41,2418,Expired,Not Returned,No,No,,0.0,160.05,0.77,50.0,3.0,West,Mumbai,Refurbished,LISTING_00876,Like New,28390.0,18600.0,9790.0,34.48,0.66,Below Market Value
EC00877,PRD00877,Smartphones,iPhone,Sony,2023-08-26,75520,47960,Like New,2,2025-07-26,47930,Individual,Business,Amazon Renewed,No,0,0,23,7858,Expired,Not Returned,Yes,Yes,2025-09-16,52.85,192.93,26.55,64.2,5.0,South,Hyderabad,Resold,LISTING_00877,Like New,47960.0,47930.0,30.0,0.06,1.0,Below Market Value
EC00878,PRD00878,Smartphones,Galaxy S Series,Apple,2021-12-24,125880,69160,Fair,1,2023-03-24,43450,Business,Individual,Amazon Renewed,No,0,2,15,7189,Expired,Not Returned,Yes,No,,0.0,126.3,5.5,46.8,2.9,North,Chandigarh,Recycled,LISTING_00878,Fair,69160.0,43450.0,25710.0,37.17,0.63,Below Market Value
EC00879,PRD00879,Home Appliances,Vacuum Cleaner,LG,2023-08-30,40620,24830,Fair,1,2025-01-30,15110,Individual,Individual,EchoChain Marketplace,Yes,2250,2,17,8155,Expired,Not Returned,Yes,Yes,2025-04-12,18.17,141.45,5.18,71.5,3.7,East,Guwahati,Recycled,LISTING_00879,Fair,24830.0,15110.0,9720.0,39.15,0.61,Below Market Value
EC00880,PRD00880,Cameras,Lens,GoPro,2024-12-02,163220,73800,Good,3,2026-08-02,83210,Business,Individual,Local Dealer,No,0,1,20,4270,Expired,Not Returned,Yes,No,,0.0,765.99,9.11,57.2,3.6,North,Jaipur,Resold,LISTING_00880,Good,73800.0,83210.0,-9410.0,-12.75,1.13,Above Market Value
EC00881,PRD00881,Fashion,Denim,Levi's,2022-10-30,33330,15350,Fair,3,2024-07-30,12800,Individual,Individual,Local Dealer,No,0,1,21,11538,Expired,Not Returned,Yes,No,,0.0,128.88,0.91,69.2,3.6,East,Ranchi,Resold,LISTING_00881,Fair,15350.0,12800.0,2550.0,16.61,0.83,Below Market Value
EC00882,PRD00882,Laptops,Inspiron,HP,2022-01-08,94000,78770,Good,1,2023-05-08,45180,Business,Individual,Local Dealer,No,0,0,16,1833,Expired,Not Returned,Yes,No,,0.0,183.59,4.45,44.2,3.5,East,Ranchi,Refurbished,LISTING_00882,Good,78770.0,45180.0,33590.0,42.64,0.57,Below Market Value
EC00883,PRD00883,Smartphones,iPhone,Apple,2023-10-29,16170,10020,Good,2,2027-01-29,5830,Individual,Individual,Local Dealer,No,0,3,39,6210,Expired,Not Returned,No,No,,0.0,46.09,1.21,56.7,4.9,North,Noida,Resold,LISTING_00883,Good,10020.0,5830.0,4190.0,41.82,0.58,Below Market Value
EC00884,PRD00884,Cameras,Lens,Nikon,2024-02-20,32830,16370,Poor,1,2025-11-20,6450,Individual,Individual,Facebook Marketplace,Yes,3390,1,21,6409,Expired,Not Returned,Yes,No,,0.0,92.68,2.06,62.9,3.3,North,Chandigarh,Refurbished,LISTING_00884,Poor,16370.0,6450.0,9920.0,60.6,0.39,Below Market Value
EC00885,PRD00885,Smartphones,Pixel,Apple,2024-10-03,84570,73640,Fair,2,2028-04-03,21750,Individual,Individual,Cashify,No,0,0,42,3783,Expired,Not Returned,Yes,No,,0.0,500.56,4.36,39.7,2.7,East,Kolkata,Recycled,LISTING_00885,Fair,73640.0,21750.0,51890.0,70.46,0.3,Below Market Value
EC00886,PRD00886,Fashion,Denim,Puma,2022-11-07,18190,10170,Good,3,2023-05-07,9830,Individual,Individual,Local Dealer,No,0,0,6,4209,Active,Not Returned,Yes,No,,0.0,48.07,0.75,61.0,4.0,West,Nagpur,Recycled,LISTING_00886,Good,10170.0,9830.0,340.0,3.34,0.97,Below Market Value
EC00887,PRD00887,Laptops,Pavilion,HP,2021-03-31,52040,33940,Fair,3,2026-02-28,13120,Individual,Individual,Amazon Renewed,Yes,5940,1,59,9045,Expired,Not Returned,No,No,,0.0,156.25,1.84,72.4,3.1,North,Delhi,Refurbished,LISTING_00887,Fair,33940.0,13120.0,20820.0,61.34,0.39,Below Market Value
EC00888,PRD00888,Fashion,Watch,Fossil,2025-07-30,18560,10570,Fair,4,2028-01-30,5310,Individual,Individual,Amazon Renewed,No,0,0,30,1648,Expired,Not Returned,Yes,No,,0.0,72.06,0.73,66.9,3.8,West,Mumbai,Resold,LISTING_00888,Fair,10570.0,5310.0,5260.0,49.76,0.5,Below Market Value
EC00889,PRD00889,Laptops,Inspiron,HP,2022-11-29,145480,134420,Fair,5,2026-06-29,44400,Individual,Individual,EchoChain Marketplace,Yes,12150,0,43,8679,Expired,Not Returned,Yes,No,,0.0,613.78,5.51,82.1,3.4,East,Ranchi,Resold,LISTING_00889,Fair,134420.0,44400.0,90020.0,66.97,0.33,Below Market Value
EC00890,PRD00890,Audio,Smart Speaker,Sennheiser,2024-09-01,46930,35730,Good,2,2025-07-01,22060,Individual,Individual,Local Dealer,No,0,1,10,2465,Active,Not Returned,Yes,No,,0.0,126.2,0.69,54.4,4.5,West,Nagpur,Refurbished,LISTING_00890,Good,35730.0,22060.0,13670.0,38.26,0.62,Below Market Value
EC00891,PRD00891,Furniture,Sofa,Urban Ladder,2024-04-16,74740,59780,Fair,2,2024-10-16,30400,Individual,Individual,Cashify,Yes,11960,1,6,588,Active,Not Returned,Yes,No,,0.0,285.66,2.64,69.7,4.3,West,Ahmedabad,Resold,LISTING_00891,Fair,59780.0,30400.0,29380.0,49.15,0.51,Below Market Value
EC00892,PRD00892,Audio,Soundbar,Bose,2022-06-24,32410,29160,Like New,2,2026-08-24,15740,Individual,Individual,Local Dealer,No,0,0,50,4369,Extended,Not Returned,Yes,No,,0.0,76.87,0.68,46.1,5.0,West,Ahmedabad,Resold,LISTING_00892,Like New,29160.0,15740.0,13420.0,46.02,0.54,Below Market Value
EC00893,PRD00893,Furniture,Bookshelf,Pepperfry,2023-01-02,86900,62170,Fair,1,2027-09-02,21320,Individual,Individual,Facebook Marketplace,No,0,1,56,8296,Expired,Not Returned,Yes,No,,0.0,151.15,4.97,37.3,3.1,West,Ahmedabad,Recycled,LISTING_00893,Fair,62170.0,21320.0,40850.0,65.71,0.34,Below Market Value
EC00894,PRD00894,Furniture,Office Chair,Pepperfry,2023-05-19,51770,31130,Fair,1,2026-10-19,16160,Business,Individual,Facebook Marketplace,Yes,2850,3,41,11844,Expired,Not Returned,Yes,No,,0.0,177.14,2.09,52.6,3.6,East,Guwahati,Refurbished,LISTING_00894,Fair,31130.0,16160.0,14970.0,48.09,0.52,Below Market Value
EC00895,PRD00895,Laptops,IdeaPad,HP,2021-02-10,52010,24270,Like New,1,2022-06-10,31150,Individual,Individual,Cashify,Yes,8140,2,16,9088,Expired,Not Returned,Yes,Yes,2022-08-02,12.59,190.93,11.93,69.5,3.8,East,Ranchi,Recycled,LISTING_00895,Like New,24270.0,31150.0,-6880.0,-28.35,1.28,Above Market Value
EC00896,PRD00896,Cameras,Mirrorless Camera,GoPro,2023-01-10,126610,73550,Like New,4,2026-10-10,54420,Individual,Individual,Amazon Renewed,No,0,2,45,5690,Extended,Returned,Yes,Yes,2026-11-29,32.41,698.98,38.7,71.7,4.6,North,Noida,Resold,LISTING_00896,Like New,73550.0,54420.0,19130.0,26.01,0.74,Below Market Value
EC00897,PRD00897,Cameras,Action Camera,GoPro,2025-09-24,58690,38320,Like New,2,2026-10-24,38840,Individual,Individual,OLX,No,0,0,13,3925,Extended,Not Returned,Yes,No,,0.0,177.9,1.42,57.4,3.5,West,Ahmedabad,Landfill,LISTING_00897,Like New,38320.0,38840.0,-520.0,-1.36,1.01,Above Market Value
EC00898,PRD00898,Home Appliances,Refrigerator,Daikin,2022-05-17,25810,21850,Good,2,2025-01-17,10740,Individual,Individual,EchoChain Marketplace,No,0,2,32,9828,Expired,Not Returned,Yes,No,,0.0,58.44,1.11,60.5,5.0,North,Lucknow,Refurbished,LISTING_00898,Good,21850.0,10740.0,11110.0,50.85,0.49,Below Market Value
EC00899,PRD00899,Audio,Headphones,Sennheiser,2023-08-17,42610,35050,Good,1,2025-07-17,18850,Individual,Individual,Local Dealer,No,0,1,23,738,Expired,Not Returned,Yes,No,,0.0,35.47,0.98,35.5,3.4,North,Noida,Refurbished,LISTING_00899,Good,35050.0,18850.0,16200.0,46.22,0.54,Below Market Value
EC00900,PRD00900,Home Appliances,Vacuum Cleaner,Whirlpool,2024-03-14,55350,28740,Poor,3,2027-01-14,10760,Individual,Individual,Facebook Marketplace,Yes,7710,2,34,10415,Expired,Not Returned,Yes,No,,0.0,317.51,1.77,67.6,3.8,South,Chennai,Resold,LISTING_00900,Poor,28740.0,10760.0,17980.0,62.56,0.37,Below Market Value
EC00901,PRD00901,Audio,Soundbar,Sony,2024-05-09,7650,4760,Fair,1,2024-10-09,2730,Individual,Individual,Facebook Marketplace,Yes,750,2,5,6759,Active,Not Returned,Yes,No,,0.0,34.11,0.3,66.7,2.7,North,Lucknow,Resold,LISTING_00901,Fair,4760.0,2730.0,2030.0,42.65,0.57,Below Market Value
EC00902,PRD00902,Smartphones,Galaxy S Series,Apple,2023-07-18,39640,28220,Good,2,2026-12-18,16020,Individual,Individual,Facebook Marketplace,Yes,2840,0,41,5859,Expired,Not Returned,Yes,No,,0.0,203.72,1.23,68.3,4.0,West,Surat,Refurbished,LISTING_00902,Good,28220.0,16020.0,12200.0,43.23,0.57,Below Market Value
EC00903,PRD00903,Laptops,Pavilion,Apple,2025-10-14,150060,141500,Fair,1,2027-11-14,54890,Individual,Individual,EchoChain Marketplace,No,0,0,25,6575,Expired,Not Returned,Yes,No,,0.0,80.7,8.04,50.7,3.7,South,Vijayawada,Recycled,LISTING_00903,Fair,141500.0,54890.0,86610.0,61.21,0.39,Below Market Value
EC00904,PRD00904,Cameras,Action Camera,Sony,2022-04-06,50040,45870,Fair,3,2023-12-06,17040,Individual,Individual,OLX,Yes,7020,0,20,4289,Expired,Not Returned,Yes,No,,0.0,241.12,1.32,86.8,4.2,North,Lucknow,Resold,LISTING_00904,Fair,45870.0,17040.0,28830.0,62.85,0.37,Below Market Value
EC00905,PRD00905,Fashion,Jacket,Puma,2023-01-02,28210,13450,Fair,2,2024-09-02,9080,Individual,Individual,Local Dealer,No,0,1,20,7008,Expired,Not Returned,Yes,No,,0.0,139.73,1.58,49.7,4.0,East,Ranchi,Refurbished,LISTING_00905,Fair,13450.0,9080.0,4370.0,32.49,0.68,Below Market Value
EC00906,PRD00906,Audio,Smart Speaker,Sony,2023-01-22,2710,1820,Fair,3,2024-10-22,1050,Individual,Business,Amazon Renewed,No,0,1,21,6566,Expired,Not Returned,Yes,No,,0.0,5.6,0.07,53.3,4.0,North,Noida,Resold,LISTING_00906,Fair,1820.0,1050.0,770.0,42.31,0.58,Below Market Value
EC00907,PRD00907,Audio,Headphones,Boat,2023-07-14,21490,14950,Like New,2,2024-07-14,14050,Individual,Individual,Amazon Renewed,No,0,2,12,11439,Active,Not Returned,Yes,No,,0.0,50.62,0.4,51.5,3.7,South,Chennai,Refurbished,LISTING_00907,Like New,14950.0,14050.0,900.0,6.02,0.94,Below Market Value
EC00908,PRD00908,Smartphones,Pixel,Samsung,2023-06-28,97730,60240,Like New,2,2025-10-28,50730,Individual,Individual,Amazon Renewed,Yes,9710,1,28,1706,Extended,Not Returned,Yes,No,,0.0,311.07,3.87,74.3,3.9,West,Mumbai,Recycled,LISTING_00908,Like New,60240.0,50730.0,9510.0,15.79,0.84,Below Market Value
EC00909,PRD00909,Fashion,Sneakers,Fossil,2025-05-01,25260,15290,Fair,2,2027-11-01,7980,Individual,Individual,EchoChain Marketplace,No,0,0,30,51,Expired,Not Returned,Yes,Yes,2028-02-05,5.91,123.5,5.33,55.5,3.8,South,Chennai,Resold,LISTING_00909,Fair,15290.0,7980.0,7310.0,47.81,0.52,Below Market Value
EC00910,PRD00910,Audio,Soundbar,Boat,2025-04-20,22770,11870,Good,1,2029-11-20,7950,Individual,Individual,Facebook Marketplace,Yes,2860,1,55,3739,Expired,Returned,Yes,No,,0.0,65.41,0.98,57.8,2.7,West,Nagpur,Resold,LISTING_00910,Good,11870.0,7950.0,3920.0,33.02,0.67,Below Market Value
EC00911,PRD00911,Gaming,Monitor,Sony,2024-06-30,147200,79270,Poor,3,2028-03-30,22600,Individual,Individual,Local Dealer,Yes,14170,3,45,3537,Expired,Not Returned,Yes,No,,0.0,856.07,10.39,69.3,3.1,East,Patna,Recycled,LISTING_00911,Poor,79270.0,22600.0,56670.0,71.49,0.29,Below Market Value
EC00912,PRD00912,Smartphones,Xperia,OnePlus,2022-01-25,106130,58810,Good,2,2022-05-25,59220,Individual,Business,Facebook Marketplace,No,0,0,4,7566,Active,Not Returned,Yes,No,,0.0,193.78,7.76,59.0,4.2,East,Kolkata,Recycled,LISTING_00912,Good,58810.0,59220.0,-410.0,-0.7,1.01,Above Market Value
EC00913,PRD00913,Fashion,Backpack,Levi's,2025-06-06,44550,33180,Fair,2,2028-07-06,13830,Business,Individual,EchoChain Marketplace,No,0,1,37,11544,Expired,Returned,Yes,No,,0.0,261.46,0.85,55.6,3.5,East,Patna,Refurbished,LISTING_00913,Fair,33180.0,13830.0,19350.0,58.32,0.42,Below Market Value
EC00914,PRD00914,Home Appliances,Washing Machine,Samsung,2023-06-02,93220,66080,Good,2,2026-02-02,43350,Individual,Individual,Local Dealer,No,0,1,32,1774,Expired,Not Returned,Yes,No,,0.0,483.3,1.99,48.0,4.0,West,Pune,Resold,LISTING_00914,Good,66080.0,43350.0,22730.0,34.4,0.66,Below Market Value
EC00915,PRD00915,Fashion,Denim,Nike,2021-09-13,29060,24100,Good,2,2024-05-13,13910,Individual,Individual,Amazon Renewed,Yes,1260,0,32,1076,Expired,Not Returned,No,No,,0.0,95.05,0.57,64.6,3.1,North,Jaipur,Refurbished,LISTING_00915,Good,24100.0,13910.0,10190.0,42.28,0.58,Below Market Value
EC00916,PRD00916,Cameras,DSLR,Sony,2022-12-10,100450,75730,Good,1,2025-02-10,43750,Business,Individual,Local Dealer,No,0,1,26,2042,Extended,Not Returned,Yes,No,,0.0,125.62,1.65,43.1,3.2,East,Ranchi,Resold,LISTING_00916,Good,75730.0,43750.0,31980.0,42.23,0.58,Below Market Value
EC00917,PRD00917,Smartphones,Xperia,OnePlus,2022-03-26,60240,34300,Good,3,2026-12-26,20060,Individual,Individual,Local Dealer,No,0,3,57,9101,Expired,Not Returned,Yes,No,,0.0,151.76,0.96,59.3,3.5,East,Kolkata,Resold,LISTING_00917,Good,34300.0,20060.0,14240.0,41.52,0.58,Below Market Value
EC00918,PRD00918,Gaming,VR Headset,Meta,2021-01-10,145120,66250,Good,3,2023-12-10,65120,Individual,Individual,Amazon Renewed,Yes,6710,1,35,10215,Expired,Not Returned,No,No,,0.0,331.8,7.21,71.1,3.5,South,Vijayawada,Recycled,LISTING_00918,Good,66250.0,65120.0,1130.0,1.71,0.98,Below Market Value
EC00919,PRD00919,Smartphones,Galaxy S Series,OnePlus,2023-04-04,121480,76880,Like New,2,2023-12-04,78960,Individual,Individual,EchoChain Marketplace,Yes,5580,1,8,3171,Active,Not Returned,Yes,No,,0.0,279.83,8.77,71.2,4.2,East,Ranchi,Refurbished,LISTING_00919,Like New,76880.0,78960.0,-2080.0,-2.71,1.03,Above Market Value
EC00920,PRD00920,Audio,Soundbar,JBL,2023-03-09,3030,2790,Like New,3,2026-08-09,1450,Individual,Individual,Local Dealer,Yes,330,5,41,6903,Expired,Not Returned,Yes,No,,0.0,9.3,0.14,60.8,3.6,North,Chandigarh,Resold,LISTING_00920,Like New,2790.0,1450.0,1340.0,48.03,0.52,Below Market Value
EC00921,PRD00921,Laptops,MacBook Air,HP,2024-06-19,36600,31880,Fair,3,2027-01-19,10960,Business,Individual,Facebook Marketplace,No,0,0,31,2197,Expired,Not Returned,Yes,Yes,2027-02-05,24.06,178.38,6.77,67.1,3.6,West,Surat,Resold,LISTING_00921,Fair,31880.0,10960.0,20920.0,65.62,0.34,Below Market Value
EC00922,PRD00922,Furniture,Dining Set,IKEA,2024-06-28,10120,9610,Good,2,2026-02-28,4580,Individual,Individual,EchoChain Marketplace,No,0,0,20,1663,Extended,Not Returned,No,No,,0.0,18.43,0.64,66.4,5.0,North,Jaipur,Refurbished,LISTING_00922,Good,9610.0,4580.0,5030.0,52.34,0.48,Below Market Value
EC00923,PRD00923,Fashion,Jacket,Puma,2023-05-27,36560,30050,Good,2,2024-06-27,18940,Business,Individual,Cashify,No,0,2,13,5780,Extended,Not Returned,Yes,No,,0.0,185.55,1.16,56.3,4.1,West,Nagpur,Resold,LISTING_00923,Good,30050.0,18940.0,11110.0,36.97,0.63,Below Market Value
EC00924,PRD00924,Laptops,Inspiron,HP,2023-10-26,151310,73490,Like New,2,2025-11-26,79450,Individual,Individual,Cashify,Yes,15620,2,25,8203,Expired,Returned,Yes,No,,0.0,405.61,11.45,62.5,4.3,West,Pune,Refurbished,LISTING_00924,Like New,73490.0,79450.0,-5960.0,-8.11,1.08,Above Market Value
EC00925,PRD00925,Furniture,Dining Set,Urban Ladder,2024-02-17,83570,39340,Good,1,2025-10-17,41790,Business,Individual,Cashify,No,0,0,20,9377,Expired,Not Returned,No,No,,0.0,127.02,3.13,44.9,4.3,South,Hyderabad,Resold,LISTING_00925,Good,39340.0,41790.0,-2450.0,-6.23,1.06,Above Market Value
EC00926,PRD00926,Smartphones,OnePlus,OnePlus,2023-10-13,96980,67970,Good,2,2028-07-13,34070,Individual,Business,Local Dealer,No,0,1,57,6176,Expired,Returned,Yes,No,,0.0,658.72,1.9,42.7,4.1,South,Bengaluru,Resold,LISTING_00926,Good,67970.0,34070.0,33900.0,49.87,0.5,Below Market Value
EC00927,PRD00927,Cameras,Camcorder,Panasonic,2025-12-30,133820,117240,Good,2,2027-10-30,67060,Individual,Individual,OLX,No,0,2,22,9828,Expired,Not Returned,Yes,Yes,2028-02-25,106.26,729.99,38.72,72.7,4.4,East,Guwahati,Resold,LISTING_00927,Good,117240.0,67060.0,50180.0,42.8,0.57,Below Market Value
EC00928,PRD00928,Furniture,Dining Set,IKEA,2022-01-09,11660,8130,Good,3,2026-04-09,4420,Individual,Individual,Facebook Marketplace,No,0,2,51,171,Expired,Not Returned,Yes,No,,0.0,63.53,0.54,52.6,3.0,North,Noida,Recycled,LISTING_00928,Good,8130.0,4420.0,3710.0,45.63,0.54,Below Market Value
EC00929,PRD00929,Cameras,Action Camera,Nikon,2023-12-25,182580,117300,Good,1,2024-09-25,92830,Individual,Individual,Cashify,No,0,1,9,9157,Active,Not Returned,Yes,No,,0.0,306.52,14.08,43.3,3.2,East,Ranchi,Resold,LISTING_00929,Good,117300.0,92830.0,24470.0,20.86,0.79,Below Market Value
EC00930,PRD00930,Home Appliances,Vacuum Cleaner,IFB,2021-05-26,82180,42300,Poor,2,2024-03-26,14580,Individual,Individual,EchoChain Marketplace,Yes,12930,0,34,4901,Expired,Not Returned,Yes,No,,0.0,193.06,5.58,69.6,3.2,West,Mumbai,Resold,LISTING_00930,Poor,42300.0,14580.0,27720.0,65.53,0.34,Below Market Value
EC00931,PRD00931,Laptops,MacBook Air,Lenovo,2021-08-12,63890,40840,Good,1,2022-01-12,34670,Individual,Individual,Facebook Marketplace,No,0,3,5,8555,Active,Not Returned,Yes,No,,0.0,96.23,2.3,46.4,4.9,South,Chennai,Refurbished,LISTING_00931,Good,40840.0,34670.0,6170.0,15.11,0.85,Below Market Value
EC00932,PRD00932,Cameras,Camcorder,Panasonic,2024-06-16,143480,125540,Good,2,2028-12-16,55480,Business,Individual,Facebook Marketplace,No,0,0,54,257,Expired,Not Returned,Yes,No,,0.0,402.06,9.83,54.0,3.5,West,Pune,Resold,LISTING_00932,Good,125540.0,55480.0,70060.0,55.81,0.44,Below Market Value
EC00933,PRD00933,Audio,Smart Speaker,Sennheiser,2021-06-26,49850,36070,Poor,2,2024-10-26,8670,Individual,Business,OLX,No,0,0,40,2039,Expired,Not Returned,Yes,No,,0.0,135.08,2.95,52.3,3.9,South,Chennai,Recycled,LISTING_00933,Poor,36070.0,8670.0,27400.0,75.96,0.24,Below Market Value
EC00934,PRD00934,Laptops,MacBook Air,Acer,2025-12-08,66520,49310,Poor,2,2026-07-08,15940,Individual,Individual,EchoChain Marketplace,Yes,7580,0,7,8651,Active,Not Returned,Yes,No,,0.0,215.78,4.07,70.9,3.9,South,Bengaluru,Resold,LISTING_00934,Poor,49310.0,15940.0,33370.0,67.67,0.32,Below Market Value
EC00935,PRD00935,Furniture,Study Table,IKEA,2023-05-03,12180,6560,Good,2,2028-05-03,4490,Individual,Individual,EchoChain Marketplace,No,0,1,60,11744,Expired,Not Returned,Yes,No,,0.0,70.65,0.71,52.6,4.9,North,Chandigarh,Resold,LISTING_00935,Good,6560.0,4490.0,2070.0,31.55,0.68,Below Market Value
EC00936,PRD00936,Smartphones,Pixel,Samsung,2024-07-29,82450,47860,Fair,3,2024-10-29,32420,Individual,Individual,Cashify,Yes,13130,1,3,1451,Active,Not Returned,No,No,,0.0,260.35,2.25,80.3,4.8,South,Kochi,Resold,LISTING_00936,Fair,47860.0,32420.0,15440.0,32.26,0.68,Below Market Value
EC00937,PRD00937,Cameras,Action Camera,Panasonic,2021-03-04,94720,74110,Good,1,2021-12-04,54620,Individual,Individual,OLX,No,0,0,9,7498,Active,Not Returned,No,No,,0.0,79.69,2.93,60.2,3.8,South,Bengaluru,Recycled,LISTING_00937,Good,74110.0,54620.0,19490.0,26.3,0.74,Below Market Value
EC00938,PRD00938,Furniture,Bookshelf,Wakefit,2024-05-25,11360,6650,Good,3,2025-03-25,5950,Individual,Individual,OLX,No,0,1,10,7427,Active,Not Returned,Yes,Yes,2025-05-18,8.91,32.89,1.38,68.1,4.0,West,Nagpur,Refurbished,LISTING_00938,Good,6650.0,5950.0,700.0,10.53,0.89,Below Market Value
EC00939,PRD00939,Laptops,MacBook Air,Apple,2023-04-07,58210,37170,Poor,3,2025-07-07,12490,Business,Business,EchoChain Marketplace,No,0,2,27,272,Extended,Not Returned,Yes,No,,0.0,301.69,3.68,67.9,2.8,West,Mumbai,Resold,LISTING_00939,Poor,37170.0,12490.0,24680.0,66.4,0.34,Below Market Value
EC00940,PRD00940,Fashion,Jacket,Adidas,2023-03-06,12030,7430,Like New,4,2025-10-06,6790,Business,Individual,Facebook Marketplace,Yes,1020,1,31,3678,Extended,Not Returned,Yes,No,,0.0,50.1,0.27,78.3,3.5,South,Bengaluru,Recycled,LISTING_00940,Like New,7430.0,6790.0,640.0,8.61,0.91,Below Market Value
EC00941,PRD00941,Laptops,ThinkPad,Lenovo,2022-11-20,176910,101670,Good,1,2024-07-20,83210,Individual,Individual,OLX,Yes,21490,0,20,9479,Expired,Not Returned,Yes,No,,0.0,386.66,11.32,55.5,4.6,East,Ranchi,Recycled,LISTING_00941,Good,101670.0,83210.0,18460.0,18.16,0.82,Below Market Value
EC00942,PRD00942,Home Appliances,Microwave,LG,2025-01-24,94710,58470,Fair,4,2030-01-24,21180,Business,Individual,Amazon Renewed,No,0,1,60,6929,Expired,Not Returned,Yes,No,,0.0,497.35,5.64,61.2,4.7,South,Bengaluru,Resold,LISTING_00942,Fair,58470.0,21180.0,37290.0,63.78,0.36,Below Market Value
EC00943,PRD00943,Fashion,Backpack,Adidas,2025-06-22,37480,17100,Good,1,2029-05-22,14340,Business,Individual,OLX,Yes,3290,1,47,202,Expired,Not Returned,Yes,Yes,2029-09-02,21.17,100.13,5.34,62.6,4.0,East,Bhubaneswar,Refurbished,LISTING_00943,Good,17100.0,14340.0,2760.0,16.14,0.84,Below Market Value
EC00944,PRD00944,Gaming,Gaming Console,Microsoft,2021-04-15,73680,46100,Good,2,2023-11-15,34420,Individual,Individual,Local Dealer,No,0,1,31,9658,Expired,Not Returned,Yes,No,,0.0,407.55,1.56,53.2,4.6,East,Bhubaneswar,Resold,LISTING_00944,Good,46100.0,34420.0,11680.0,25.34,0.75,Below Market Value
EC00945,PRD00945,Smartphones,Pixel,Samsung,2024-01-28,128210,72000,Good,2,2026-06-28,59370,Individual,Individual,EchoChain Marketplace,No,0,3,29,7126,Extended,Not Returned,Yes,No,,0.0,666.0,3.89,49.1,3.9,North,Lucknow,Refurbished,LISTING_00945,Good,72000.0,59370.0,12630.0,17.54,0.82,Below Market Value
EC00946,PRD00946,Cameras,Camcorder,Nikon,2022-05-26,167080,138610,Good,3,2023-01-26,95470,Individual,Individual,EchoChain Marketplace,Yes,25700,0,8,5552,Active,Not Returned,Yes,No,,0.0,631.52,4.14,66.6,4.5,North,Lucknow,Resold,LISTING_00946,Good,138610.0,95470.0,43140.0,31.12,0.69,Below Market Value
EC00947,PRD00947,Furniture,Office Chair,IKEA,2022-01-20,16420,15480,Good,2,2023-09-20,8800,Individual,Individual,EchoChain Marketplace,Yes,1110,1,20,7828,Expired,Not Returned,Yes,No,,0.0,33.66,0.52,60.9,4.4,East,Guwahati,Refurbished,LISTING_00947,Good,15480.0,8800.0,6680.0,43.15,0.57,Below Market Value
EC00948,PRD00948,Laptops,MacBook Air,Dell,2022-02-09,162310,132120,Good,1,2023-02-09,81080,Individual,Individual,OLX,No,0,0,12,6057,Active,Not Returned,Yes,No,,0.0,234.71,7.65,51.1,4.1,North,Jaipur,Refurbished,LISTING_00948,Good,132120.0,81080.0,51040.0,38.63,0.61,Below Market Value
EC00949,PRD00949,Audio,Smart Speaker,Bose,2023-04-03,40290,26980,Like New,1,2023-10-03,24950,Individual,Individual,Amazon Renewed,No,0,4,6,7450,Active,Not Returned,Yes,No,,0.0,35.89,1.61,56.2,3.7,South,Vijayawada,Refurbished,LISTING_00949,Like New,26980.0,24950.0,2030.0,7.52,0.92,Below Market Value
EC00950,PRD00950,Smartphones,Galaxy S Series,Sony,2022-06-02,127120,100370,Fair,5,2025-06-02,39140,Individual,Individual,EchoChain Marketplace,No,0,3,36,11627,Expired,Returned,Yes,No,,0.0,271.9,5.06,67.1,3.5,East,Bhubaneswar,Resold,LISTING_00950,Fair,100370.0,39140.0,61230.0,61.0,0.39,Below Market Value
EC00951,PRD00951,Home Appliances,Microwave,Samsung,2022-04-21,49330,32350,Good,1,2023-05-21,26940,Individual,Business,EchoChain Marketplace,Yes,3590,0,13,6041,Expired,Not Returned,Yes,No,,0.0,232.46,3.79,58.1,4.4,North,Delhi,Refurbished,LISTING_00951,Good,32350.0,26940.0,5410.0,16.72,0.83,Below Market Value
EC00952,PRD00952,Fashion,Sneakers,Nike,2022-12-10,35760,31300,Good,1,2025-04-10,14900,Business,Individual,Facebook Marketplace,Yes,4970,0,28,3319,Expired,Not Returned,Yes,No,,0.0,200.25,0.61,55.6,3.7,East,Bhubaneswar,Recycled,LISTING_00952,Good,31300.0,14900.0,16400.0,52.4,0.48,Below Market Value
EC00953,PRD00953,Furniture,Study Table,Urban Ladder,2025-07-27,85010,65110,Good,2,2026-10-27,46650,Individual,Individual,EchoChain Marketplace,Yes,8770,1,15,6026,Expired,Not Returned,Yes,No,,0.0,164.18,3.15,71.1,5.0,South,Vijayawada,Resold,LISTING_00953,Good,65110.0,46650.0,18460.0,28.35,0.72,Below Market Value
EC00954,PRD00954,Gaming,Controller,Meta,2023-02-10,84380,38570,Fair,4,2028-02-10,22360,Individual,Individual,Local Dealer,No,0,1,60,9546,Expired,Not Returned,Yes,No,,0.0,271.82,3.44,65.7,2.7,North,Delhi,Recycled,LISTING_00954,Fair,38570.0,22360.0,16210.0,42.03,0.58,Below Market Value
EC00955,PRD00955,Laptops,Inspiron,Apple,2024-12-31,113780,105660,Good,1,2026-01-31,54800,Individual,Business,Amazon Renewed,No,0,1,13,9372,Expired,Not Returned,Yes,No,,0.0,149.09,1.91,43.6,4.7,South,Kochi,Resold,LISTING_00955,Good,105660.0,54800.0,50860.0,48.14,0.52,Below Market Value
EC00956,PRD00956,Home Appliances,Refrigerator,Daikin,2023-11-13,113650,67240,Good,2,2025-01-13,58940,Individual,Individual,Cashify,No,0,1,14,587,Extended,Not Returned,Yes,No,,0.0,374.22,8.75,55.7,3.4,North,Jaipur,Resold,LISTING_00956,Good,67240.0,58940.0,8300.0,12.34,0.88,Below Market Value
EC00957,PRD00957,Furniture,Bookshelf,Urban Ladder,2023-09-24,24910,17350,Good,1,2024-06-24,14600,Individual,Business,Amazon Renewed,No,0,0,9,3399,Active,Not Returned,Yes,No,,0.0,24.78,1.5,46.0,4.4,West,Nagpur,Recycled,LISTING_00957,Good,17350.0,14600.0,2750.0,15.85,0.84,Below Market Value
EC00958,PRD00958,Laptops,ThinkPad,HP,2025-05-08,52830,42190,Fair,4,2027-03-08,16760,Individual,Individual,EchoChain Marketplace,No,0,2,22,6662,Extended,Not Returned,Yes,No,,0.0,197.08,2.29,68.7,3.6,East,Kolkata,Resold,LISTING_00958,Fair,42190.0,16760.0,25430.0,60.27,0.4,Below Market Value
EC00959,PRD00959,Laptops,ThinkPad,HP,2022-11-08,135150,95320,Good,4,2026-04-08,51520,Business,Business,Local Dealer,No,0,2,41,1167,Expired,Not Returned,Yes,Yes,2026-04-16,94.06,548.25,36.08,80.5,4.0,West,Ahmedabad,Recycled,LISTING_00959,Good,95320.0,51520.0,43800.0,45.95,0.54,Below Market Value
EC00960,PRD00960,Furniture,Office Chair,Wakefit,2022-12-15,22530,18530,Good,4,2024-04-15,10230,Business,Individual,Cashify,No,0,1,16,8800,Expired,Returned,Yes,No,,0.0,65.55,1.64,77.9,4.3,North,Chandigarh,Resold,LISTING_00960,Good,18530.0,10230.0,8300.0,44.79,0.55,Below Market Value
EC00961,PRD00961,Cameras,Mirrorless Camera,Canon,2025-01-21,111470,84690,Good,2,2029-07-21,43900,Individual,Individual,OLX,No,0,0,54,3308,Expired,Not Returned,Yes,No,,0.0,365.24,8.35,52.8,4.3,West,Nagpur,Refurbished,LISTING_00961,Good,84690.0,43900.0,40790.0,48.16,0.52,Below Market Value
EC00962,PRD00962,Fashion,Backpack,Puma,2021-03-24,29010,24900,Good,4,2026-03-24,10030,Individual,Individual,EchoChain Marketplace,Yes,2150,0,60,10123,Expired,Not Returned,No,No,,0.0,76.98,0.64,79.9,4.4,East,Kolkata,Refurbished,LISTING_00962,Good,24900.0,10030.0,14870.0,59.72,0.4,Below Market Value
EC00963,PRD00963,Smartphones,Pixel,Google,2024-03-14,84830,47260,Fair,2,2025-03-14,34980,Business,Individual,Amazon Renewed,No,0,1,12,114,Active,Not Returned,Yes,No,,0.0,156.19,2.74,63.5,3.9,West,Ahmedabad,Resold,LISTING_00963,Fair,47260.0,34980.0,12280.0,25.98,0.74,Below Market Value
EC00964,PRD00964,Cameras,Action Camera,Panasonic,2024-01-14,137730,84020,Good,3,2028-12-14,47050,Business,Individual,Amazon Renewed,Yes,20830,0,59,2087,Expired,Not Returned,Yes,No,,0.0,821.88,3.91,66.2,3.6,North,Lucknow,Refurbished,LISTING_00964,Good,84020.0,47050.0,36970.0,44.0,0.56,Below Market Value
EC00965,PRD00965,Smartphones,iPhone,Samsung,2024-01-07,30070,19200,Poor,2,2026-07-07,5940,Individual,Individual,Amazon Renewed,No,0,4,30,985,Expired,Not Returned,Yes,No,,0.0,110.25,1.49,50.2,4.3,North,Chandigarh,Resold,LISTING_00965,Poor,19200.0,5940.0,13260.0,69.06,0.31,Below Market Value
EC00966,PRD00966,Gaming,VR Headset,ASUS,2022-04-02,8530,5350,Good,2,2026-11-02,3170,Business,Individual,Cashify,No,0,0,55,10267,Expired,Not Returned,Yes,No,,0.0,57.37,0.2,58.3,3.9,East,Ranchi,Resold,LISTING_00966,Good,5350.0,3170.0,2180.0,40.75,0.59,Below Market Value
EC00967,PRD00967,Smartphones,iPhone,Apple,2021-01-01,116150,57620,Good,1,2021-11-01,54430,Individual,Individual,Cashify,No,0,4,10,2357,Active,Not Returned,Yes,No,,0.0,159.83,6.69,58.1,3.5,North,Chandigarh,Recycled,LISTING_00967,Good,57620.0,54430.0,3190.0,5.54,0.94,Below Market Value
EC00968,PRD00968,Gaming,Monitor,Sony,2021-02-20,99430,80860,Good,2,2024-06-20,41730,Individual,Individual,OLX,No,0,0,40,2801,Expired,Not Returned,Yes,No,,0.0,610.11,1.54,59.4,4.5,East,Patna,Refurbished,LISTING_00968,Good,80860.0,41730.0,39130.0,48.39,0.52,Below Market Value
EC00969,PRD00969,Gaming,Gaming Laptop,Sony,2022-11-16,34050,30040,Fair,2,2023-04-16,15200,Business,Individual,OLX,No,0,2,5,7106,Active,Not Returned,Yes,No,,0.0,131.08,2.44,58.3,3.2,North,Jaipur,Resold,LISTING_00969,Fair,30040.0,15200.0,14840.0,49.4,0.51,Below Market Value
EC00970,PRD00970,Audio,Headphones,JBL,2022-12-18,22430,20010,Fair,2,2023-06-18,9270,Individual,Individual,Amazon Renewed,Yes,3110,1,6,105,Active,Not Returned,Yes,No,,0.0,47.01,1.56,72.3,3.5,South,Hyderabad,Resold,LISTING_00970,Fair,20010.0,9270.0,10740.0,53.67,0.46,Below Market Value
EC00971,PRD00971,Home Appliances,Air Conditioner,Whirlpool,2025-12-01,69940,46530,Good,3,2027-08-01,34820,Individual,Business,Local Dealer,No,0,0,20,8642,Expired,Not Returned,Yes,No,,0.0,135.9,2.12,68.8,4.3,South,Hyderabad,Resold,LISTING_00971,Good,46530.0,34820.0,11710.0,25.17,0.75,Below Market Value
EC00972,PRD00972,Smartphones,Galaxy S Series,Samsung,2025-01-09,83630,51550,Good,1,2025-05-09,43030,Individual,Business,Cashify,No,0,0,4,3442,Active,Not Returned,No,No,,0.0,146.35,4.91,48.5,3.6,East,Ranchi,Refurbished,LISTING_00972,Good,51550.0,43030.0,8520.0,16.53,0.83,Below Market Value
EC00973,PRD00973,Furniture,Sofa,Wakefit,2022-03-25,88740,42870,Good,2,2023-05-25,43290,Business,Business,EchoChain Marketplace,Yes,7480,4,14,3041,Expired,Not Returned,Yes,No,,0.0,276.96,6.44,72.4,4.4,West,Pune,Resold,LISTING_00973,Good,42870.0,43290.0,-420.0,-0.98,1.01,Above Market Value
EC00974,PRD00974,Smartphones,Xperia,OnePlus,2023-05-31,10510,7480,Poor,2,2026-12-31,1750,Business,Individual,EchoChain Marketplace,No,0,1,43,910,Expired,Not Returned,Yes,No,,0.0,65.74,0.57,52.1,4.5,West,Surat,Resold,LISTING_00974,Poor,7480.0,1750.0,5730.0,76.6,0.23,Below Market Value
EC00975,PRD00975,Audio,Smart Speaker,JBL,2022-05-03,33610,31010,Fair,1,2027-01-03,8580,Business,Business,Amazon Renewed,No,0,0,56,1368,Expired,Not Returned,Yes,No,,0.0,47.1,0.9,42.4,4.4,South,Kochi,Refurbished,LISTING_00975,Fair,31010.0,8580.0,22430.0,72.33,0.28,Below Market Value
EC00976,PRD00976,Fashion,Watch,Fossil,2025-12-29,6270,4360,Good,1,2028-07-29,2830,Individual,Individual,Cashify,No,0,1,31,7361,Expired,Not Returned,No,No,,0.0,3.17,0.41,45.6,4.5,West,Mumbai,Resold,LISTING_00976,Good,4360.0,2830.0,1530.0,35.09,0.65,Below Market Value
EC00977,PRD00977,Audio,Headphones,Sennheiser,2021-02-03,8380,4460,Fair,2,2023-02-03,2600,Business,Individual,Cashify,No,0,0,24,1154,Expired,Not Returned,No,No,,0.0,40.2,0.58,55.1,3.9,West,Surat,Refurbished,LISTING_00977,Fair,4460.0,2600.0,1860.0,41.7,0.58,Below Market Value
EC00978,PRD00978,Fashion,Backpack,Nike,2024-10-03,34290,18520,Like New,2,2028-01-03,16820,Business,Individual,Cashify,Yes,1810,1,39,3038,Expired,Not Returned,Yes,No,,0.0,213.88,0.81,68.8,4.7,South,Bengaluru,Resold,LISTING_00978,Like New,18520.0,16820.0,1700.0,9.18,0.91,Below Market Value
EC00979,PRD00979,Smartphones,iPhone,Apple,2021-04-05,73010,53870,Good,2,2022-11-05,31570,Individual,Individual,EchoChain Marketplace,Yes,11460,0,19,10028,Expired,Not Returned,Yes,No,,0.0,319.56,1.46,65.4,4.3,South,Chennai,Resold,LISTING_00979,Good,53870.0,31570.0,22300.0,41.4,0.59,Below Market Value
EC00980,PRD00980,Home Appliances,Microwave,LG,2024-01-01,62550,28180,Good,2,2028-06-01,22180,Individual,Individual,Facebook Marketplace,Yes,7460,1,53,3119,Expired,Returned,Yes,Yes,2028-09-12,14.64,359.15,24.18,64.1,4.2,East,Guwahati,Resold,LISTING_00980,Good,28180.0,22180.0,6000.0,21.29,0.79,Below Market Value
EC00981,PRD00981,Laptops,ThinkPad,HP,2025-04-24,75920,38090,Good,1,2027-09-24,30690,Individual,Business,EchoChain Marketplace,No,0,1,29,9799,Expired,Not Returned,Yes,No,,0.0,128.04,1.13,44.9,4.8,West,Ahmedabad,Resold,LISTING_00981,Good,38090.0,30690.0,7400.0,19.43,0.81,Below Market Value
EC00982,PRD00982,Laptops,Pavilion,Apple,2021-06-03,40670,38010,Poor,3,2022-09-03,8680,Individual,Individual,OLX,No,0,0,15,2899,Extended,Not Returned,Yes,No,,0.0,178.19,2.58,72.4,3.3,East,Kolkata,Resold,LISTING_00982,Poor,38010.0,8680.0,29330.0,77.16,0.23,Below Market Value
EC00983,PRD00983,Gaming,VR Headset,Meta,2021-09-07,162350,120240,Like New,1,2024-12-07,82380,Business,Individual,EchoChain Marketplace,Yes,14050,0,39,4465,Expired,Not Returned,Yes,No,,0.0,605.77,8.19,56.3,2.9,East,Kolkata,Refurbished,LISTING_00983,Like New,120240.0,82380.0,37860.0,31.49,0.69,Below Market Value
EC00984,PRD00984,Audio,Bluetooth Speaker,Sony,2022-11-05,34840,20260,Like New,3,2027-11-05,15710,Individual,Individual,EchoChain Marketplace,No,0,2,60,6513,Expired,Not Returned,Yes,No,,0.0,214.85,1.02,60.7,4.7,South,Bengaluru,Resold,LISTING_00984,Like New,20260.0,15710.0,4550.0,22.46,0.78,Below Market Value
EC00985,PRD00985,Smartphones,iPhone,Apple,2022-03-14,33820,29480,Fair,1,2025-09-14,10610,Individual,Individual,Cashify,Yes,1530,1,42,9324,Expired,Returned,Yes,No,,0.0,189.44,0.62,49.6,3.9,East,Guwahati,Resold,LISTING_00985,Fair,29480.0,10610.0,18870.0,64.01,0.36,Below Market Value
EC00986,PRD00986,Laptops,ThinkPad,Dell,2021-04-28,68280,42880,Good,1,2025-06-28,24270,Individual,Business,Local Dealer,No,0,0,50,4449,Expired,Not Returned,Yes,No,,0.0,68.02,3.83,38.8,4.3,South,Vijayawada,Resold,LISTING_00986,Good,42880.0,24270.0,18610.0,43.4,0.57,Below Market Value
EC00987,PRD00987,Laptops,MacBook Air,Acer,2023-02-10,176080,132950,Fair,1,2027-06-10,41270,Individual,Individual,OLX,No,0,0,52,3205,Expired,Not Returned,Yes,No,,0.0,263.76,13.98,41.7,2.4,West,Ahmedabad,Resold,LISTING_00987,Fair,132950.0,41270.0,91680.0,68.96,0.31,Below Market Value
EC00988,PRD00988,Smartphones,OnePlus,Sony,2024-08-22,100420,77200,Like New,3,2029-02-22,45030,Individual,Individual,EchoChain Marketplace,Yes,5090,1,54,6317,Expired,Not Returned,Yes,No,,0.0,325.65,6.8,69.6,4.1,West,Ahmedabad,Refurbished,LISTING_00988,Like New,77200.0,45030.0,32170.0,41.67,0.58,Below Market Value
EC00989,PRD00989,Smartphones,Galaxy S Series,Google,2021-09-25,89540,77680,Good,2,2023-05-25,41360,Individual,Individual,Local Dealer,Yes,3470,2,20,6221,Expired,Not Returned,Yes,No,,0.0,332.05,2.0,70.5,4.8,South,Kochi,Resold,LISTING_00989,Good,77680.0,41360.0,36320.0,46.76,0.53,Below Market Value
EC00990,PRD00990,Audio,Smart Speaker,JBL,2023-12-14,14820,7370,Fair,3,2027-02-14,3920,Individual,Business,Cashify,No,0,2,38,10325,Extended,Not Returned,No,No,,0.0,73.48,0.96,63.2,3.4,North,Delhi,Refurbished,LISTING_00990,Fair,7370.0,3920.0,3450.0,46.81,0.53,Below Market Value
EC00991,PRD00991,Home Appliances,Microwave,LG,2021-08-24,90630,42320,Like New,2,2021-11-24,68820,Individual,Individual,Facebook Marketplace,No,0,2,3,3996,Active,Not Returned,Yes,Yes,2022-03-12,46.69,400.5,32.97,70.1,4.9,North,Delhi,Refurbished,LISTING_00991,Like New,42320.0,68820.0,-26500.0,-62.62,1.63,Above Market Value
EC00992,PRD00992,Fashion,Sneakers,Levi's,2022-01-24,38700,24600,Poor,2,2023-01-24,8660,Individual,Individual,EchoChain Marketplace,Yes,3610,0,12,8541,Active,Not Returned,No,No,,0.0,96.61,1.67,75.3,2.9,South,Hyderabad,Resold,LISTING_00992,Poor,24600.0,8660.0,15940.0,64.8,0.35,Below Market Value
EC00993,PRD00993,Audio,Headphones,Bose,2023-09-17,35110,22990,Fair,1,2024-03-17,13260,Business,Business,Amazon Renewed,No,0,1,6,4271,Active,Not Returned,Yes,Yes,2024-06-18,19.8,43.68,5.75,57.1,3.7,East,Guwahati,Resold,LISTING_00993,Fair,22990.0,13260.0,9730.0,42.32,0.58,Below Market Value
EC00994,PRD00994,Audio,Soundbar,JBL,2025-10-24,9420,4410,Fair,2,2029-12-24,2410,Individual,Individual,OLX,Yes,1510,2,50,221,Expired,Not Returned,Yes,No,,0.0,56.05,0.58,56.6,3.4,East,Guwahati,Resold,LISTING_00994,Fair,4410.0,2410.0,2000.0,45.35,0.55,Below Market Value
EC00995,PRD00995,Smartphones,OnePlus,Google,2023-02-02,28140,16770,Good,3,2026-09-02,9900,Individual,Individual,EchoChain Marketplace,No,0,0,43,5612,Expired,Not Returned,Yes,No,,0.0,127.01,2.16,43.3,4.4,West,Surat,Resold,LISTING_00995,Good,16770.0,9900.0,6870.0,40.97,0.59,Below Market Value
EC00996,PRD00996,Laptops,Pavilion,Acer,2022-02-05,179950,121910,Good,4,2023-02-05,88470,Individual,Individual,Facebook Marketplace,Yes,23110,1,12,5536,Active,Not Returned,Yes,No,,0.0,824.33,14.0,81.6,3.6,South,Chennai,Recycled,LISTING_00996,Good,121910.0,88470.0,33440.0,27.43,0.73,Below Market Value
EC00997,PRD00997,Audio,Wireless Earbuds,Boat,2022-09-16,3920,1990,Good,2,2024-07-16,1850,Individual,Business,Cashify,No,0,3,22,7834,Expired,Not Returned,Yes,Yes,2024-08-01,1.19,13.21,0.58,66.3,4.8,South,Hyderabad,Refurbished,LISTING_00997,Good,1990.0,1850.0,140.0,7.04,0.93,Below Market Value
EC00998,PRD00998,Audio,Bluetooth Speaker,JBL,2023-02-06,16430,13100,Poor,1,2023-05-06,3710,Business,Individual,EchoChain Marketplace,Yes,2470,1,3,6539,Active,Not Returned,Yes,No,,0.0,39.62,1.03,64.1,3.5,East,Kolkata,Refurbished,LISTING_00998,Poor,13100.0,3710.0,9390.0,71.68,0.28,Below Market Value
EC00999,PRD00999,Audio,Headphones,Sony,2024-08-19,37450,20830,Fair,2,2027-12-19,10540,Individual,Individual,OLX,No,0,0,40,8300,Expired,Not Returned,Yes,No,,0.0,107.73,0.76,51.9,3.0,West,Ahmedabad,Resold,LISTING_00999,Fair,20830.0,10540.0,10290.0,49.4,0.51,Below Market Value
EC01000,PRD01000,Home Appliances,Microwave,Whirlpool,2023-07-08,54010,46690,Like New,4,2024-08-08,34140,Individual,Individual,Amazon Renewed,No,0,4,13,1034,Expired,Not Returned,Yes,No,,0.0,162.04,4.17,71.9,5.0,West,Pune,Recycled,LISTING_01000,Like New,46690.0,34140.0,12550.0,26.88,0.73,Below Market Value
