Transaction_ID,Product_ID,Product_Category,Product_Name,Brand,Purchase_Date,Original_Price_INR,Current_Market_Value_INR,Condition_at_Resale,Ownership_Cycle,Resale_Date,Resale_Price_INR,Seller_Type,Buyer_Type,Platform,Refurbished,Refurbishment_Cost_INR,Repair_Count,Product_Age_Months,Usage_Hours,Warranty_Status,Return_Status,Recycling_Eligible,Recycled,Recycling_Date,Material_Recovered_Kg,CO2_Saved_Kg,Waste_Diverted_Kg,Circularity_Score,Customer_Rating,Region,City,Final_Disposition
SCRAPED_TXN_00001,SCRAPED_PRD_00001,Books,A Light in the Attic,Unknown,2026-09-01,4659.3,3261.5099999999998,Good,1,2026-09-01,4659.3,Individual,Individual,Books to Scrape,False,0,0,0,0,Unknown,Unknown,False,False,,0,0,0,0,3,Unknown,Unknown,Resold
SCRAPED_TXN_00002,SCRAPED_PRD_00002,Books,Tipping the Velvet,Unknown,2026-09-01,4836.6,3385.62,Good,1,2026-09-01,4836.6,Individual,Individual,Books to Scrape,False,0,0,0,0,Unknown,Unknown,False,False,,0,0,0,0,1,Unknown,Unknown,Resold
SCRAPED_TXN_00003,SCRAPED_PRD_00003,Books,Soumission,Unknown,2026-09-01,4509.0,3156.2999999999997,Good,1,2026-09-01,4509.0,Individual,Individual,Books to Scrape,False,0,0,0,0,Unknown,Unknown,False,False,,0,0,0,0,1,Unknown,Unknown,Resold
SCRAPED_TXN_00004,SCRAPED_PRD_00004,Books,Sharp Objects,Unknown,2026-09-01,4303.8,3012.66,Good,1,2026-09-01,4303.8,Individual,Individual,Books to Scrape,False,0,0,0,0,Unknown,Unknown,False,False,,0,0,0,0,4,Unknown,Unknown,Resold
SCRAPED_TXN_00005,SCRAPED_PRD_00005,Books,Sapiens: A Brief History of Humankind,Unknown,2026-09-01,4880.7,3416.49,Good,1,2026-09-01,4880.7,Individual,Individual,Books to Scrape,False,0,0,0,0,Unknown,Unknown,False,False,,0,0,0,0,5,Unknown,Unknown,Resold
SCRAPED_TXN_00006,SCRAPED_PRD_00006,Books,The Requiem Red,Unknown,2026-09-01,2038.4999999999998,1426.9499999999998,Good,1,2026-09-01,2038.4999999999998,Individual,Individual,Books to Scrape,False,0,0,0,0,Unknown,Unknown,False,False,,0,0,0,0,1,Unknown,Unknown,Resold
SCRAPED_TXN_00007,SCRAPED_PRD_00007,Books,The Dirty Little Secrets of Getting Your Dream Job,Unknown,2026-09-01,3000.6000000000004,2100.42,Good,1,2026-09-01,3000.6000000000004,Individual,Individual,Books to Scrape,False,0,0,0,0,Unknown,Unknown,False,False,,0,0,0,0,4,Unknown,Unknown,Resold
SCRAPED_TXN_00008,SCRAPED_PRD_00008,Books,"The Coming Woman: A Novel Based on the Life of the Infamous Feminist, Victoria Woodhull",Unknown,2026-09-01,1613.7,1129.59,Good,1,2026-09-01,1613.7,Individual,Individual,Books to Scrape,False,0,0,0,0,Unknown,Unknown,False,False,,0,0,0,0,3,Unknown,Unknown,Resold
SCRAPED_TXN_00009,SCRAPED_PRD_00009,Books,The Boys in the Boat: Nine Americans and Their Epic Quest for Gold at the 1936 Berlin Olympics,Unknown,2026-09-01,2034.0000000000002,1423.8000000000002,Good,1,2026-09-01,2034.0000000000002,Individual,Individual,Books to Scrape,False,0,0,0,0,Unknown,Unknown,False,False,,0,0,0,0,4,Unknown,Unknown,Resold
SCRAPED_TXN_00010,SCRAPED_PRD_00010,Books,The Black Maria,Unknown,2026-09-01,4693.5,3285.45,Good,1,2026-09-01,4693.5,Individual,Individual,Books to Scrape,False,0,0,0,0,Unknown,Unknown,False,False,,0,0,0,0,1,Unknown,Unknown,Resold
SCRAPED_TXN_00011,SCRAPED_PRD_00011,Books,"Starving Hearts (Triangular Trade Trilogy, #1)",Unknown,2026-09-01,1259.1,881.3699999999999,Good,1,2026-09-01,1259.1,Individual,Individual,Books to Scrape,False,0,0,0,0,Unknown,Unknown,False,False,,0,0,0,0,2,Unknown,Unknown,Resold
SCRAPED_TXN_00012,SCRAPED_PRD_00012,Books,Shakespeare's Sonnets,Unknown,2026-09-01,1859.4,1301.58,Good,1,2026-09-01,1859.4,Individual,Individual,Books to Scrape,False,0,0,0,0,Unknown,Unknown,False,False,,0,0,0,0,4,Unknown,Unknown,Resold
SCRAPED_TXN_00013,SCRAPED_PRD_00013,Books,Set Me Free,Unknown,2026-09-01,1571.4,1099.98,Good,1,2026-09-01,1571.4,Individual,Individual,Books to Scrape,False,0,0,0,0,Unknown,Unknown,False,False,,0,0,0,0,5,Unknown,Unknown,Resold
SCRAPED_TXN_00014,SCRAPED_PRD_00014,Books,Scott Pilgrim's Precious Little Life (Scott Pilgrim #1),Unknown,2026-09-01,4706.1,3294.27,Good,1,2026-09-01,4706.1,Individual,Individual,Books to Scrape,False,0,0,0,0,Unknown,Unknown,False,False,,0,0,0,0,5,Unknown,Unknown,Resold
SCRAPED_TXN_00015,SCRAPED_PRD_00015,Books,Rip it Up and Start Again,Unknown,2026-09-01,3151.8,2206.2599999999998,Good,1,2026-09-01,3151.8,Individual,Individual,Books to Scrape,False,0,0,0,0,Unknown,Unknown,False,False,,0,0,0,0,5,Unknown,Unknown,Resold
SCRAPED_TXN_00016,SCRAPED_PRD_00016,Books,"Our Band Could Be Your Life: Scenes from the American Indie Underground, 1981-1991",Unknown,2026-09-01,5152.5,3606.7499999999995,Good,1,2026-09-01,5152.5,Individual,Individual,Books to Scrape,False,0,0,0,0,Unknown,Unknown,False,False,,0,0,0,0,3,Unknown,Unknown,Resold
SCRAPED_TXN_00017,SCRAPED_PRD_00017,Books,Olio,Unknown,2026-09-01,2149.2,1504.4399999999998,Good,1,2026-09-01,2149.2,Individual,Individual,Books to Scrape,False,0,0,0,0,Unknown,Unknown,False,False,,0,0,0,0,1,Unknown,Unknown,Resold
SCRAPED_TXN_00018,SCRAPED_PRD_00018,Books,Mesaerion: The Best Science Fiction Stories 1800-1849,Unknown,2026-09-01,3383.1000000000004,2368.17,Good,1,2026-09-01,3383.1000000000004,Individual,Individual,Books to Scrape,False,0,0,0,0,Unknown,Unknown,False,False,,0,0,0,0,1,Unknown,Unknown,Resold
SCRAPED_TXN_00019,SCRAPED_PRD_00019,Books,Libertarianism for Beginners,Unknown,2026-09-01,4619.7,3233.7899999999995,Good,1,2026-09-01,4619.7,Individual,Individual,Books to Scrape,False,0,0,0,0,Unknown,Unknown,False,False,,0,0,0,0,2,Unknown,Unknown,Resold
SCRAPED_TXN_00020,SCRAPED_PRD_00020,Books,It's Only the Himalayas,Unknown,2026-09-01,4065.3,2845.71,Good,1,2026-09-01,4065.3,Individual,Individual,Books to Scrape,False,0,0,0,0,Unknown,Unknown,False,False,,0,0,0,0,2,Unknown,Unknown,Resold
SCRAPED_TXN_00021,SCRAPED_PRD_00021,Books,In Her Wake,Unknown,2026-09-01,1155.6,808.9199999999998,Good,1,2026-09-01,1155.6,Individual,Individual,Books to Scrape,False,0,0,0,0,Unknown,Unknown,False,False,,0,0,0,0,1,Unknown,Unknown,Resold
SCRAPED_TXN_00022,SCRAPED_PRD_00022,Books,How Music Works,Unknown,2026-09-01,3358.8,2351.16,Good,1,2026-09-01,3358.8,Individual,Individual,Books to Scrape,False,0,0,0,0,Unknown,Unknown,False,False,,0,0,0,0,2,Unknown,Unknown,Resold
SCRAPED_TXN_00023,SCRAPED_PRD_00023,Books,"Foolproof Preserving: A Guide to Small Batch Jams, Jellies, Pickles, Condiments, and More: A Foolproof Guide to Making Small Batch Jams, Jellies, Pickles, Condiments, and More",Unknown,2026-09-01,2746.8,1922.76,Good,1,2026-09-01,2746.8,Individual,Individual,Books to Scrape,False,0,0,0,0,Unknown,Unknown,False,False,,0,0,0,0,3,Unknown,Unknown,Resold
SCRAPED_TXN_00024,SCRAPED_PRD_00024,Books,Chase Me (Paris Nights #2),Unknown,2026-09-01,2274.3,1592.01,Good,1,2026-09-01,2274.3,Individual,Individual,Books to Scrape,False,0,0,0,0,Unknown,Unknown,False,False,,0,0,0,0,5,Unknown,Unknown,Resold
SCRAPED_TXN_00025,SCRAPED_PRD_00025,Books,Black Dust,Unknown,2026-09-01,3107.7000000000003,2175.39,Good,1,2026-09-01,3107.7000000000003,Individual,Individual,Books to Scrape,False,0,0,0,0,Unknown,Unknown,False,False,,0,0,0,0,5,Unknown,Unknown,Resold
SCRAPED_TXN_00026,SCRAPED_PRD_00026,Books,Birdsong: A Story in Pictures,Unknown,2026-09-01,4917.6,3442.32,Good,1,2026-09-01,4917.6,Individual,Individual,Books to Scrape,False,0,0,0,0,Unknown,Unknown,False,False,,0,0,0,0,3,Unknown,Unknown,Resold
SCRAPED_TXN_00027,SCRAPED_PRD_00027,Books,America's Cradle of Quarterbacks: Western Pennsylvania's Football Factory from Johnny Unitas to Joe Montana,Unknown,2026-09-01,2025.0,1417.5,Good,1,2026-09-01,2025.0,Individual,Individual,Books to Scrape,False,0,0,0,0,Unknown,Unknown,False,False,,0,0,0,0,3,Unknown,Unknown,Resold
SCRAPED_TXN_00028,SCRAPED_PRD_00028,Books,Aladdin and His Wonderful Lamp,Unknown,2026-09-01,4781.7,3347.1899999999996,Good,1,2026-09-01,4781.7,Individual,Individual,Books to Scrape,False,0,0,0,0,Unknown,Unknown,False,False,,0,0,0,0,3,Unknown,Unknown,Resold
SCRAPED_TXN_00029,SCRAPED_PRD_00029,Books,Worlds Elsewhere: Journeys Around Shakespeare’s Globe,Unknown,2026-09-01,3626.9999999999995,2538.8999999999996,Good,1,2026-09-01,3626.9999999999995,Individual,Individual,Books to Scrape,False,0,0,0,0,Unknown,Unknown,False,False,,0,0,0,0,5,Unknown,Unknown,Resold
SCRAPED_TXN_00030,SCRAPED_PRD_00030,Books,Wall and Piece,Unknown,2026-09-01,3976.2,2783.3399999999997,Good,1,2026-09-01,3976.2,Individual,Individual,Books to Scrape,False,0,0,0,0,Unknown,Unknown,False,False,,0,0,0,0,4,Unknown,Unknown,Resold
SCRAPED_TXN_00031,SCRAPED_PRD_00031,Books,The Four Agreements: A Practical Guide to Personal Freedom,Unknown,2026-09-01,1589.4,1112.58,Good,1,2026-09-01,1589.4,Individual,Individual,Books to Scrape,False,0,0,0,0,Unknown,Unknown,False,False,,0,0,0,0,5,Unknown,Unknown,Resold
SCRAPED_TXN_00032,SCRAPED_PRD_00032,Books,The Five Love Languages: How to Express Heartfelt Commitment to Your Mate,Unknown,2026-09-01,2794.5,1956.1499999999999,Good,1,2026-09-01,2794.5,Individual,Individual,Books to Scrape,False,0,0,0,0,Unknown,Unknown,False,False,,0,0,0,0,3,Unknown,Unknown,Resold
SCRAPED_TXN_00033,SCRAPED_PRD_00033,Books,The Elephant Tree,Unknown,2026-09-01,2143.8,1500.66,Good,1,2026-09-01,2143.8,Individual,Individual,Books to Scrape,False,0,0,0,0,Unknown,Unknown,False,False,,0,0,0,0,5,Unknown,Unknown,Resold
SCRAPED_TXN_00034,SCRAPED_PRD_00034,Books,The Bear and the Piano,Unknown,2026-09-01,3320.1,2324.0699999999997,Good,1,2026-09-01,3320.1,Individual,Individual,Books to Scrape,False,0,0,0,0,Unknown,Unknown,False,False,,0,0,0,0,1,Unknown,Unknown,Resold
SCRAPED_TXN_00035,SCRAPED_PRD_00035,Books,Sophie's World,Unknown,2026-09-01,1434.6,1004.2199999999999,Good,1,2026-09-01,1434.6,Individual,Individual,Books to Scrape,False,0,0,0,0,Unknown,Unknown,False,False,,0,0,0,0,5,Unknown,Unknown,Resold
SCRAPED_TXN_00036,SCRAPED_PRD_00036,Books,Penny Maybe,Unknown,2026-09-01,2996.1,2097.27,Good,1,2026-09-01,2996.1,Individual,Individual,Books to Scrape,False,0,0,0,0,Unknown,Unknown,False,False,,0,0,0,0,3,Unknown,Unknown,Resold
SCRAPED_TXN_00037,SCRAPED_PRD_00037,Books,Maude (1883-1993):She Grew Up with the country,Unknown,2026-09-01,1621.8,1135.26,Good,1,2026-09-01,1621.8,Individual,Individual,Books to Scrape,False,0,0,0,0,Unknown,Unknown,False,False,,0,0,0,0,2,Unknown,Unknown,Resold
SCRAPED_TXN_00038,SCRAPED_PRD_00038,Books,"In a Dark, Dark Wood",Unknown,2026-09-01,1766.6999999999998,1236.6899999999998,Good,1,2026-09-01,1766.6999999999998,Individual,Individual,Books to Scrape,False,0,0,0,0,Unknown,Unknown,False,False,,0,0,0,0,1,Unknown,Unknown,Resold
SCRAPED_TXN_00039,SCRAPED_PRD_00039,Books,Behind Closed Doors,Unknown,2026-09-01,4699.8,3289.86,Good,1,2026-09-01,4699.8,Individual,Individual,Books to Scrape,False,0,0,0,0,Unknown,Unknown,False,False,,0,0,0,0,4,Unknown,Unknown,Resold
SCRAPED_TXN_00040,SCRAPED_PRD_00040,Books,You can't bury them all: Poems,Unknown,2026-09-01,3026.7000000000003,2118.69,Good,1,2026-09-01,3026.7000000000003,Individual,Individual,Books to Scrape,False,0,0,0,0,Unknown,Unknown,False,False,,0,0,0,0,2,Unknown,Unknown,Resold
SCRAPED_TXN_00041,SCRAPED_PRD_00041,Books,Slow States of Collapse: Poems,Unknown,2026-09-01,5157.900000000001,3610.53,Good,1,2026-09-01,5157.900000000001,Individual,Individual,Books to Scrape,False,0,0,0,0,Unknown,Unknown,False,False,,0,0,0,0,3,Unknown,Unknown,Resold
SCRAPED_TXN_00042,SCRAPED_PRD_00042,Books,Reasons to Stay Alive,Unknown,2026-09-01,2376.9,1663.83,Good,1,2026-09-01,2376.9,Individual,Individual,Books to Scrape,False,0,0,0,0,Unknown,Unknown,False,False,,0,0,0,0,2,Unknown,Unknown,Resold
SCRAPED_TXN_00043,SCRAPED_PRD_00043,Books,Private Paris (Private #10),Unknown,2026-09-01,4284.9,2999.4299999999994,Good,1,2026-09-01,4284.9,Individual,Individual,Books to Scrape,False,0,0,0,0,Unknown,Unknown,False,False,,0,0,0,0,5,Unknown,Unknown,Resold
SCRAPED_TXN_00044,SCRAPED_PRD_00044,Books,#HigherSelfie: Wake Up Your Life. Free Your Soul. Find Your Tribe.,Unknown,2026-09-01,2079.9,1455.93,Good,1,2026-09-01,2079.9,Individual,Individual,Books to Scrape,False,0,0,0,0,Unknown,Unknown,False,False,,0,0,0,0,5,Unknown,Unknown,Resold
SCRAPED_TXN_00045,SCRAPED_PRD_00045,Books,Without Borders (Wanderlove #1),Unknown,2026-09-01,4056.3,2839.41,Good,1,2026-09-01,4056.3,Individual,Individual,Books to Scrape,False,0,0,0,0,Unknown,Unknown,False,False,,0,0,0,0,2,Unknown,Unknown,Resold
SCRAPED_TXN_00046,SCRAPED_PRD_00046,Books,When We Collided,Unknown,2026-09-01,2859.3,2001.51,Good,1,2026-09-01,2859.3,Individual,Individual,Books to Scrape,False,0,0,0,0,Unknown,Unknown,False,False,,0,0,0,0,1,Unknown,Unknown,Resold
SCRAPED_TXN_00047,SCRAPED_PRD_00047,Books,"We Love You, Charlie Freeman",Unknown,2026-09-01,4524.3,3167.0099999999998,Good,1,2026-09-01,4524.3,Individual,Individual,Books to Scrape,False,0,0,0,0,Unknown,Unknown,False,False,,0,0,0,0,5,Unknown,Unknown,Resold
SCRAPED_TXN_00048,SCRAPED_PRD_00048,Books,Untitled Collection: Sabbath Poems 2014,Unknown,2026-09-01,1284.3,899.0099999999999,Good,1,2026-09-01,1284.3,Individual,Individual,Books to Scrape,False,0,0,0,0,Unknown,Unknown,False,False,,0,0,0,0,4,Unknown,Unknown,Resold
SCRAPED_TXN_00049,SCRAPED_PRD_00049,Books,"Unseen City: The Majesty of Pigeons, the Discreet Charm of Snails & Other Wonders of the Urban Wilderness",Unknown,2026-09-01,3976.2,2783.3399999999997,Good,1,2026-09-01,3976.2,Individual,Individual,Books to Scrape,False,0,0,0,0,Unknown,Unknown,False,False,,0,0,0,0,4,Unknown,Unknown,Resold
SCRAPED_TXN_00050,SCRAPED_PRD_00050,Books,Unicorn Tracks,Unknown,2026-09-01,1690.2,1183.1399999999999,Good,1,2026-09-01,1690.2,Individual,Individual,Books to Scrape,False,0,0,0,0,Unknown,Unknown,False,False,,0,0,0,0,3,Unknown,Unknown,Resold
SCRAPED_TXN_00051,SCRAPED_PRD_00051,Books,"Unbound: How Eight Technologies Made Us Human, Transformed Society, and Brought Our World to the Brink",Unknown,2026-09-01,2296.8,1607.76,Good,1,2026-09-01,2296.8,Individual,Individual,Books to Scrape,False,0,0,0,0,Unknown,Unknown,False,False,,0,0,0,0,1,Unknown,Unknown,Resold
SCRAPED_TXN_00052,SCRAPED_PRD_00052,Books,Tsubasa: WoRLD CHRoNiCLE 2 (Tsubasa WoRLD CHRoNiCLE #2),Unknown,2026-09-01,1465.2,1025.6399999999999,Good,1,2026-09-01,1465.2,Individual,Individual,Books to Scrape,False,0,0,0,0,Unknown,Unknown,False,False,,0,0,0,0,1,Unknown,Unknown,Resold
SCRAPED_TXN_00053,SCRAPED_PRD_00053,Books,Throwing Rocks at the Google Bus: How Growth Became the Enemy of Prosperity,Unknown,2026-09-01,2800.8,1960.56,Good,1,2026-09-01,2800.8,Individual,Individual,Books to Scrape,False,0,0,0,0,Unknown,Unknown,False,False,,0,0,0,0,3,Unknown,Unknown,Resold
SCRAPED_TXN_00054,SCRAPED_PRD_00054,Books,This One Summer,Unknown,2026-09-01,1754.1,1227.87,Good,1,2026-09-01,1754.1,Individual,Individual,Books to Scrape,False,0,0,0,0,Unknown,Unknown,False,False,,0,0,0,0,4,Unknown,Unknown,Resold
SCRAPED_TXN_00055,SCRAPED_PRD_00055,Books,Thirst,Unknown,2026-09-01,1554.3,1088.01,Good,1,2026-09-01,1554.3,Individual,Individual,Books to Scrape,False,0,0,0,0,Unknown,Unknown,False,False,,0,0,0,0,5,Unknown,Unknown,Resold
SCRAPED_TXN_00056,SCRAPED_PRD_00056,Books,The Torch Is Passed: A Harding Family Story,Unknown,2026-09-01,1718.1,1202.6699999999998,Good,1,2026-09-01,1718.1,Individual,Individual,Books to Scrape,False,0,0,0,0,Unknown,Unknown,False,False,,0,0,0,0,1,Unknown,Unknown,Resold
SCRAPED_TXN_00057,SCRAPED_PRD_00057,Books,The Secret of Dreadwillow Carse,Unknown,2026-09-01,5051.7,3536.1899999999996,Good,1,2026-09-01,5051.7,Individual,Individual,Books to Scrape,False,0,0,0,0,Unknown,Unknown,False,False,,0,0,0,0,1,Unknown,Unknown,Resold
SCRAPED_TXN_00058,SCRAPED_PRD_00058,Books,"The Pioneer Woman Cooks: Dinnertime: Comfort Classics, Freezer Food, 16-Minute Meals, and Other Delicious Ways to Solve Supper!",Unknown,2026-09-01,5076.9,3553.8299999999995,Good,1,2026-09-01,5076.9,Individual,Individual,Books to Scrape,False,0,0,0,0,Unknown,Unknown,False,False,,0,0,0,0,1,Unknown,Unknown,Resold
SCRAPED_TXN_00059,SCRAPED_PRD_00059,Books,The Past Never Ends,Unknown,2026-09-01,5085.0,3559.5,Good,1,2026-09-01,5085.0,Individual,Individual,Books to Scrape,False,0,0,0,0,Unknown,Unknown,False,False,,0,0,0,0,4,Unknown,Unknown,Resold
SCRAPED_TXN_00060,SCRAPED_PRD_00060,Books,The Natural History of Us (The Fine Art of Pretending #2),Unknown,2026-09-01,4069.7999999999997,2848.8599999999997,Good,1,2026-09-01,4069.7999999999997,Individual,Individual,Books to Scrape,False,0,0,0,0,Unknown,Unknown,False,False,,0,0,0,0,3,Unknown,Unknown,Resold
SCRAPED_TXN_00061,SCRAPED_PRD_00061,Books,The Nameless City (The Nameless City #1),Unknown,2026-09-01,3434.3999999999996,2404.0799999999995,Good,1,2026-09-01,3434.3999999999996,Individual,Individual,Books to Scrape,False,0,0,0,0,Unknown,Unknown,False,False,,0,0,0,0,4,Unknown,Unknown,Resold
SCRAPED_TXN_00062,SCRAPED_PRD_00062,Books,The Murder That Never Was (Forensic Instincts #5),Unknown,2026-09-01,4869.9,3408.9299999999994,Good,1,2026-09-01,4869.9,Individual,Individual,Books to Scrape,False,0,0,0,0,Unknown,Unknown,False,False,,0,0,0,0,3,Unknown,Unknown,Resold
SCRAPED_TXN_00063,SCRAPED_PRD_00063,Books,The Most Perfect Thing: Inside (and Outside) a Bird's Egg,Unknown,2026-09-01,3866.4,2706.48,Good,1,2026-09-01,3866.4,Individual,Individual,Books to Scrape,False,0,0,0,0,Unknown,Unknown,False,False,,0,0,0,0,4,Unknown,Unknown,Resold
SCRAPED_TXN_00064,SCRAPED_PRD_00064,Books,"The Mindfulness and Acceptance Workbook for Anxiety: A Guide to Breaking Free from Anxiety, Phobias, and Worry Using Acceptance and Commitment Therapy",Unknown,2026-09-01,2150.1,1505.07,Good,1,2026-09-01,2150.1,Individual,Individual,Books to Scrape,False,0,0,0,0,Unknown,Unknown,False,False,,0,0,0,0,4,Unknown,Unknown,Resold
SCRAPED_TXN_00065,SCRAPED_PRD_00065,Books,The Life-Changing Magic of Tidying Up: The Japanese Art of Decluttering and Organizing,Unknown,2026-09-01,1509.3,1056.51,Good,1,2026-09-01,1509.3,Individual,Individual,Books to Scrape,False,0,0,0,0,Unknown,Unknown,False,False,,0,0,0,0,3,Unknown,Unknown,Resold
SCRAPED_TXN_00066,SCRAPED_PRD_00066,Books,"The Inefficiency Assassin: Time Management Tactics for Working Smarter, Not Longer",Unknown,2026-09-01,1853.1,1297.1699999999998,Good,1,2026-09-01,1853.1,Individual,Individual,Books to Scrape,False,0,0,0,0,Unknown,Unknown,False,False,,0,0,0,0,5,Unknown,Unknown,Resold
SCRAPED_TXN_00067,SCRAPED_PRD_00067,Books,The Gutsy Girl: Escapades for Your Life of Epic Adventure,Unknown,2026-09-01,3341.7000000000003,2339.19,Good,1,2026-09-01,3341.7000000000003,Individual,Individual,Books to Scrape,False,0,0,0,0,Unknown,Unknown,False,False,,0,0,0,0,1,Unknown,Unknown,Resold
SCRAPED_TXN_00068,SCRAPED_PRD_00068,Books,The Electric Pencil: Drawings from Inside State Hospital No. 3,Unknown,2026-09-01,5045.400000000001,3531.78,Good,1,2026-09-01,5045.400000000001,Individual,Individual,Books to Scrape,False,0,0,0,0,Unknown,Unknown,False,False,,0,0,0,0,1,Unknown,Unknown,Resold
SCRAPED_TXN_00069,SCRAPED_PRD_00069,Books,The Death of Humanity: and the Case for Life,Unknown,2026-09-01,5229.9,3660.9299999999994,Good,1,2026-09-01,5229.9,Individual,Individual,Books to Scrape,False,0,0,0,0,Unknown,Unknown,False,False,,0,0,0,0,4,Unknown,Unknown,Resold
SCRAPED_TXN_00070,SCRAPED_PRD_00070,Books,"The Bulletproof Diet: Lose up to a Pound a Day, Reclaim Energy and Focus, Upgrade Your Life",Unknown,2026-09-01,4414.5,3090.1499999999996,Good,1,2026-09-01,4414.5,Individual,Individual,Books to Scrape,False,0,0,0,0,Unknown,Unknown,False,False,,0,0,0,0,3,Unknown,Unknown,Resold
SCRAPED_TXN_00071,SCRAPED_PRD_00071,Books,The Art Forger,Unknown,2026-09-01,3668.3999999999996,2567.8799999999997,Good,1,2026-09-01,3668.3999999999996,Individual,Individual,Books to Scrape,False,0,0,0,0,Unknown,Unknown,False,False,,0,0,0,0,3,Unknown,Unknown,Resold
SCRAPED_TXN_00072,SCRAPED_PRD_00072,Books,The Age of Genius: The Seventeenth Century and the Birth of the Modern Mind,Unknown,2026-09-01,1775.7,1242.99,Good,1,2026-09-01,1775.7,Individual,Individual,Books to Scrape,False,0,0,0,0,Unknown,Unknown,False,False,,0,0,0,0,1,Unknown,Unknown,Resold
SCRAPED_TXN_00073,SCRAPED_PRD_00073,Books,The Activist's Tao Te Ching: Ancient Advice for a Modern Revolution,Unknown,2026-09-01,2901.6000000000004,2031.1200000000001,Good,1,2026-09-01,2901.6000000000004,Individual,Individual,Books to Scrape,False,0,0,0,0,Unknown,Unknown,False,False,,0,0,0,0,5,Unknown,Unknown,Resold
SCRAPED_TXN_00074,SCRAPED_PRD_00074,Books,Spark Joy: An Illustrated Master Class on the Art of Organizing and Tidying Up,Unknown,2026-09-01,3764.7,2635.2899999999995,Good,1,2026-09-01,3764.7,Individual,Individual,Books to Scrape,False,0,0,0,0,Unknown,Unknown,False,False,,0,0,0,0,4,Unknown,Unknown,Resold
SCRAPED_TXN_00075,SCRAPED_PRD_00075,Books,Soul Reader,Unknown,2026-09-01,3562.2,2493.5399999999995,Good,1,2026-09-01,3562.2,Individual,Individual,Books to Scrape,False,0,0,0,0,Unknown,Unknown,False,False,,0,0,0,0,2,Unknown,Unknown,Resold
SCRAPED_TXN_00076,SCRAPED_PRD_00076,Books,Security,Unknown,2026-09-01,3532.5,2472.75,Good,1,2026-09-01,3532.5,Individual,Individual,Books to Scrape,False,0,0,0,0,Unknown,Unknown,False,False,,0,0,0,0,2,Unknown,Unknown,Resold
SCRAPED_TXN_00077,SCRAPED_PRD_00077,Books,"Saga, Volume 6 (Saga (Collected Editions) #6)",Unknown,2026-09-01,2251.8,1576.26,Good,1,2026-09-01,2251.8,Individual,Individual,Books to Scrape,False,0,0,0,0,Unknown,Unknown,False,False,,0,0,0,0,3,Unknown,Unknown,Resold
SCRAPED_TXN_00078,SCRAPED_PRD_00078,Books,"Saga, Volume 5 (Saga (Collected Editions) #5)",Unknown,2026-09-01,4593.6,3215.52,Good,1,2026-09-01,4593.6,Individual,Individual,Books to Scrape,False,0,0,0,0,Unknown,Unknown,False,False,,0,0,0,0,2,Unknown,Unknown,Resold
SCRAPED_TXN_00079,SCRAPED_PRD_00079,Books,Reskilling America: Learning to Labor in the Twenty-First Century,Unknown,2026-09-01,1784.6999999999998,1249.2899999999997,Good,1,2026-09-01,1784.6999999999998,Individual,Individual,Books to Scrape,False,0,0,0,0,Unknown,Unknown,False,False,,0,0,0,0,2,Unknown,Unknown,Resold
SCRAPED_TXN_00080,SCRAPED_PRD_00080,Books,"Rat Queens, Vol. 3: Demons (Rat Queens (Collected Editions) #11-15)",Unknown,2026-09-01,4536.0,3175.2,Good,1,2026-09-01,4536.0,Individual,Individual,Books to Scrape,False,0,0,0,0,Unknown,Unknown,False,False,,0,0,0,0,3,Unknown,Unknown,Resold
SCRAPED_TXN_00081,SCRAPED_PRD_00081,Books,"Princess Jellyfish 2-in-1 Omnibus, Vol. 01 (Princess Jellyfish 2-in-1 Omnibus #1)",Unknown,2026-09-01,1224.8999999999999,857.4299999999998,Good,1,2026-09-01,1224.8999999999999,Individual,Individual,Books to Scrape,False,0,0,0,0,Unknown,Unknown,False,False,,0,0,0,0,5,Unknown,Unknown,Resold
SCRAPED_TXN_00082,SCRAPED_PRD_00082,Books,Princess Between Worlds (Wide-Awake Princess #5),Unknown,2026-09-01,1200.6,840.4199999999998,Good,1,2026-09-01,1200.6,Individual,Individual,Books to Scrape,False,0,0,0,0,Unknown,Unknown,False,False,,0,0,0,0,5,Unknown,Unknown,Resold
SCRAPED_TXN_00083,SCRAPED_PRD_00083,Books,"Pop Gun War, Volume 1: Gift",Unknown,2026-09-01,1707.3,1195.11,Good,1,2026-09-01,1707.3,Individual,Individual,Books to Scrape,False,0,0,0,0,Unknown,Unknown,False,False,,0,0,0,0,1,Unknown,Unknown,Resold
SCRAPED_TXN_00084,SCRAPED_PRD_00084,Books,"Political Suicide: Missteps, Peccadilloes, Bad Calls, Backroom Hijinx, Sordid Pasts, Rotten Breaks, and Just Plain Dumb Mistakes in the Annals of American Politics",Unknown,2026-09-01,3265.2000000000003,2285.64,Good,1,2026-09-01,3265.2000000000003,Individual,Individual,Books to Scrape,False,0,0,0,0,Unknown,Unknown,False,False,,0,0,0,0,2,Unknown,Unknown,Resold
SCRAPED_TXN_00085,SCRAPED_PRD_00085,Books,Patience,Unknown,2026-09-01,914.4,640.0799999999999,Good,1,2026-09-01,914.4,Individual,Individual,Books to Scrape,False,0,0,0,0,Unknown,Unknown,False,False,,0,0,0,0,3,Unknown,Unknown,Resold
SCRAPED_TXN_00086,SCRAPED_PRD_00086,Books,"Outcast, Vol. 1: A Darkness Surrounds Him (Outcast #1)",Unknown,2026-09-01,1389.6,972.7199999999999,Good,1,2026-09-01,1389.6,Individual,Individual,Books to Scrape,False,0,0,0,0,Unknown,Unknown,False,False,,0,0,0,0,4,Unknown,Unknown,Resold
SCRAPED_TXN_00087,SCRAPED_PRD_00087,Books,orange: The Complete Collection 1 (orange: The Complete Collection #1),Unknown,2026-09-01,4356.9,3049.8299999999995,Good,1,2026-09-01,4356.9,Individual,Individual,Books to Scrape,False,0,0,0,0,Unknown,Unknown,False,False,,0,0,0,0,1,Unknown,Unknown,Resold
SCRAPED_TXN_00088,SCRAPED_PRD_00088,Books,Online Marketing for Busy Authors: A Step-By-Step Guide,Unknown,2026-09-01,4171.5,2920.0499999999997,Good,1,2026-09-01,4171.5,Individual,Individual,Books to Scrape,False,0,0,0,0,Unknown,Unknown,False,False,,0,0,0,0,1,Unknown,Unknown,Resold
SCRAPED_TXN_00089,SCRAPED_PRD_00089,Books,On a Midnight Clear,Unknown,2026-09-01,1266.3,886.41,Good,1,2026-09-01,1266.3,Individual,Individual,Books to Scrape,False,0,0,0,0,Unknown,Unknown,False,False,,0,0,0,0,3,Unknown,Unknown,Resold
SCRAPED_TXN_00090,SCRAPED_PRD_00090,Books,Obsidian (Lux #1),Unknown,2026-09-01,1337.3999999999999,936.1799999999998,Good,1,2026-09-01,1337.3999999999999,Individual,Individual,Books to Scrape,False,0,0,0,0,Unknown,Unknown,False,False,,0,0,0,0,2,Unknown,Unknown,Resold
SCRAPED_TXN_00091,SCRAPED_PRD_00091,Books,My Paris Kitchen: Recipes and Stories,Unknown,2026-09-01,3003.2999999999997,2102.3099999999995,Good,1,2026-09-01,3003.2999999999997,Individual,Individual,Books to Scrape,False,0,0,0,0,Unknown,Unknown,False,False,,0,0,0,0,2,Unknown,Unknown,Resold
SCRAPED_TXN_00092,SCRAPED_PRD_00092,Books,Masks and Shadows,Unknown,2026-09-01,5076.0,3553.2,Good,1,2026-09-01,5076.0,Individual,Individual,Books to Scrape,False,0,0,0,0,Unknown,Unknown,False,False,,0,0,0,0,2,Unknown,Unknown,Resold
SCRAPED_TXN_00093,SCRAPED_PRD_00093,Books,"Mama Tried: Traditional Italian Cooking for the Screwed, Crude, Vegan, and Tattooed",Unknown,2026-09-01,1261.8,883.2599999999999,Good,1,2026-09-01,1261.8,Individual,Individual,Books to Scrape,False,0,0,0,0,Unknown,Unknown,False,False,,0,0,0,0,4,Unknown,Unknown,Resold
SCRAPED_TXN_00094,SCRAPED_PRD_00094,Books,"Lumberjanes, Vol. 2: Friendship to the Max (Lumberjanes #5-8)",Unknown,2026-09-01,4221.9,2955.3299999999995,Good,1,2026-09-01,4221.9,Individual,Individual,Books to Scrape,False,0,0,0,0,Unknown,Unknown,False,False,,0,0,0,0,2,Unknown,Unknown,Resold
SCRAPED_TXN_00095,SCRAPED_PRD_00095,Books,"Lumberjanes, Vol. 1: Beware the Kitten Holy (Lumberjanes #1-4)",Unknown,2026-09-01,4104.9,2873.4299999999994,Good,1,2026-09-01,4104.9,Individual,Individual,Books to Scrape,False,0,0,0,0,Unknown,Unknown,False,False,,0,0,0,0,3,Unknown,Unknown,Resold
SCRAPED_TXN_00096,SCRAPED_PRD_00096,Books,Lumberjanes Vol. 3: A Terrible Plan (Lumberjanes #9-12),Unknown,2026-09-01,1792.8000000000002,1254.96,Good,1,2026-09-01,1792.8000000000002,Individual,Individual,Books to Scrape,False,0,0,0,0,Unknown,Unknown,False,False,,0,0,0,0,2,Unknown,Unknown,Resold
SCRAPED_TXN_00097,SCRAPED_PRD_00097,Books,"Layered: Baking, Building, and Styling Spectacular Cakes",Unknown,2026-09-01,3609.9,2526.93,Good,1,2026-09-01,3609.9,Individual,Individual,Books to Scrape,False,0,0,0,0,Unknown,Unknown,False,False,,0,0,0,0,1,Unknown,Unknown,Resold
SCRAPED_TXN_00098,SCRAPED_PRD_00098,Books,Judo: Seven Steps to Black Belt (an Introductory Guide for Beginners),Unknown,2026-09-01,4851.0,3395.7,Good,1,2026-09-01,4851.0,Individual,Individual,Books to Scrape,False,0,0,0,0,Unknown,Unknown,False,False,,0,0,0,0,2,Unknown,Unknown,Resold
SCRAPED_TXN_00099,SCRAPED_PRD_00099,Books,Join,Unknown,2026-09-01,3210.3,2247.21,Good,1,2026-09-01,3210.3,Individual,Individual,Books to Scrape,False,0,0,0,0,Unknown,Unknown,False,False,,0,0,0,0,5,Unknown,Unknown,Resold
SCRAPED_TXN_00100,SCRAPED_PRD_00100,Books,In the Country We Love: My Family Divided,Unknown,2026-09-01,1980.0,1386.0,Good,1,2026-09-01,1980.0,Individual,Individual,Books to Scrape,False,0,0,0,0,Unknown,Unknown,False,False,,0,0,0,0,4,Unknown,Unknown,Resold
SCRAPED_TXN_00101,SCRAPED_PRD_00101,Books,Immunity: How Elie Metchnikoff Changed the Course of Modern Medicine,Unknown,2026-09-01,5162.4,3613.6799999999994,Good,1,2026-09-01,5162.4,Individual,Individual,Books to Scrape,False,0,0,0,0,Unknown,Unknown,False,False,,0,0,0,0,5,Unknown,Unknown,Resold
SCRAPED_TXN_00102,SCRAPED_PRD_00102,Books,"I Hate Fairyland, Vol. 1: Madly Ever After (I Hate Fairyland (Compilations) #1-5)",Unknown,2026-09-01,2625.3,1837.71,Good,1,2026-09-01,2625.3,Individual,Individual,Books to Scrape,False,0,0,0,0,Unknown,Unknown,False,False,,0,0,0,0,2,Unknown,Unknown,Resold
SCRAPED_TXN_00103,SCRAPED_PRD_00103,Books,I am a Hero Omnibus Volume 1,Unknown,2026-09-01,4916.7,3441.6899999999996,Good,1,2026-09-01,4916.7,Individual,Individual,Books to Scrape,False,0,0,0,0,Unknown,Unknown,False,False,,0,0,0,0,3,Unknown,Unknown,Resold
SCRAPED_TXN_00104,SCRAPED_PRD_00104,Books,How to Be Miserable: 40 Strategies You Already Use,Unknown,2026-09-01,4142.7,2899.89,Good,1,2026-09-01,4142.7,Individual,Individual,Books to Scrape,False,0,0,0,0,Unknown,Unknown,False,False,,0,0,0,0,1,Unknown,Unknown,Resold
SCRAPED_TXN_00105,SCRAPED_PRD_00105,Books,Her Backup Boyfriend (The Sorensen Family #1),Unknown,2026-09-01,3057.2999999999997,2140.1099999999997,Good,1,2026-09-01,3057.2999999999997,Individual,Individual,Books to Scrape,False,0,0,0,0,Unknown,Unknown,False,False,,0,0,0,0,1,Unknown,Unknown,Resold
SCRAPED_TXN_00106,SCRAPED_PRD_00106,Books,"Giant Days, Vol. 2 (Giant Days #5-8)",Unknown,2026-09-01,1989.8999999999999,1392.9299999999998,Good,1,2026-09-01,1989.8999999999999,Individual,Individual,Books to Scrape,False,0,0,0,0,Unknown,Unknown,False,False,,0,0,0,0,2,Unknown,Unknown,Resold
SCRAPED_TXN_00107,SCRAPED_PRD_00107,Books,Forever and Forever: The Courtship of Henry Longfellow and Fanny Appleton,Unknown,2026-09-01,2672.1,1870.4699999999998,Good,1,2026-09-01,2672.1,Individual,Individual,Books to Scrape,False,0,0,0,0,Unknown,Unknown,False,False,,0,0,0,0,3,Unknown,Unknown,Resold
SCRAPED_TXN_00108,SCRAPED_PRD_00108,Books,First and First (Five Boroughs #3),Unknown,2026-09-01,1437.3,1006.1099999999999,Good,1,2026-09-01,1437.3,Individual,Individual,Books to Scrape,False,0,0,0,0,Unknown,Unknown,False,False,,0,0,0,0,4,Unknown,Unknown,Resold
SCRAPED_TXN_00109,SCRAPED_PRD_00109,Books,Fifty Shades Darker (Fifty Shades #2),Unknown,2026-09-01,1976.4,1383.48,Good,1,2026-09-01,1976.4,Individual,Individual,Books to Scrape,False,0,0,0,0,Unknown,Unknown,False,False,,0,0,0,0,1,Unknown,Unknown,Resold
SCRAPED_TXN_00110,SCRAPED_PRD_00110,Books,Everydata: The Misinformation Hidden in the Little Data You Consume Every Day,Unknown,2026-09-01,4891.5,3424.0499999999997,Good,1,2026-09-01,4891.5,Individual,Individual,Books to Scrape,False,0,0,0,0,Unknown,Unknown,False,False,,0,0,0,0,2,Unknown,Unknown,Resold
SCRAPED_TXN_00111,SCRAPED_PRD_00111,Books,"Don't Be a Jerk: And Other Practical Advice from Dogen, Japan's Greatest Zen Master",Unknown,2026-09-01,3417.2999999999997,2392.1099999999997,Good,1,2026-09-01,3417.2999999999997,Individual,Individual,Books to Scrape,False,0,0,0,0,Unknown,Unknown,False,False,,0,0,0,0,2,Unknown,Unknown,Resold
SCRAPED_TXN_00112,SCRAPED_PRD_00112,Books,Danganronpa Volume 1,Unknown,2026-09-01,4679.1,3275.37,Good,1,2026-09-01,4679.1,Individual,Individual,Books to Scrape,False,0,0,0,0,Unknown,Unknown,False,False,,0,0,0,0,4,Unknown,Unknown,Resold
SCRAPED_TXN_00113,SCRAPED_PRD_00113,Books,Crown of Midnight (Throne of Glass #2),Unknown,2026-09-01,3896.1,2727.27,Good,1,2026-09-01,3896.1,Individual,Individual,Books to Scrape,False,0,0,0,0,Unknown,Unknown,False,False,,0,0,0,0,3,Unknown,Unknown,Resold
SCRAPED_TXN_00114,SCRAPED_PRD_00114,Books,"Codename Baboushka, Volume 1: The Conclave of Death",Unknown,2026-09-01,3304.7999999999997,2313.3599999999997,Good,1,2026-09-01,3304.7999999999997,Individual,Individual,Books to Scrape,False,0,0,0,0,Unknown,Unknown,False,False,,0,0,0,0,4,Unknown,Unknown,Resold
SCRAPED_TXN_00115,SCRAPED_PRD_00115,Books,Camp Midnight,Unknown,2026-09-01,1537.1999999999998,1076.0399999999997,Good,1,2026-09-01,1537.1999999999998,Individual,Individual,Books to Scrape,False,0,0,0,0,Unknown,Unknown,False,False,,0,0,0,0,4,Unknown,Unknown,Resold
SCRAPED_TXN_00116,SCRAPED_PRD_00116,Books,Call the Nurse: True Stories of a Country Nurse on a Scottish Isle,Unknown,2026-09-01,2622.6,1835.8199999999997,Good,1,2026-09-01,2622.6,Individual,Individual,Books to Scrape,False,0,0,0,0,Unknown,Unknown,False,False,,0,0,0,0,5,Unknown,Unknown,Resold
SCRAPED_TXN_00117,SCRAPED_PRD_00117,Books,Burning,Unknown,2026-09-01,2592.9,1815.03,Good,1,2026-09-01,2592.9,Individual,Individual,Books to Scrape,False,0,0,0,0,Unknown,Unknown,False,False,,0,0,0,0,3,Unknown,Unknown,Resold
SCRAPED_TXN_00118,SCRAPED_PRD_00118,Books,Bossypants,Unknown,2026-09-01,4451.4,3115.9799999999996,Good,1,2026-09-01,4451.4,Individual,Individual,Books to Scrape,False,0,0,0,0,Unknown,Unknown,False,False,,0,0,0,0,2,Unknown,Unknown,Resold
SCRAPED_TXN_00119,SCRAPED_PRD_00119,Books,"Bitch Planet, Vol. 1: Extraordinary Machine (Bitch Planet (Collected Editions))",Unknown,2026-09-01,3412.8,2388.96,Good,1,2026-09-01,3412.8,Individual,Individual,Books to Scrape,False,0,0,0,0,Unknown,Unknown,False,False,,0,0,0,0,2,Unknown,Unknown,Resold
SCRAPED_TXN_00120,SCRAPED_PRD_00120,Books,"Avatar: The Last Airbender: Smoke and Shadow, Part 3 (Smoke and Shadow #3)",Unknown,2026-09-01,2528.1,1769.6699999999998,Good,1,2026-09-01,2528.1,Individual,Individual,Books to Scrape,False,0,0,0,0,Unknown,Unknown,False,False,,0,0,0,0,2,Unknown,Unknown,Resold
SCRAPED_TXN_00121,SCRAPED_PRD_00121,Books,Algorithms to Live By: The Computer Science of Human Decisions,Unknown,2026-09-01,2772.9,1941.03,Good,1,2026-09-01,2772.9,Individual,Individual,Books to Scrape,False,0,0,0,0,Unknown,Unknown,False,False,,0,0,0,0,1,Unknown,Unknown,Resold
SCRAPED_TXN_00122,SCRAPED_PRD_00122,Books,A World of Flavor: Your Gluten Free Passport,Unknown,2026-09-01,3865.5000000000005,2705.8500000000004,Good,1,2026-09-01,3865.5000000000005,Individual,Individual,Books to Scrape,False,0,0,0,0,Unknown,Unknown,False,False,,0,0,0,0,1,Unknown,Unknown,Resold
SCRAPED_TXN_00123,SCRAPED_PRD_00123,Books,"A Piece of Sky, a Grain of Rice: A Memoir in Four Meditations",Unknown,2026-09-01,5108.4,3575.8799999999997,Good,1,2026-09-01,5108.4,Individual,Individual,Books to Scrape,False,0,0,0,0,Unknown,Unknown,False,False,,0,0,0,0,5,Unknown,Unknown,Resold
SCRAPED_TXN_00124,SCRAPED_PRD_00124,Books,A Murder in Time,Unknown,2026-09-01,1497.6000000000001,1048.32,Good,1,2026-09-01,1497.6000000000001,Individual,Individual,Books to Scrape,False,0,0,0,0,Unknown,Unknown,False,False,,0,0,0,0,1,Unknown,Unknown,Resold
SCRAPED_TXN_00125,SCRAPED_PRD_00125,Books,A Flight of Arrows (The Pathfinders #2),Unknown,2026-09-01,4997.7,3498.39,Good,1,2026-09-01,4997.7,Individual,Individual,Books to Scrape,False,0,0,0,0,Unknown,Unknown,False,False,,0,0,0,0,5,Unknown,Unknown,Resold
SCRAPED_TXN_00126,SCRAPED_PRD_00126,Books,A Fierce and Subtle Poison,Unknown,2026-09-01,2531.7,1772.1899999999998,Good,1,2026-09-01,2531.7,Individual,Individual,Books to Scrape,False,0,0,0,0,Unknown,Unknown,False,False,,0,0,0,0,4,Unknown,Unknown,Resold
SCRAPED_TXN_00127,SCRAPED_PRD_00127,Books,A Court of Thorns and Roses (A Court of Thorns and Roses #1),Unknown,2026-09-01,4713.3,3299.31,Good,1,2026-09-01,4713.3,Individual,Individual,Books to Scrape,False,0,0,0,0,Unknown,Unknown,False,False,,0,0,0,0,1,Unknown,Unknown,Resold
SCRAPED_TXN_00128,SCRAPED_PRD_00128,Books,(Un)Qualified: How God Uses Broken People to Do Big Things,Unknown,2026-09-01,4860.0,3402.0,Good,1,2026-09-01,4860.0,Individual,Individual,Books to Scrape,False,0,0,0,0,Unknown,Unknown,False,False,,0,0,0,0,5,Unknown,Unknown,Resold
SCRAPED_TXN_00129,SCRAPED_PRD_00129,Books,You Are What You Love: The Spiritual Power of Habit,Unknown,2026-09-01,1968.3000000000002,1377.81,Good,1,2026-09-01,1968.3000000000002,Individual,Individual,Books to Scrape,False,0,0,0,0,Unknown,Unknown,False,False,,0,0,0,0,4,Unknown,Unknown,Resold
SCRAPED_TXN_00130,SCRAPED_PRD_00130,Books,"William Shakespeare's Star Wars: Verily, A New Hope (William Shakespeare's Star Wars #4)",Unknown,2026-09-01,3896.9999999999995,2727.8999999999996,Good,1,2026-09-01,3896.9999999999995,Individual,Individual,Books to Scrape,False,0,0,0,0,Unknown,Unknown,False,False,,0,0,0,0,4,Unknown,Unknown,Resold
SCRAPED_TXN_00131,SCRAPED_PRD_00131,Books,Tuesday Nights in 1980,Unknown,2026-09-01,1893.6,1325.5199999999998,Good,1,2026-09-01,1893.6,Individual,Individual,Books to Scrape,False,0,0,0,0,Unknown,Unknown,False,False,,0,0,0,0,2,Unknown,Unknown,Resold
SCRAPED_TXN_00132,SCRAPED_PRD_00132,Books,Tracing Numbers on a Train,Unknown,2026-09-01,3744.0,2620.7999999999997,Good,1,2026-09-01,3744.0,Individual,Individual,Books to Scrape,False,0,0,0,0,Unknown,Unknown,False,False,,0,0,0,0,3,Unknown,Unknown,Resold
SCRAPED_TXN_00133,SCRAPED_PRD_00133,Books,Throne of Glass (Throne of Glass #1),Unknown,2026-09-01,3156.3,2209.41,Good,1,2026-09-01,3156.3,Individual,Individual,Books to Scrape,False,0,0,0,0,Unknown,Unknown,False,False,,0,0,0,0,3,Unknown,Unknown,Resold
SCRAPED_TXN_00134,SCRAPED_PRD_00134,Books,Thomas Jefferson and the Tripoli Pirates: The Forgotten War That Changed American History,Unknown,2026-09-01,5367.6,3757.32,Good,1,2026-09-01,5367.6,Individual,Individual,Books to Scrape,False,0,0,0,0,Unknown,Unknown,False,False,,0,0,0,0,1,Unknown,Unknown,Resold
SCRAPED_TXN_00135,SCRAPED_PRD_00135,Books,Thirteen Reasons Why,Unknown,2026-09-01,4744.8,3321.36,Good,1,2026-09-01,4744.8,Individual,Individual,Books to Scrape,False,0,0,0,0,Unknown,Unknown,False,False,,0,0,0,0,1,Unknown,Unknown,Resold
SCRAPED_TXN_00136,SCRAPED_PRD_00136,Books,The White Cat and the Monk: A Retelling of the Poem “Pangur Bán”,Unknown,2026-09-01,5227.2,3659.0399999999995,Good,1,2026-09-01,5227.2,Individual,Individual,Books to Scrape,False,0,0,0,0,Unknown,Unknown,False,False,,0,0,0,0,4,Unknown,Unknown,Resold
SCRAPED_TXN_00137,SCRAPED_PRD_00137,Books,The Wedding Dress,Unknown,2026-09-01,2170.8,1519.56,Good,1,2026-09-01,2170.8,Individual,Individual,Books to Scrape,False,0,0,0,0,Unknown,Unknown,False,False,,0,0,0,0,1,Unknown,Unknown,Resold
SCRAPED_TXN_00138,SCRAPED_PRD_00138,Books,The Vacationers,Unknown,2026-09-01,3793.5,2655.45,Good,1,2026-09-01,3793.5,Individual,Individual,Books to Scrape,False,0,0,0,0,Unknown,Unknown,False,False,,0,0,0,0,4,Unknown,Unknown,Resold
SCRAPED_TXN_00139,SCRAPED_PRD_00139,Books,The Third Wave: An Entrepreneur’s Vision of the Future,Unknown,2026-09-01,1134.8999999999999,794.4299999999998,Good,1,2026-09-01,1134.8999999999999,Individual,Individual,Books to Scrape,False,0,0,0,0,Unknown,Unknown,False,False,,0,0,0,0,5,Unknown,Unknown,Resold
SCRAPED_TXN_00140,SCRAPED_PRD_00140,Books,The Stranger,Unknown,2026-09-01,1569.6000000000001,1098.72,Good,1,2026-09-01,1569.6000000000001,Individual,Individual,Books to Scrape,False,0,0,0,0,Unknown,Unknown,False,False,,0,0,0,0,4,Unknown,Unknown,Resold
SCRAPED_TXN_00141,SCRAPED_PRD_00141,Books,The Shadow Hero (The Shadow Hero),Unknown,2026-09-01,2982.6,2087.8199999999997,Good,1,2026-09-01,2982.6,Individual,Individual,Books to Scrape,False,0,0,0,0,Unknown,Unknown,False,False,,0,0,0,0,1,Unknown,Unknown,Resold
SCRAPED_TXN_00142,SCRAPED_PRD_00142,Books,The Secret (The Secret #1),Unknown,2026-09-01,2463.3,1724.31,Good,1,2026-09-01,2463.3,Individual,Individual,Books to Scrape,False,0,0,0,0,Unknown,Unknown,False,False,,0,0,0,0,4,Unknown,Unknown,Resold
SCRAPED_TXN_00143,SCRAPED_PRD_00143,Books,The Regional Office Is Under Attack!,Unknown,2026-09-01,4622.4,3235.6799999999994,Good,1,2026-09-01,4622.4,Individual,Individual,Books to Scrape,False,0,0,0,0,Unknown,Unknown,False,False,,0,0,0,0,5,Unknown,Unknown,Resold
SCRAPED_TXN_00144,SCRAPED_PRD_00144,Books,The Psychopath Test: A Journey Through the Madness Industry,Unknown,2026-09-01,3240.0,2268.0,Good,1,2026-09-01,3240.0,Individual,Individual,Books to Scrape,False,0,0,0,0,Unknown,Unknown,False,False,,0,0,0,0,2,Unknown,Unknown,Resold
SCRAPED_TXN_00145,SCRAPED_PRD_00145,Books,The Project,Unknown,2026-09-01,958.5,670.9499999999999,Good,1,2026-09-01,958.5,Individual,Individual,Books to Scrape,False,0,0,0,0,Unknown,Unknown,False,False,,0,0,0,0,1,Unknown,Unknown,Resold
SCRAPED_TXN_00146,SCRAPED_PRD_00146,Books,The Power of Now: A Guide to Spiritual Enlightenment,Unknown,2026-09-01,3918.6,2743.02,Good,1,2026-09-01,3918.6,Individual,Individual,Books to Scrape,False,0,0,0,0,Unknown,Unknown,False,False,,0,0,0,0,2,Unknown,Unknown,Resold
SCRAPED_TXN_00147,SCRAPED_PRD_00147,Books,The Omnivore's Dilemma: A Natural History of Four Meals,Unknown,2026-09-01,3438.9,2407.23,Good,1,2026-09-01,3438.9,Individual,Individual,Books to Scrape,False,0,0,0,0,Unknown,Unknown,False,False,,0,0,0,0,2,Unknown,Unknown,Resold
SCRAPED_TXN_00148,SCRAPED_PRD_00148,Books,The Nerdy Nummies Cookbook: Sweet Treats for the Geek in All of Us,Unknown,2026-09-01,3360.6000000000004,2352.42,Good,1,2026-09-01,3360.6000000000004,Individual,Individual,Books to Scrape,False,0,0,0,0,Unknown,Unknown,False,False,,0,0,0,0,5,Unknown,Unknown,Resold
SCRAPED_TXN_00149,SCRAPED_PRD_00149,Books,The Murder of Roger Ackroyd (Hercule Poirot #4),Unknown,2026-09-01,3969.0,2778.2999999999997,Good,1,2026-09-01,3969.0,Individual,Individual,Books to Scrape,False,0,0,0,0,Unknown,Unknown,False,False,,0,0,0,0,4,Unknown,Unknown,Resold
SCRAPED_TXN_00150,SCRAPED_PRD_00150,Books,The Mistake (Off-Campus #2),Unknown,2026-09-01,3896.1,2727.27,Good,1,2026-09-01,3896.1,Individual,Individual,Books to Scrape,False,0,0,0,0,Unknown,Unknown,False,False,,0,0,0,0,3,Unknown,Unknown,Resold
SCRAPED_TXN_00151,SCRAPED_PRD_00151,Books,The Matchmaker's Playbook (Wingmen Inc. #1),Unknown,2026-09-01,5026.5,3518.5499999999997,Good,1,2026-09-01,5026.5,Individual,Individual,Books to Scrape,False,0,0,0,0,Unknown,Unknown,False,False,,0,0,0,0,1,Unknown,Unknown,Resold
SCRAPED_TXN_00152,SCRAPED_PRD_00152,Books,The Love and Lemons Cookbook: An Apple-to-Zucchini Celebration of Impromptu Cooking,Unknown,2026-09-01,3384.0,2368.7999999999997,Good,1,2026-09-01,3384.0,Individual,Individual,Books to Scrape,False,0,0,0,0,Unknown,Unknown,False,False,,0,0,0,0,2,Unknown,Unknown,Resold
SCRAPED_TXN_00153,SCRAPED_PRD_00153,Books,The Long Shadow of Small Ghosts: Murder and Memory in an American City,Unknown,2026-09-01,987.3000000000001,691.11,Good,1,2026-09-01,987.3000000000001,Individual,Individual,Books to Scrape,False,0,0,0,0,Unknown,Unknown,False,False,,0,0,0,0,1,Unknown,Unknown,Resold
SCRAPED_TXN_00154,SCRAPED_PRD_00154,Books,The Kite Runner,Unknown,2026-09-01,3763.8,2634.66,Good,1,2026-09-01,3763.8,Individual,Individual,Books to Scrape,False,0,0,0,0,Unknown,Unknown,False,False,,0,0,0,0,4,Unknown,Unknown,Resold
SCRAPED_TXN_00155,SCRAPED_PRD_00155,Books,The House by the Lake,Unknown,2026-09-01,3325.5000000000005,2327.8500000000004,Good,1,2026-09-01,3325.5000000000005,Individual,Individual,Books to Scrape,False,0,0,0,0,Unknown,Unknown,False,False,,0,0,0,0,1,Unknown,Unknown,Resold
SCRAPED_TXN_00156,SCRAPED_PRD_00156,Books,The Glittering Court (The Glittering Court #1),Unknown,2026-09-01,3985.2000000000003,2789.64,Good,1,2026-09-01,3985.2000000000003,Individual,Individual,Books to Scrape,False,0,0,0,0,Unknown,Unknown,False,False,,0,0,0,0,1,Unknown,Unknown,Resold
SCRAPED_TXN_00157,SCRAPED_PRD_00157,Books,The Girl on the Train,Unknown,2026-09-01,4951.8,3466.2599999999998,Good,1,2026-09-01,4951.8,Individual,Individual,Books to Scrape,False,0,0,0,0,Unknown,Unknown,False,False,,0,0,0,0,2,Unknown,Unknown,Resold
SCRAPED_TXN_00158,SCRAPED_PRD_00158,Books,The Genius of Birds,Unknown,2026-09-01,1551.6,1086.12,Good,1,2026-09-01,1551.6,Individual,Individual,Books to Scrape,False,0,0,0,0,Unknown,Unknown,False,False,,0,0,0,0,1,Unknown,Unknown,Resold
SCRAPED_TXN_00159,SCRAPED_PRD_00159,Books,The Emerald Mystery,Unknown,2026-09-01,2083.5,1458.4499999999998,Good,1,2026-09-01,2083.5,Individual,Individual,Books to Scrape,False,0,0,0,0,Unknown,Unknown,False,False,,0,0,0,0,2,Unknown,Unknown,Resold
SCRAPED_TXN_00160,SCRAPED_PRD_00160,Books,The Cookies & Cups Cookbook: 125+ sweet & savory recipes reminding you to Always Eat Dessert First,Unknown,2026-09-01,3712.5,2598.75,Good,1,2026-09-01,3712.5,Individual,Individual,Books to Scrape,False,0,0,0,0,Unknown,Unknown,False,False,,0,0,0,0,1,Unknown,Unknown,Resold
SCRAPED_TXN_00161,SCRAPED_PRD_00161,Books,The Bridge to Consciousness: I'm Writing the Bridge Between Science and Our Old and New Beliefs.,Unknown,2026-09-01,2880.0,2015.9999999999998,Good,1,2026-09-01,2880.0,Individual,Individual,Books to Scrape,False,0,0,0,0,Unknown,Unknown,False,False,,0,0,0,0,3,Unknown,Unknown,Resold
SCRAPED_TXN_00162,SCRAPED_PRD_00162,Books,The Artist's Way: A Spiritual Path to Higher Creativity,Unknown,2026-09-01,3464.1000000000004,2424.87,Good,1,2026-09-01,3464.1000000000004,Individual,Individual,Books to Scrape,False,0,0,0,0,Unknown,Unknown,False,False,,0,0,0,0,5,Unknown,Unknown,Resold
SCRAPED_TXN_00163,SCRAPED_PRD_00163,Books,The Art of War,Unknown,2026-09-01,3000.6000000000004,2100.42,Good,1,2026-09-01,3000.6000000000004,Individual,Individual,Books to Scrape,False,0,0,0,0,Unknown,Unknown,False,False,,0,0,0,0,5,Unknown,Unknown,Resold
SCRAPED_TXN_00164,SCRAPED_PRD_00164,Books,The Argonauts,Unknown,2026-09-01,983.6999999999999,688.5899999999999,Good,1,2026-09-01,983.6999999999999,Individual,Individual,Books to Scrape,False,0,0,0,0,Unknown,Unknown,False,False,,0,0,0,0,2,Unknown,Unknown,Resold
SCRAPED_TXN_00165,SCRAPED_PRD_00165,Books,The 10% Entrepreneur: Live Your Startup Dream Without Quitting Your Day Job,Unknown,2026-09-01,2479.5,1735.6499999999999,Good,1,2026-09-01,2479.5,Individual,Individual,Books to Scrape,False,0,0,0,0,Unknown,Unknown,False,False,,0,0,0,0,3,Unknown,Unknown,Resold
SCRAPED_TXN_00166,SCRAPED_PRD_00166,Books,Suddenly in Love (Lake Haven #1),Unknown,2026-09-01,5039.1,3527.37,Good,1,2026-09-01,5039.1,Individual,Individual,Books to Scrape,False,0,0,0,0,Unknown,Unknown,False,False,,0,0,0,0,2,Unknown,Unknown,Resold
SCRAPED_TXN_00167,SCRAPED_PRD_00167,Books,Something More Than This,Unknown,2026-09-01,1461.6,1023.1199999999999,Good,1,2026-09-01,1461.6,Individual,Individual,Books to Scrape,False,0,0,0,0,Unknown,Unknown,False,False,,0,0,0,0,4,Unknown,Unknown,Resold
SCRAPED_TXN_00168,SCRAPED_PRD_00168,Books,Soft Apocalypse,Unknown,2026-09-01,2350.8,1645.56,Good,1,2026-09-01,2350.8,Individual,Individual,Books to Scrape,False,0,0,0,0,Unknown,Unknown,False,False,,0,0,0,0,2,Unknown,Unknown,Resold
SCRAPED_TXN_00169,SCRAPED_PRD_00169,Books,So You've Been Publicly Shamed,Unknown,2026-09-01,1100.7,770.49,Good,1,2026-09-01,1100.7,Individual,Individual,Books to Scrape,False,0,0,0,0,Unknown,Unknown,False,False,,0,0,0,0,2,Unknown,Unknown,Resold
SCRAPED_TXN_00170,SCRAPED_PRD_00170,Books,Shoe Dog: A Memoir by the Creator of NIKE,Unknown,2026-09-01,2159.1,1511.37,Good,1,2026-09-01,2159.1,Individual,Individual,Books to Scrape,False,0,0,0,0,Unknown,Unknown,False,False,,0,0,0,0,2,Unknown,Unknown,Resold
SCRAPED_TXN_00171,SCRAPED_PRD_00171,Books,"Shobu Samurai, Project Aryoku (#3)",Unknown,2026-09-01,2615.4,1830.78,Good,1,2026-09-01,2615.4,Individual,Individual,Books to Scrape,False,0,0,0,0,Unknown,Unknown,False,False,,0,0,0,0,3,Unknown,Unknown,Resold
SCRAPED_TXN_00172,SCRAPED_PRD_00172,Books,Secrets and Lace (Fatal Hearts #1),Unknown,2026-09-01,1824.3,1277.01,Good,1,2026-09-01,1824.3,Individual,Individual,Books to Scrape,False,0,0,0,0,Unknown,Unknown,False,False,,0,0,0,0,1,Unknown,Unknown,Resold
SCRAPED_TXN_00173,SCRAPED_PRD_00173,Books,Scarlett Epstein Hates It Here,Unknown,2026-09-01,3919.4999999999995,2743.6499999999996,Good,1,2026-09-01,3919.4999999999995,Individual,Individual,Books to Scrape,False,0,0,0,0,Unknown,Unknown,False,False,,0,0,0,0,5,Unknown,Unknown,Resold
SCRAPED_TXN_00174,SCRAPED_PRD_00174,Books,Romero and Juliet: A Tragic Tale of Love and Zombies,Unknown,2026-09-01,3324.6,2327.22,Good,1,2026-09-01,3324.6,Individual,Individual,Books to Scrape,False,0,0,0,0,Unknown,Unknown,False,False,,0,0,0,0,1,Unknown,Unknown,Resold
SCRAPED_TXN_00175,SCRAPED_PRD_00175,Books,Redeeming Love,Unknown,2026-09-01,1842.3,1289.61,Good,1,2026-09-01,1842.3,Individual,Individual,Books to Scrape,False,0,0,0,0,Unknown,Unknown,False,False,,0,0,0,0,5,Unknown,Unknown,Resold
SCRAPED_TXN_00176,SCRAPED_PRD_00176,Books,Poses for Artists Volume 1 - Dynamic and Sitting Poses: An Essential Reference for Figure Drawing and the Human Form,Unknown,2026-09-01,3695.4,2586.7799999999997,Good,1,2026-09-01,3695.4,Individual,Individual,Books to Scrape,False,0,0,0,0,Unknown,Unknown,False,False,,0,0,0,0,1,Unknown,Unknown,Resold
SCRAPED_TXN_00177,SCRAPED_PRD_00177,Books,Poems That Make Grown Women Cry,Unknown,2026-09-01,1277.1,893.9699999999999,Good,1,2026-09-01,1277.1,Individual,Individual,Books to Scrape,False,0,0,0,0,Unknown,Unknown,False,False,,0,0,0,0,4,Unknown,Unknown,Resold
SCRAPED_TXN_00178,SCRAPED_PRD_00178,Books,"Nightingale, Sing",Unknown,2026-09-01,3445.2000000000003,2411.64,Good,1,2026-09-01,3445.2000000000003,Individual,Individual,Books to Scrape,False,0,0,0,0,Unknown,Unknown,False,False,,0,0,0,0,1,Unknown,Unknown,Resold
SCRAPED_TXN_00179,SCRAPED_PRD_00179,Books,Night Sky with Exit Wounds,Unknown,2026-09-01,3694.4999999999995,2586.1499999999996,Good,1,2026-09-01,3694.4999999999995,Individual,Individual,Books to Scrape,False,0,0,0,0,Unknown,Unknown,False,False,,0,0,0,0,1,Unknown,Unknown,Resold
SCRAPED_TXN_00180,SCRAPED_PRD_00180,Books,Mrs. Houdini,Unknown,2026-09-01,2722.5,1905.7499999999998,Good,1,2026-09-01,2722.5,Individual,Individual,Books to Scrape,False,0,0,0,0,Unknown,Unknown,False,False,,0,0,0,0,5,Unknown,Unknown,Resold
SCRAPED_TXN_00181,SCRAPED_PRD_00181,Books,Modern Romance,Unknown,2026-09-01,2543.4,1780.3799999999999,Good,1,2026-09-01,2543.4,Individual,Individual,Books to Scrape,False,0,0,0,0,Unknown,Unknown,False,False,,0,0,0,0,5,Unknown,Unknown,Resold
SCRAPED_TXN_00182,SCRAPED_PRD_00182,Books,Miss Peregrine’s Home for Peculiar Children (Miss Peregrine’s Peculiar Children #1),Unknown,2026-09-01,968.4,677.88,Good,1,2026-09-01,968.4,Individual,Individual,Books to Scrape,False,0,0,0,0,Unknown,Unknown,False,False,,0,0,0,0,1,Unknown,Unknown,Resold
SCRAPED_TXN_00183,SCRAPED_PRD_00183,Books,Louisa: The Extraordinary Life of Mrs. Adams,Unknown,2026-09-01,1516.5000000000002,1061.5500000000002,Good,1,2026-09-01,1516.5000000000002,Individual,Individual,Books to Scrape,False,0,0,0,0,Unknown,Unknown,False,False,,0,0,0,0,2,Unknown,Unknown,Resold
SCRAPED_TXN_00184,SCRAPED_PRD_00184,Books,Little Red,Unknown,2026-09-01,1212.3,848.6099999999999,Good,1,2026-09-01,1212.3,Individual,Individual,Books to Scrape,False,0,0,0,0,Unknown,Unknown,False,False,,0,0,0,0,3,Unknown,Unknown,Resold
SCRAPED_TXN_00185,SCRAPED_PRD_00185,Books,Library of Souls (Miss Peregrine’s Peculiar Children #3),Unknown,2026-09-01,4370.400000000001,3059.28,Good,1,2026-09-01,4370.400000000001,Individual,Individual,Books to Scrape,False,0,0,0,0,Unknown,Unknown,False,False,,0,0,0,0,5,Unknown,Unknown,Resold
SCRAPED_TXN_00186,SCRAPED_PRD_00186,Books,Large Print Heart of the Pride,Unknown,2026-09-01,1723.4999999999998,1206.4499999999998,Good,1,2026-09-01,1723.4999999999998,Individual,Individual,Books to Scrape,False,0,0,0,0,Unknown,Unknown,False,False,,0,0,0,0,2,Unknown,Unknown,Resold
SCRAPED_TXN_00187,SCRAPED_PRD_00187,Books,I Had a Nice Time And Other Lies...: How to find love & sh*t like that,Unknown,2026-09-01,5162.4,3613.6799999999994,Good,1,2026-09-01,5162.4,Individual,Individual,Books to Scrape,False,0,0,0,0,Unknown,Unknown,False,False,,0,0,0,0,4,Unknown,Unknown,Resold
SCRAPED_TXN_00188,SCRAPED_PRD_00188,Books,Hollow City (Miss Peregrine’s Peculiar Children #2),Unknown,2026-09-01,3868.2,2707.74,Good,1,2026-09-01,3868.2,Individual,Individual,Books to Scrape,False,0,0,0,0,Unknown,Unknown,False,False,,0,0,0,0,1,Unknown,Unknown,Resold
SCRAPED_TXN_00189,SCRAPED_PRD_00189,Books,Grumbles,Unknown,2026-09-01,1994.4,1396.08,Good,1,2026-09-01,1994.4,Individual,Individual,Books to Scrape,False,0,0,0,0,Unknown,Unknown,False,False,,0,0,0,0,2,Unknown,Unknown,Resold
SCRAPED_TXN_00190,SCRAPED_PRD_00190,Books,Full Moon over Noah’s Ark: An Odyssey to Mount Ararat and Beyond,Unknown,2026-09-01,4448.7,3114.0899999999997,Good,1,2026-09-01,4448.7,Individual,Individual,Books to Scrape,False,0,0,0,0,Unknown,Unknown,False,False,,0,0,0,0,4,Unknown,Unknown,Resold
SCRAPED_TXN_00191,SCRAPED_PRD_00191,Books,Frostbite (Vampire Academy #2),Unknown,2026-09-01,2699.1,1889.37,Good,1,2026-09-01,2699.1,Individual,Individual,Books to Scrape,False,0,0,0,0,Unknown,Unknown,False,False,,0,0,0,0,5,Unknown,Unknown,Resold
SCRAPED_TXN_00192,SCRAPED_PRD_00192,Books,Follow You Home,Unknown,2026-09-01,1922.3999999999999,1345.6799999999998,Good,1,2026-09-01,1922.3999999999999,Individual,Individual,Books to Scrape,False,0,0,0,0,Unknown,Unknown,False,False,,0,0,0,0,1,Unknown,Unknown,Resold
SCRAPED_TXN_00193,SCRAPED_PRD_00193,Books,First Steps for New Christians (Print Edition),Unknown,2026-09-01,2610.0,1826.9999999999998,Good,1,2026-09-01,2610.0,Individual,Individual,Books to Scrape,False,0,0,0,0,Unknown,Unknown,False,False,,0,0,0,0,1,Unknown,Unknown,Resold
SCRAPED_TXN_00194,SCRAPED_PRD_00194,Books,Finders Keepers (Bill Hodges Trilogy #2),Unknown,2026-09-01,4817.7,3372.39,Good,1,2026-09-01,4817.7,Individual,Individual,Books to Scrape,False,0,0,0,0,Unknown,Unknown,False,False,,0,0,0,0,5,Unknown,Unknown,Resold
SCRAPED_TXN_00195,SCRAPED_PRD_00195,Books,"Fables, Vol. 1: Legends in Exile (Fables #1)",Unknown,2026-09-01,3745.7999999999997,2622.0599999999995,Good,1,2026-09-01,3745.7999999999997,Individual,Individual,Books to Scrape,False,0,0,0,0,Unknown,Unknown,False,False,,0,0,0,0,4,Unknown,Unknown,Resold
SCRAPED_TXN_00196,SCRAPED_PRD_00196,Books,Eureka Trivia 6.0,Unknown,2026-09-01,4913.1,3439.17,Good,1,2026-09-01,4913.1,Individual,Individual,Books to Scrape,False,0,0,0,0,Unknown,Unknown,False,False,,0,0,0,0,4,Unknown,Unknown,Resold
SCRAPED_TXN_00197,SCRAPED_PRD_00197,Books,Drive: The Surprising Truth About What Motivates Us,Unknown,2026-09-01,3145.5000000000005,2201.8500000000004,Good,1,2026-09-01,3145.5000000000005,Individual,Individual,Books to Scrape,False,0,0,0,0,Unknown,Unknown,False,False,,0,0,0,0,4,Unknown,Unknown,Resold
SCRAPED_TXN_00198,SCRAPED_PRD_00198,Books,Done Rubbed Out (Reightman & Bailey #1),Unknown,2026-09-01,3394.7999999999997,2376.3599999999997,Good,1,2026-09-01,3394.7999999999997,Individual,Individual,Books to Scrape,False,0,0,0,0,Unknown,Unknown,False,False,,0,0,0,0,5,Unknown,Unknown,Resold
SCRAPED_TXN_00199,SCRAPED_PRD_00199,Books,Doing It Over (Most Likely To #1),Unknown,2026-09-01,3204.9,2243.43,Good,1,2026-09-01,3204.9,Individual,Individual,Books to Scrape,False,0,0,0,0,Unknown,Unknown,False,False,,0,0,0,0,3,Unknown,Unknown,Resold
SCRAPED_TXN_00200,SCRAPED_PRD_00200,Books,"Deliciously Ella Every Day: Quick and Easy Recipes for Gluten-Free Snacks, Packed Lunches, and Simple Meals",Unknown,2026-09-01,3794.3999999999996,2656.0799999999995,Good,1,2026-09-01,3794.3999999999996,Individual,Individual,Books to Scrape,False,0,0,0,0,Unknown,Unknown,False,False,,0,0,0,0,3,Unknown,Unknown,Resold
SCRAPED_TXN_00201,SCRAPED_PRD_00201,Books,Dark Notes,Unknown,2026-09-01,1727.1000000000001,1208.97,Good,1,2026-09-01,1727.1000000000001,Individual,Individual,Books to Scrape,False,0,0,0,0,Unknown,Unknown,False,False,,0,0,0,0,5,Unknown,Unknown,Resold
SCRAPED_TXN_00202,SCRAPED_PRD_00202,Books,"Daring Greatly: How the Courage to Be Vulnerable Transforms the Way We Live, Love, Parent, and Lead",Unknown,2026-09-01,1748.7,1224.09,Good,1,2026-09-01,1748.7,Individual,Individual,Books to Scrape,False,0,0,0,0,Unknown,Unknown,False,False,,0,0,0,0,3,Unknown,Unknown,Resold
SCRAPED_TXN_00203,SCRAPED_PRD_00203,Books,Close to You,Unknown,2026-09-01,4451.4,3115.9799999999996,Good,1,2026-09-01,4451.4,Individual,Individual,Books to Scrape,False,0,0,0,0,Unknown,Unknown,False,False,,0,0,0,0,4,Unknown,Unknown,Resold
SCRAPED_TXN_00204,SCRAPED_PRD_00204,Books,Chasing Heaven: What Dying Taught Me About Living,Unknown,2026-09-01,3401.9999999999995,2381.3999999999996,Good,1,2026-09-01,3401.9999999999995,Individual,Individual,Books to Scrape,False,0,0,0,0,Unknown,Unknown,False,False,,0,0,0,0,2,Unknown,Unknown,Resold
SCRAPED_TXN_00205,SCRAPED_PRD_00205,Books,Big Magic: Creative Living Beyond Fear,Unknown,2026-09-01,2772.0,1940.3999999999999,Good,1,2026-09-01,2772.0,Individual,Individual,Books to Scrape,False,0,0,0,0,Unknown,Unknown,False,False,,0,0,0,0,3,Unknown,Unknown,Resold
SCRAPED_TXN_00206,SCRAPED_PRD_00206,Books,Becoming Wise: An Inquiry into the Mystery and Art of Living,Unknown,2026-09-01,2468.7,1728.0899999999997,Good,1,2026-09-01,2468.7,Individual,Individual,Books to Scrape,False,0,0,0,0,Unknown,Unknown,False,False,,0,0,0,0,2,Unknown,Unknown,Resold
SCRAPED_TXN_00207,SCRAPED_PRD_00207,Books,Beauty Restored (Riley Family Legacy Novellas #3),Unknown,2026-09-01,999.9,699.93,Good,1,2026-09-01,999.9,Individual,Individual,Books to Scrape,False,0,0,0,0,Unknown,Unknown,False,False,,0,0,0,0,2,Unknown,Unknown,Resold
SCRAPED_TXN_00208,SCRAPED_PRD_00208,Books,Batman: The Long Halloween (Batman),Unknown,2026-09-01,3285.0,2299.5,Good,1,2026-09-01,3285.0,Individual,Individual,Books to Scrape,False,0,0,0,0,Unknown,Unknown,False,False,,0,0,0,0,2,Unknown,Unknown,Resold
SCRAPED_TXN_00209,SCRAPED_PRD_00209,Books,Batman: The Dark Knight Returns (Batman),Unknown,2026-09-01,1384.2,968.9399999999999,Good,1,2026-09-01,1384.2,Individual,Individual,Books to Scrape,False,0,0,0,0,Unknown,Unknown,False,False,,0,0,0,0,5,Unknown,Unknown,Resold
SCRAPED_TXN_00210,SCRAPED_PRD_00210,Books,Ayumi's Violin,Unknown,2026-09-01,1393.2,975.24,Good,1,2026-09-01,1393.2,Individual,Individual,Books to Scrape,False,0,0,0,0,Unknown,Unknown,False,False,,0,0,0,0,2,Unknown,Unknown,Resold
SCRAPED_TXN_00211,SCRAPED_PRD_00211,Books,Anonymous,Unknown,2026-09-01,4213.8,2949.66,Good,1,2026-09-01,4213.8,Individual,Individual,Books to Scrape,False,0,0,0,0,Unknown,Unknown,False,False,,0,0,0,0,4,Unknown,Unknown,Resold
SCRAPED_TXN_00212,SCRAPED_PRD_00212,Books,Amy Meets the Saints and Sages,Unknown,2026-09-01,1661.4,1162.98,Good,1,2026-09-01,1661.4,Individual,Individual,Books to Scrape,False,0,0,0,0,Unknown,Unknown,False,False,,0,0,0,0,3,Unknown,Unknown,Resold
SCRAPED_TXN_00213,SCRAPED_PRD_00213,Books,Amid the Chaos,Unknown,2026-09-01,3292.2,2304.5399999999995,Good,1,2026-09-01,3292.2,Individual,Individual,Books to Scrape,False,0,0,0,0,Unknown,Unknown,False,False,,0,0,0,0,1,Unknown,Unknown,Resold
SCRAPED_TXN_00214,SCRAPED_PRD_00214,Books,Amatus,Unknown,2026-09-01,4548.6,3184.02,Good,1,2026-09-01,4548.6,Individual,Individual,Books to Scrape,False,0,0,0,0,Unknown,Unknown,False,False,,0,0,0,0,5,Unknown,Unknown,Resold
SCRAPED_TXN_00215,SCRAPED_PRD_00215,Books,Agnostic: A Spirited Manifesto,Unknown,2026-09-01,1125.9,788.13,Good,1,2026-09-01,1125.9,Individual,Individual,Books to Scrape,False,0,0,0,0,Unknown,Unknown,False,False,,0,0,0,0,5,Unknown,Unknown,Resold
SCRAPED_TXN_00216,SCRAPED_PRD_00216,Books,Zealot: The Life and Times of Jesus of Nazareth,Unknown,2026-09-01,2223.0,1556.1,Good,1,2026-09-01,2223.0,Individual,Individual,Books to Scrape,False,0,0,0,0,Unknown,Unknown,False,False,,0,0,0,0,3,Unknown,Unknown,Resold
SCRAPED_TXN_00217,SCRAPED_PRD_00217,Books,You (You #1),Unknown,2026-09-01,3924.9,2747.43,Good,1,2026-09-01,3924.9,Individual,Individual,Books to Scrape,False,0,0,0,0,Unknown,Unknown,False,False,,0,0,0,0,5,Unknown,Unknown,Resold
SCRAPED_TXN_00218,SCRAPED_PRD_00218,Books,"Wonder Woman: Earth One, Volume One (Wonder Woman: Earth One #1)",Unknown,2026-09-01,3360.6000000000004,2352.42,Good,1,2026-09-01,3360.6000000000004,Individual,Individual,Books to Scrape,False,0,0,0,0,Unknown,Unknown,False,False,,0,0,0,0,4,Unknown,Unknown,Resold
SCRAPED_TXN_00219,SCRAPED_PRD_00219,Books,Wild Swans,Unknown,2026-09-01,1292.3999999999999,904.6799999999998,Good,1,2026-09-01,1292.3999999999999,Individual,Individual,Books to Scrape,False,0,0,0,0,Unknown,Unknown,False,False,,0,0,0,0,2,Unknown,Unknown,Resold
SCRAPED_TXN_00220,SCRAPED_PRD_00220,Books,Why the Right Went Wrong: Conservatism--From Goldwater to the Tea Party and Beyond,Unknown,2026-09-01,4738.5,3316.95,Good,1,2026-09-01,4738.5,Individual,Individual,Books to Scrape,False,0,0,0,0,Unknown,Unknown,False,False,,0,0,0,0,4,Unknown,Unknown,Resold
SCRAPED_TXN_00221,SCRAPED_PRD_00221,Books,Whole Lotta Creativity Going On: 60 Fun and Unusual Exercises to Awaken and Strengthen Your Creativity,Unknown,2026-09-01,3438.0000000000005,2406.6000000000004,Good,1,2026-09-01,3438.0000000000005,Individual,Individual,Books to Scrape,False,0,0,0,0,Unknown,Unknown,False,False,,0,0,0,0,4,Unknown,Unknown,Resold
SCRAPED_TXN_00222,SCRAPED_PRD_00222,Books,What's It Like in Space?: Stories from Astronauts Who've Been There,Unknown,2026-09-01,1764.0000000000002,1234.8000000000002,Good,1,2026-09-01,1764.0000000000002,Individual,Individual,Books to Scrape,False,0,0,0,0,Unknown,Unknown,False,False,,0,0,0,0,2,Unknown,Unknown,Resold
SCRAPED_TXN_00223,SCRAPED_PRD_00223,Books,"We Are Robin, Vol. 1: The Vigilante Business (We Are Robin #1)",Unknown,2026-09-01,4851.0,3395.7,Good,1,2026-09-01,4851.0,Individual,Individual,Books to Scrape,False,0,0,0,0,Unknown,Unknown,False,False,,0,0,0,0,1,Unknown,Unknown,Resold
SCRAPED_TXN_00224,SCRAPED_PRD_00224,Books,Walt Disney's Alice in Wonderland,Unknown,2026-09-01,1166.4,816.48,Good,1,2026-09-01,1166.4,Individual,Individual,Books to Scrape,False,0,0,0,0,Unknown,Unknown,False,False,,0,0,0,0,5,Unknown,Unknown,Resold
SCRAPED_TXN_00225,SCRAPED_PRD_00225,Books,V for Vendetta (V for Vendetta Complete),Unknown,2026-09-01,3339.0,2337.2999999999997,Good,1,2026-09-01,3339.0,Individual,Individual,Books to Scrape,False,0,0,0,0,Unknown,Unknown,False,False,,0,0,0,0,4,Unknown,Unknown,Resold
SCRAPED_TXN_00226,SCRAPED_PRD_00226,Books,Until Friday Night (The Field Party #1),Unknown,2026-09-01,4167.900000000001,2917.53,Good,1,2026-09-01,4167.900000000001,Individual,Individual,Books to Scrape,False,0,0,0,0,Unknown,Unknown,False,False,,0,0,0,0,2,Unknown,Unknown,Resold
SCRAPED_TXN_00227,SCRAPED_PRD_00227,Books,"Unbroken: A World War II Story of Survival, Resilience, and Redemption",Unknown,2026-09-01,4135.5,2894.85,Good,1,2026-09-01,4135.5,Individual,Individual,Books to Scrape,False,0,0,0,0,Unknown,Unknown,False,False,,0,0,0,0,2,Unknown,Unknown,Resold
SCRAPED_TXN_00228,SCRAPED_PRD_00228,Books,Twenty Yawns,Unknown,2026-09-01,1987.1999999999998,1391.0399999999997,Good,1,2026-09-01,1987.1999999999998,Individual,Individual,Books to Scrape,False,0,0,0,0,Unknown,Unknown,False,False,,0,0,0,0,2,Unknown,Unknown,Resold
SCRAPED_TXN_00229,SCRAPED_PRD_00229,Books,Through the Woods,Unknown,2026-09-01,2284.2,1598.9399999999998,Good,1,2026-09-01,2284.2,Individual,Individual,Books to Scrape,False,0,0,0,0,Unknown,Unknown,False,False,,0,0,0,0,2,Unknown,Unknown,Resold
SCRAPED_TXN_00230,SCRAPED_PRD_00230,Books,This Is Where It Ends,Unknown,2026-09-01,2440.8,1708.56,Good,1,2026-09-01,2440.8,Individual,Individual,Books to Scrape,False,0,0,0,0,Unknown,Unknown,False,False,,0,0,0,0,2,Unknown,Unknown,Resold
SCRAPED_TXN_00231,SCRAPED_PRD_00231,Books,The Year of Magical Thinking,Unknown,2026-09-01,3873.6,2711.52,Good,1,2026-09-01,3873.6,Individual,Individual,Books to Scrape,False,0,0,0,0,Unknown,Unknown,False,False,,0,0,0,0,2,Unknown,Unknown,Resold
SCRAPED_TXN_00232,SCRAPED_PRD_00232,Books,The Wright Brothers,Unknown,2026-09-01,5112.0,3578.3999999999996,Good,1,2026-09-01,5112.0,Individual,Individual,Books to Scrape,False,0,0,0,0,Unknown,Unknown,False,False,,0,0,0,0,4,Unknown,Unknown,Resold
SCRAPED_TXN_00233,SCRAPED_PRD_00233,Books,The White Queen (The Cousins' War #1),Unknown,2026-09-01,2331.9,1632.33,Good,1,2026-09-01,2331.9,Individual,Individual,Books to Scrape,False,0,0,0,0,Unknown,Unknown,False,False,,0,0,0,0,5,Unknown,Unknown,Resold
SCRAPED_TXN_00234,SCRAPED_PRD_00234,Books,The Wedding Pact (The O'Malleys #2),Unknown,2026-09-01,2934.9,2054.43,Good,1,2026-09-01,2934.9,Individual,Individual,Books to Scrape,False,0,0,0,0,Unknown,Unknown,False,False,,0,0,0,0,3,Unknown,Unknown,Resold
SCRAPED_TXN_00235,SCRAPED_PRD_00235,Books,The Time Keeper,Unknown,2026-09-01,2509.2,1756.4399999999998,Good,1,2026-09-01,2509.2,Individual,Individual,Books to Scrape,False,0,0,0,0,Unknown,Unknown,False,False,,0,0,0,0,5,Unknown,Unknown,Resold
SCRAPED_TXN_00236,SCRAPED_PRD_00236,Books,The Testament of Mary,Unknown,2026-09-01,4740.3,3318.21,Good,1,2026-09-01,4740.3,Individual,Individual,Books to Scrape,False,0,0,0,0,Unknown,Unknown,False,False,,0,0,0,0,4,Unknown,Unknown,Resold
SCRAPED_TXN_00237,SCRAPED_PRD_00237,Books,The Star-Touched Queen,Unknown,2026-09-01,4141.8,2899.2599999999998,Good,1,2026-09-01,4141.8,Individual,Individual,Books to Scrape,False,0,0,0,0,Unknown,Unknown,False,False,,0,0,0,0,5,Unknown,Unknown,Resold
SCRAPED_TXN_00238,SCRAPED_PRD_00238,Books,The Songs of the Gods,Unknown,2026-09-01,4003.2,2802.24,Good,1,2026-09-01,4003.2,Individual,Individual,Books to Scrape,False,0,0,0,0,Unknown,Unknown,False,False,,0,0,0,0,5,Unknown,Unknown,Resold
SCRAPED_TXN_00239,SCRAPED_PRD_00239,Books,The Song of Achilles,Unknown,2026-09-01,3366.0,2356.2,Good,1,2026-09-01,3366.0,Individual,Individual,Books to Scrape,False,0,0,0,0,Unknown,Unknown,False,False,,0,0,0,0,5,Unknown,Unknown,Resold
SCRAPED_TXN_00240,SCRAPED_PRD_00240,Books,The Rosie Project (Don Tillman #1),Unknown,2026-09-01,4863.6,3404.52,Good,1,2026-09-01,4863.6,Individual,Individual,Books to Scrape,False,0,0,0,0,Unknown,Unknown,False,False,,0,0,0,0,1,Unknown,Unknown,Resold
SCRAPED_TXN_00241,SCRAPED_PRD_00241,Books,The Power of Habit: Why We Do What We Do in Life and Business,Unknown,2026-09-01,1519.1999999999998,1063.4399999999998,Good,1,2026-09-01,1519.1999999999998,Individual,Individual,Books to Scrape,False,0,0,0,0,Unknown,Unknown,False,False,,0,0,0,0,3,Unknown,Unknown,Resold
SCRAPED_TXN_00242,SCRAPED_PRD_00242,Books,The Marriage of Opposites,Unknown,2026-09-01,2527.2,1769.0399999999997,Good,1,2026-09-01,2527.2,Individual,Individual,Books to Scrape,False,0,0,0,0,Unknown,Unknown,False,False,,0,0,0,0,4,Unknown,Unknown,Resold
SCRAPED_TXN_00243,SCRAPED_PRD_00243,Books,The Lucifer Effect: Understanding How Good People Turn Evil,Unknown,2026-09-01,936.0,655.1999999999999,Good,1,2026-09-01,936.0,Individual,Individual,Books to Scrape,False,0,0,0,0,Unknown,Unknown,False,False,,0,0,0,0,1,Unknown,Unknown,Resold
SCRAPED_TXN_00244,SCRAPED_PRD_00244,Books,The Long Haul (Diary of a Wimpy Kid #9),Unknown,2026-09-01,3966.3,2776.41,Good,1,2026-09-01,3966.3,Individual,Individual,Books to Scrape,False,0,0,0,0,Unknown,Unknown,False,False,,0,0,0,0,1,Unknown,Unknown,Resold
SCRAPED_TXN_00245,SCRAPED_PRD_00245,Books,The Loney,Unknown,2026-09-01,2106.0,1474.1999999999998,Good,1,2026-09-01,2106.0,Individual,Individual,Books to Scrape,False,0,0,0,0,Unknown,Unknown,False,False,,0,0,0,0,1,Unknown,Unknown,Resold
SCRAPED_TXN_00246,SCRAPED_PRD_00246,Books,The Literature Book (Big Ideas Simply Explained),Unknown,2026-09-01,1568.7,1098.09,Good,1,2026-09-01,1568.7,Individual,Individual,Books to Scrape,False,0,0,0,0,Unknown,Unknown,False,False,,0,0,0,0,3,Unknown,Unknown,Resold
SCRAPED_TXN_00247,SCRAPED_PRD_00247,Books,The Last Mile (Amos Decker #2),Unknown,2026-09-01,4878.9,3415.2299999999996,Good,1,2026-09-01,4878.9,Individual,Individual,Books to Scrape,False,0,0,0,0,Unknown,Unknown,False,False,,0,0,0,0,2,Unknown,Unknown,Resold
SCRAPED_TXN_00248,SCRAPED_PRD_00248,Books,The Immortal Life of Henrietta Lacks,Unknown,2026-09-01,3660.3,2562.21,Good,1,2026-09-01,3660.3,Individual,Individual,Books to Scrape,False,0,0,0,0,Unknown,Unknown,False,False,,0,0,0,0,2,Unknown,Unknown,Resold
SCRAPED_TXN_00249,SCRAPED_PRD_00249,Books,The Hidden Oracle (The Trials of Apollo #1),Unknown,2026-09-01,4703.4,3292.3799999999997,Good,1,2026-09-01,4703.4,Individual,Individual,Books to Scrape,False,0,0,0,0,Unknown,Unknown,False,False,,0,0,0,0,2,Unknown,Unknown,Resold
SCRAPED_TXN_00250,SCRAPED_PRD_00250,Books,The Help Yourself Cookbook for Kids: 60 Easy Plant-Based Recipes Kids Can Make to Stay Healthy and Save the Earth,Unknown,2026-09-01,2589.3,1812.51,Good,1,2026-09-01,2589.3,Individual,Individual,Books to Scrape,False,0,0,0,0,Unknown,Unknown,False,False,,0,0,0,0,3,Unknown,Unknown,Resold
SCRAPED_TXN_00251,SCRAPED_PRD_00251,Books,The Guilty (Will Robie #4),Unknown,2026-09-01,1243.8,870.66,Good,1,2026-09-01,1243.8,Individual,Individual,Books to Scrape,False,0,0,0,0,Unknown,Unknown,False,False,,0,0,0,0,2,Unknown,Unknown,Resold
SCRAPED_TXN_00252,SCRAPED_PRD_00252,Books,The First Hostage (J.B. Collins #2),Unknown,2026-09-01,2326.5,1628.55,Good,1,2026-09-01,2326.5,Individual,Individual,Books to Scrape,False,0,0,0,0,Unknown,Unknown,False,False,,0,0,0,0,3,Unknown,Unknown,Resold
SCRAPED_TXN_00253,SCRAPED_PRD_00253,Books,The Dovekeepers,Unknown,2026-09-01,4390.2,3073.14,Good,1,2026-09-01,4390.2,Individual,Individual,Books to Scrape,False,0,0,0,0,Unknown,Unknown,False,False,,0,0,0,0,1,Unknown,Unknown,Resold
SCRAPED_TXN_00254,SCRAPED_PRD_00254,Books,The Darkest Lie,Unknown,2026-09-01,3181.5,2227.0499999999997,Good,1,2026-09-01,3181.5,Individual,Individual,Books to Scrape,False,0,0,0,0,Unknown,Unknown,False,False,,0,0,0,0,5,Unknown,Unknown,Resold
SCRAPED_TXN_00255,SCRAPED_PRD_00255,Books,The Bane Chronicles (The Bane Chronicles #1-11),Unknown,2026-09-01,4025.7,2817.99,Good,1,2026-09-01,4025.7,Individual,Individual,Books to Scrape,False,0,0,0,0,Unknown,Unknown,False,False,,0,0,0,0,4,Unknown,Unknown,Resold
SCRAPED_TXN_00256,SCRAPED_PRD_00256,Books,The Bad-Ass Librarians of Timbuktu: And Their Race to Save the World’s Most Precious Manuscripts,Unknown,2026-09-01,1419.3,993.5099999999999,Good,1,2026-09-01,1419.3,Individual,Individual,Books to Scrape,False,0,0,0,0,Unknown,Unknown,False,False,,0,0,0,0,1,Unknown,Unknown,Resold
SCRAPED_TXN_00257,SCRAPED_PRD_00257,Books,The 14th Colony (Cotton Malone #11),Unknown,2026-09-01,3531.6000000000004,2472.12,Good,1,2026-09-01,3531.6000000000004,Individual,Individual,Books to Scrape,False,0,0,0,0,Unknown,Unknown,False,False,,0,0,0,0,1,Unknown,Unknown,Resold
SCRAPED_TXN_00258,SCRAPED_PRD_00258,Books,That Darkness (Gardiner and Renner #1),Unknown,2026-09-01,1252.8,876.9599999999999,Good,1,2026-09-01,1252.8,Individual,Individual,Books to Scrape,False,0,0,0,0,Unknown,Unknown,False,False,,0,0,0,0,1,Unknown,Unknown,Resold
SCRAPED_TXN_00259,SCRAPED_PRD_00259,Books,Tastes Like Fear (DI Marnie Rome #3),Unknown,2026-09-01,962.0999999999999,673.4699999999999,Good,1,2026-09-01,962.0999999999999,Individual,Individual,Books to Scrape,False,0,0,0,0,Unknown,Unknown,False,False,,0,0,0,0,1,Unknown,Unknown,Resold
SCRAPED_TXN_00260,SCRAPED_PRD_00260,Books,Take Me with You,Unknown,2026-09-01,4068.9,2848.23,Good,1,2026-09-01,4068.9,Individual,Individual,Books to Scrape,False,0,0,0,0,Unknown,Unknown,False,False,,0,0,0,0,3,Unknown,Unknown,Resold
SCRAPED_TXN_00261,SCRAPED_PRD_00261,Books,Swell: A Year of Waves,Unknown,2026-09-01,4102.2,2871.5399999999995,Good,1,2026-09-01,4102.2,Individual,Individual,Books to Scrape,False,0,0,0,0,Unknown,Unknown,False,False,,0,0,0,0,1,Unknown,Unknown,Resold
SCRAPED_TXN_00262,SCRAPED_PRD_00262,Books,Superman Vol. 1: Before Truth (Superman by Gene Luen Yang #1),Unknown,2026-09-01,1070.1000000000001,749.07,Good,1,2026-09-01,1070.1000000000001,Individual,Individual,Books to Scrape,False,0,0,0,0,Unknown,Unknown,False,False,,0,0,0,0,5,Unknown,Unknown,Resold
SCRAPED_TXN_00263,SCRAPED_PRD_00263,Books,Still Life with Bread Crumbs,Unknown,2026-09-01,2376.9,1663.83,Good,1,2026-09-01,2376.9,Individual,Individual,Books to Scrape,False,0,0,0,0,Unknown,Unknown,False,False,,0,0,0,0,3,Unknown,Unknown,Resold
SCRAPED_TXN_00264,SCRAPED_PRD_00264,Books,Steve Jobs,Unknown,2026-09-01,3555.0,2488.5,Good,1,2026-09-01,3555.0,Individual,Individual,Books to Scrape,False,0,0,0,0,Unknown,Unknown,False,False,,0,0,0,0,5,Unknown,Unknown,Resold
SCRAPED_TXN_00265,SCRAPED_PRD_00265,Books,Sorting the Beef from the Bull: The Science of Food Fraud Forensics,Unknown,2026-09-01,4026.6000000000004,2818.62,Good,1,2026-09-01,4026.6000000000004,Individual,Individual,Books to Scrape,False,0,0,0,0,Unknown,Unknown,False,False,,0,0,0,0,4,Unknown,Unknown,Resold
SCRAPED_TXN_00266,SCRAPED_PRD_00266,Books,Someone Like You (The Harrisons #2),Unknown,2026-09-01,4751.1,3325.77,Good,1,2026-09-01,4751.1,Individual,Individual,Books to Scrape,False,0,0,0,0,Unknown,Unknown,False,False,,0,0,0,0,5,Unknown,Unknown,Resold
SCRAPED_TXN_00267,SCRAPED_PRD_00267,Books,"So Cute It Hurts!!, Vol. 6 (So Cute It Hurts!! #6)",Unknown,2026-09-01,3188.7,2232.0899999999997,Good,1,2026-09-01,3188.7,Individual,Individual,Books to Scrape,False,0,0,0,0,Unknown,Unknown,False,False,,0,0,0,0,4,Unknown,Unknown,Resold
SCRAPED_TXN_00268,SCRAPED_PRD_00268,Books,Shtum,Unknown,2026-09-01,5025.6,3517.92,Good,1,2026-09-01,5025.6,Individual,Individual,Books to Scrape,False,0,0,0,0,Unknown,Unknown,False,False,,0,0,0,0,4,Unknown,Unknown,Resold
SCRAPED_TXN_00269,SCRAPED_PRD_00269,Books,See America: A Celebration of Our National Parks & Treasured Sites,Unknown,2026-09-01,4398.3,3078.81,Good,1,2026-09-01,4398.3,Individual,Individual,Books to Scrape,False,0,0,0,0,Unknown,Unknown,False,False,,0,0,0,0,3,Unknown,Unknown,Resold
SCRAPED_TXN_00270,SCRAPED_PRD_00270,Books,salt.,Unknown,2026-09-01,4210.2,2947.14,Good,1,2026-09-01,4210.2,Individual,Individual,Books to Scrape,False,0,0,0,0,Unknown,Unknown,False,False,,0,0,0,0,4,Unknown,Unknown,Resold
SCRAPED_TXN_00271,SCRAPED_PRD_00271,Books,Robin War,Unknown,2026-09-01,4303.8,3012.66,Good,1,2026-09-01,4303.8,Individual,Individual,Books to Scrape,False,0,0,0,0,Unknown,Unknown,False,False,,0,0,0,0,3,Unknown,Unknown,Resold
SCRAPED_TXN_00272,SCRAPED_PRD_00272,Books,"Red Hood/Arsenal, Vol. 1: Open for Business (Red Hood/Arsenal #1)",Unknown,2026-09-01,2293.2,1605.2399999999998,Good,1,2026-09-01,2293.2,Individual,Individual,Books to Scrape,False,0,0,0,0,Unknown,Unknown,False,False,,0,0,0,0,2,Unknown,Unknown,Resold
SCRAPED_TXN_00273,SCRAPED_PRD_00273,Books,Rain Fish,Unknown,2026-09-01,2121.3,1484.91,Good,1,2026-09-01,2121.3,Individual,Individual,Books to Scrape,False,0,0,0,0,Unknown,Unknown,False,False,,0,0,0,0,3,Unknown,Unknown,Resold
SCRAPED_TXN_00274,SCRAPED_PRD_00274,Books,"Quarter Life Poetry: Poems for the Young, Broke and Hangry",Unknown,2026-09-01,4580.1,3206.07,Good,1,2026-09-01,4580.1,Individual,Individual,Books to Scrape,False,0,0,0,0,Unknown,Unknown,False,False,,0,0,0,0,5,Unknown,Unknown,Resold
SCRAPED_TXN_00275,SCRAPED_PRD_00275,Books,Pet Sematary,Unknown,2026-09-01,950.4000000000001,665.28,Good,1,2026-09-01,950.4000000000001,Individual,Individual,Books to Scrape,False,0,0,0,0,Unknown,Unknown,False,False,,0,0,0,0,3,Unknown,Unknown,Resold
SCRAPED_TXN_00276,SCRAPED_PRD_00276,Books,"Overload: How to Unplug, Unwind, and Unleash Yourself from the Pressure of Stress",Unknown,2026-09-01,4693.5,3285.45,Good,1,2026-09-01,4693.5,Individual,Individual,Books to Scrape,False,0,0,0,0,Unknown,Unknown,False,False,,0,0,0,0,3,Unknown,Unknown,Resold
SCRAPED_TXN_00277,SCRAPED_PRD_00277,Books,Once Was a Time,Unknown,2026-09-01,1645.2,1151.6399999999999,Good,1,2026-09-01,1645.2,Individual,Individual,Books to Scrape,False,0,0,0,0,Unknown,Unknown,False,False,,0,0,0,0,2,Unknown,Unknown,Resold
SCRAPED_TXN_00278,SCRAPED_PRD_00278,Books,Old School (Diary of a Wimpy Kid #10),Unknown,2026-09-01,1064.7,745.29,Good,1,2026-09-01,1064.7,Individual,Individual,Books to Scrape,False,0,0,0,0,Unknown,Unknown,False,False,,0,0,0,0,5,Unknown,Unknown,Resold
SCRAPED_TXN_00279,SCRAPED_PRD_00279,Books,No Dream Is Too High: Life Lessons From a Man Who Walked on the Moon,Unknown,2026-09-01,1975.5,1382.85,Good,1,2026-09-01,1975.5,Individual,Individual,Books to Scrape,False,0,0,0,0,Unknown,Unknown,False,False,,0,0,0,0,2,Unknown,Unknown,Resold
SCRAPED_TXN_00280,SCRAPED_PRD_00280,Books,"Naruto (3-in-1 Edition), Vol. 14: Includes Vols. 40, 41 & 42 (Naruto: Omnibus #14)",Unknown,2026-09-01,3455.1,2418.5699999999997,Good,1,2026-09-01,3455.1,Individual,Individual,Books to Scrape,False,0,0,0,0,Unknown,Unknown,False,False,,0,0,0,0,2,Unknown,Unknown,Resold
SCRAPED_TXN_00281,SCRAPED_PRD_00281,Books,My Name Is Lucy Barton,Unknown,2026-09-01,3740.4,2618.2799999999997,Good,1,2026-09-01,3740.4,Individual,Individual,Books to Scrape,False,0,0,0,0,Unknown,Unknown,False,False,,0,0,0,0,1,Unknown,Unknown,Resold
SCRAPED_TXN_00282,SCRAPED_PRD_00282,Books,My Mrs. Brown,Unknown,2026-09-01,2203.2,1542.2399999999998,Good,1,2026-09-01,2203.2,Individual,Individual,Books to Scrape,False,0,0,0,0,Unknown,Unknown,False,False,,0,0,0,0,3,Unknown,Unknown,Resold
SCRAPED_TXN_00283,SCRAPED_PRD_00283,Books,My Kind of Crazy,Unknown,2026-09-01,3632.4,2542.68,Good,1,2026-09-01,3632.4,Individual,Individual,Books to Scrape,False,0,0,0,0,Unknown,Unknown,False,False,,0,0,0,0,1,Unknown,Unknown,Resold
SCRAPED_TXN_00284,SCRAPED_PRD_00284,Books,Mr. Mercedes (Bill Hodges Trilogy #1),Unknown,2026-09-01,2601.0,1820.6999999999998,Good,1,2026-09-01,2601.0,Individual,Individual,Books to Scrape,False,0,0,0,0,Unknown,Unknown,False,False,,0,0,0,0,1,Unknown,Unknown,Resold
SCRAPED_TXN_00285,SCRAPED_PRD_00285,Books,More Than Music (Chasing the Dream #1),Unknown,2026-09-01,3384.9,2369.43,Good,1,2026-09-01,3384.9,Individual,Individual,Books to Scrape,False,0,0,0,0,Unknown,Unknown,False,False,,0,0,0,0,2,Unknown,Unknown,Resold
SCRAPED_TXN_00286,SCRAPED_PRD_00286,Books,Made to Stick: Why Some Ideas Survive and Others Die,Unknown,2026-09-01,3496.5,2447.5499999999997,Good,1,2026-09-01,3496.5,Individual,Individual,Books to Scrape,False,0,0,0,0,Unknown,Unknown,False,False,,0,0,0,0,5,Unknown,Unknown,Resold
SCRAPED_TXN_00287,SCRAPED_PRD_00287,Books,Luis Paints the World,Unknown,2026-09-01,4855.5,3398.85,Good,1,2026-09-01,4855.5,Individual,Individual,Books to Scrape,False,0,0,0,0,Unknown,Unknown,False,False,,0,0,0,0,3,Unknown,Unknown,Resold
SCRAPED_TXN_00288,SCRAPED_PRD_00288,Books,Luckiest Girl Alive,Unknown,2026-09-01,4484.7,3139.2899999999995,Good,1,2026-09-01,4484.7,Individual,Individual,Books to Scrape,False,0,0,0,0,Unknown,Unknown,False,False,,0,0,0,0,3,Unknown,Unknown,Resold
SCRAPED_TXN_00289,SCRAPED_PRD_00289,Books,Lowriders to the Center of the Earth (Lowriders in Space #2),Unknown,2026-09-01,4635.9,3245.1299999999997,Good,1,2026-09-01,4635.9,Individual,Individual,Books to Scrape,False,0,0,0,0,Unknown,Unknown,False,False,,0,0,0,0,2,Unknown,Unknown,Resold
SCRAPED_TXN_00290,SCRAPED_PRD_00290,Books,Love Is a Mix Tape (Music #1),Unknown,2026-09-01,1622.7,1135.8899999999999,Good,1,2026-09-01,1622.7,Individual,Individual,Books to Scrape,False,0,0,0,0,Unknown,Unknown,False,False,,0,0,0,0,1,Unknown,Unknown,Resold
SCRAPED_TXN_00291,SCRAPED_PRD_00291,Books,Looking for Lovely: Collecting the Moments that Matter,Unknown,2026-09-01,2622.6,1835.8199999999997,Good,1,2026-09-01,2622.6,Individual,Individual,Books to Scrape,False,0,0,0,0,Unknown,Unknown,False,False,,0,0,0,0,5,Unknown,Unknown,Resold
SCRAPED_TXN_00292,SCRAPED_PRD_00292,Books,"Living Leadership by Insight: A Good Leader Achieves, a Great Leader Builds Monuments",Unknown,2026-09-01,4221.9,2955.3299999999995,Good,1,2026-09-01,4221.9,Individual,Individual,Books to Scrape,False,0,0,0,0,Unknown,Unknown,False,False,,0,0,0,0,4,Unknown,Unknown,Resold
SCRAPED_TXN_00293,SCRAPED_PRD_00293,Books,Let It Out: A Journey Through Journaling,Unknown,2026-09-01,2411.1,1687.7699999999998,Good,1,2026-09-01,2411.1,Individual,Individual,Books to Scrape,False,0,0,0,0,Unknown,Unknown,False,False,,0,0,0,0,5,Unknown,Unknown,Resold
SCRAPED_TXN_00294,SCRAPED_PRD_00294,Books,Lady Midnight (The Dark Artifices #1),Unknown,2026-09-01,1465.2,1025.6399999999999,Good,1,2026-09-01,1465.2,Individual,Individual,Books to Scrape,False,0,0,0,0,Unknown,Unknown,False,False,,0,0,0,0,5,Unknown,Unknown,Resold
SCRAPED_TXN_00295,SCRAPED_PRD_00295,Books,"It's All Easy: Healthy, Delicious Weeknight Meals in under 30 Minutes",Unknown,2026-09-01,1759.5,1231.6499999999999,Good,1,2026-09-01,1759.5,Individual,Individual,Books to Scrape,False,0,0,0,0,Unknown,Unknown,False,False,,0,0,0,0,1,Unknown,Unknown,Resold
SCRAPED_TXN_00296,SCRAPED_PRD_00296,Books,Island of Dragons (Unwanteds #7),Unknown,2026-09-01,2668.5,1867.9499999999998,Good,1,2026-09-01,2668.5,Individual,Individual,Books to Scrape,False,0,0,0,0,Unknown,Unknown,False,False,,0,0,0,0,1,Unknown,Unknown,Resold
SCRAPED_TXN_00297,SCRAPED_PRD_00297,Books,I Know What I'm Doing -- and Other Lies I Tell Myself: Dispatches from a Life Under Construction,Unknown,2026-09-01,2338.2,1636.7399999999998,Good,1,2026-09-01,2338.2,Individual,Individual,Books to Scrape,False,0,0,0,0,Unknown,Unknown,False,False,,0,0,0,0,4,Unknown,Unknown,Resold
SCRAPED_TXN_00298,SCRAPED_PRD_00298,Books,I Am Pilgrim (Pilgrim #1),Unknown,2026-09-01,954.0,667.8,Good,1,2026-09-01,954.0,Individual,Individual,Books to Scrape,False,0,0,0,0,Unknown,Unknown,False,False,,0,0,0,0,4,Unknown,Unknown,Resold
SCRAPED_TXN_00299,SCRAPED_PRD_00299,Books,"Hyperbole and a Half: Unfortunate Situations, Flawed Coping Mechanisms, Mayhem, and Other Things That Happened",Unknown,2026-09-01,1327.5,929.2499999999999,Good,1,2026-09-01,1327.5,Individual,Individual,Books to Scrape,False,0,0,0,0,Unknown,Unknown,False,False,,0,0,0,0,5,Unknown,Unknown,Resold
SCRAPED_TXN_00300,SCRAPED_PRD_00300,Books,"Hush, Hush (Hush, Hush #1)",Unknown,2026-09-01,4231.8,2962.2599999999998,Good,1,2026-09-01,4231.8,Individual,Individual,Books to Scrape,False,0,0,0,0,Unknown,Unknown,False,False,,0,0,0,0,3,Unknown,Unknown,Resold
SCRAPED_TXN_00301,SCRAPED_PRD_00301,Books,Hold Your Breath (Search and Rescue #1),Unknown,2026-09-01,2593.8,1815.66,Good,1,2026-09-01,2593.8,Individual,Individual,Books to Scrape,False,0,0,0,0,Unknown,Unknown,False,False,,0,0,0,0,1,Unknown,Unknown,Resold
SCRAPED_TXN_00302,SCRAPED_PRD_00302,Books,Hamilton: The Revolution,Unknown,2026-09-01,5291.1,3703.77,Good,1,2026-09-01,5291.1,Individual,Individual,Books to Scrape,False,0,0,0,0,Unknown,Unknown,False,False,,0,0,0,0,3,Unknown,Unknown,Resold
SCRAPED_TXN_00303,SCRAPED_PRD_00303,Books,Greek Mythic History,Unknown,2026-09-01,920.7,644.49,Good,1,2026-09-01,920.7,Individual,Individual,Books to Scrape,False,0,0,0,0,Unknown,Unknown,False,False,,0,0,0,0,5,Unknown,Unknown,Resold
SCRAPED_TXN_00304,SCRAPED_PRD_00304,Books,God: The Most Unpleasant Character in All Fiction,Unknown,2026-09-01,2702.7000000000003,1891.89,Good,1,2026-09-01,2702.7000000000003,Individual,Individual,Books to Scrape,False,0,0,0,0,Unknown,Unknown,False,False,,0,0,0,0,5,Unknown,Unknown,Resold
SCRAPED_TXN_00305,SCRAPED_PRD_00305,Books,Glory over Everything: Beyond The Kitchen House,Unknown,2026-09-01,4125.6,2887.92,Good,1,2026-09-01,4125.6,Individual,Individual,Books to Scrape,False,0,0,0,0,Unknown,Unknown,False,False,,0,0,0,0,3,Unknown,Unknown,Resold
SCRAPED_TXN_00306,SCRAPED_PRD_00306,Books,Feathers: Displays of Brilliant Plumage,Unknown,2026-09-01,4414.5,3090.1499999999996,Good,1,2026-09-01,4414.5,Individual,Individual,Books to Scrape,False,0,0,0,0,Unknown,Unknown,False,False,,0,0,0,0,3,Unknown,Unknown,Resold
SCRAPED_TXN_00307,SCRAPED_PRD_00307,Books,"Far & Away: Places on the Brink of Change: Seven Continents, Twenty-Five Years",Unknown,2026-09-01,1355.4,948.78,Good,1,2026-09-01,1355.4,Individual,Individual,Books to Scrape,False,0,0,0,0,Unknown,Unknown,False,False,,0,0,0,0,4,Unknown,Unknown,Resold
SCRAPED_TXN_00308,SCRAPED_PRD_00308,Books,Every Last Word,Unknown,2026-09-01,4182.3,2927.61,Good,1,2026-09-01,4182.3,Individual,Individual,Books to Scrape,False,0,0,0,0,Unknown,Unknown,False,False,,0,0,0,0,3,Unknown,Unknown,Resold
SCRAPED_TXN_00309,SCRAPED_PRD_00309,Books,Eligible (The Austen Project #4),Unknown,2026-09-01,2438.1,1706.6699999999998,Good,1,2026-09-01,2438.1,Individual,Individual,Books to Scrape,False,0,0,0,0,Unknown,Unknown,False,False,,0,0,0,0,3,Unknown,Unknown,Resold
SCRAPED_TXN_00310,SCRAPED_PRD_00310,Books,El Deafo,Unknown,2026-09-01,5185.8,3630.06,Good,1,2026-09-01,5185.8,Individual,Individual,Books to Scrape,False,0,0,0,0,Unknown,Unknown,False,False,,0,0,0,0,5,Unknown,Unknown,Resold
SCRAPED_TXN_00311,SCRAPED_PRD_00311,Books,Eight Hundred Grapes,Unknown,2026-09-01,1295.1000000000001,906.57,Good,1,2026-09-01,1295.1000000000001,Individual,Individual,Books to Scrape,False,0,0,0,0,Unknown,Unknown,False,False,,0,0,0,0,4,Unknown,Unknown,Resold
SCRAPED_TXN_00312,SCRAPED_PRD_00312,Books,"Eaternity: More than 150 Deliciously Easy Vegan Recipes for a Long, Healthy, Satisfied, Joyful Life",Unknown,2026-09-01,4657.5,3260.25,Good,1,2026-09-01,4657.5,Individual,Individual,Books to Scrape,False,0,0,0,0,Unknown,Unknown,False,False,,0,0,0,0,5,Unknown,Unknown,Resold
SCRAPED_TXN_00313,SCRAPED_PRD_00313,Books,"Eat Fat, Get Thin",Unknown,2026-09-01,4866.3,3406.41,Good,1,2026-09-01,4866.3,Individual,Individual,Books to Scrape,False,0,0,0,0,Unknown,Unknown,False,False,,0,0,0,0,2,Unknown,Unknown,Resold
SCRAPED_TXN_00314,SCRAPED_PRD_00314,Books,Don't Get Caught,Unknown,2026-09-01,4981.5,3487.0499999999997,Good,1,2026-09-01,4981.5,Individual,Individual,Books to Scrape,False,0,0,0,0,Unknown,Unknown,False,False,,0,0,0,0,1,Unknown,Unknown,Resold
SCRAPED_TXN_00315,SCRAPED_PRD_00315,Books,Doctor Sleep (The Shining #2),Unknown,2026-09-01,3610.7999999999997,2527.5599999999995,Good,1,2026-09-01,3610.7999999999997,Individual,Individual,Books to Scrape,False,0,0,0,0,Unknown,Unknown,False,False,,0,0,0,0,2,Unknown,Unknown,Resold
SCRAPED_TXN_00316,SCRAPED_PRD_00316,Books,Demigods & Magicians: Percy and Annabeth Meet the Kanes (Percy Jackson & Kane Chronicles Crossover #1-3),Unknown,2026-09-01,3375.8999999999996,2363.1299999999997,Good,1,2026-09-01,3375.8999999999996,Individual,Individual,Books to Scrape,False,0,0,0,0,Unknown,Unknown,False,False,,0,0,0,0,5,Unknown,Unknown,Resold
SCRAPED_TXN_00317,SCRAPED_PRD_00317,Books,Dear Mr. Knightley,Unknown,2026-09-01,1008.9000000000001,706.23,Good,1,2026-09-01,1008.9000000000001,Individual,Individual,Books to Scrape,False,0,0,0,0,Unknown,Unknown,False,False,,0,0,0,0,5,Unknown,Unknown,Resold
SCRAPED_TXN_00318,SCRAPED_PRD_00318,Books,Daily Fantasy Sports,Unknown,2026-09-01,3292.2,2304.5399999999995,Good,1,2026-09-01,3292.2,Individual,Individual,Books to Scrape,False,0,0,0,0,Unknown,Unknown,False,False,,0,0,0,0,1,Unknown,Unknown,Resold
SCRAPED_TXN_00319,SCRAPED_PRD_00319,Books,Crazy Love: Overwhelmed by a Relentless God,Unknown,2026-09-01,4294.8,3006.36,Good,1,2026-09-01,4294.8,Individual,Individual,Books to Scrape,False,0,0,0,0,Unknown,Unknown,False,False,,0,0,0,0,2,Unknown,Unknown,Resold
SCRAPED_TXN_00320,SCRAPED_PRD_00320,Books,Cometh the Hour (The Clifton Chronicles #6),Unknown,2026-09-01,2250.9,1575.6299999999999,Good,1,2026-09-01,2250.9,Individual,Individual,Books to Scrape,False,0,0,0,0,Unknown,Unknown,False,False,,0,0,0,0,3,Unknown,Unknown,Resold
SCRAPED_TXN_00321,SCRAPED_PRD_00321,Books,Code Name Verity (Code Name Verity #1),Unknown,2026-09-01,1991.6999999999998,1394.1899999999998,Good,1,2026-09-01,1991.6999999999998,Individual,Individual,Books to Scrape,False,0,0,0,0,Unknown,Unknown,False,False,,0,0,0,0,4,Unknown,Unknown,Resold
SCRAPED_TXN_00322,SCRAPED_PRD_00322,Books,Clockwork Angel (The Infernal Devices #1),Unknown,2026-09-01,3972.6,2780.8199999999997,Good,1,2026-09-01,3972.6,Individual,Individual,Books to Scrape,False,0,0,0,0,Unknown,Unknown,False,False,,0,0,0,0,1,Unknown,Unknown,Resold
SCRAPED_TXN_00323,SCRAPED_PRD_00323,Books,City of Glass (The Mortal Instruments #3),Unknown,2026-09-01,5041.8,3529.2599999999998,Good,1,2026-09-01,5041.8,Individual,Individual,Books to Scrape,False,0,0,0,0,Unknown,Unknown,False,False,,0,0,0,0,4,Unknown,Unknown,Resold
SCRAPED_TXN_00324,SCRAPED_PRD_00324,Books,City of Fallen Angels (The Mortal Instruments #4),Unknown,2026-09-01,1010.7,707.49,Good,1,2026-09-01,1010.7,Individual,Individual,Books to Scrape,False,0,0,0,0,Unknown,Unknown,False,False,,0,0,0,0,4,Unknown,Unknown,Resold
SCRAPED_TXN_00325,SCRAPED_PRD_00325,Books,City of Bones (The Mortal Instruments #1),Unknown,2026-09-01,3895.2000000000003,2726.64,Good,1,2026-09-01,3895.2000000000003,Individual,Individual,Books to Scrape,False,0,0,0,0,Unknown,Unknown,False,False,,0,0,0,0,1,Unknown,Unknown,Resold
SCRAPED_TXN_00326,SCRAPED_PRD_00326,Books,City of Ashes (The Mortal Instruments #2),Unknown,2026-09-01,4254.3,2978.0099999999998,Good,1,2026-09-01,4254.3,Individual,Individual,Books to Scrape,False,0,0,0,0,Unknown,Unknown,False,False,,0,0,0,0,1,Unknown,Unknown,Resold
SCRAPED_TXN_00327,SCRAPED_PRD_00327,Books,Cell,Unknown,2026-09-01,1826.1,1278.2699999999998,Good,1,2026-09-01,1826.1,Individual,Individual,Books to Scrape,False,0,0,0,0,Unknown,Unknown,False,False,,0,0,0,0,4,Unknown,Unknown,Resold
SCRAPED_TXN_00328,SCRAPED_PRD_00328,Books,Catching Jordan (Hundred Oaks),Unknown,2026-09-01,4574.7,3202.2899999999995,Good,1,2026-09-01,4574.7,Individual,Individual,Books to Scrape,False,0,0,0,0,Unknown,Unknown,False,False,,0,0,0,0,3,Unknown,Unknown,Resold
SCRAPED_TXN_00329,SCRAPED_PRD_00329,Books,"Carry On, Warrior: Thoughts on Life Unarmed",Unknown,2026-09-01,2866.5,2006.55,Good,1,2026-09-01,2866.5,Individual,Individual,Books to Scrape,False,0,0,0,0,Unknown,Unknown,False,False,,0,0,0,0,3,Unknown,Unknown,Resold
SCRAPED_TXN_00330,SCRAPED_PRD_00330,Books,Carrie,Unknown,2026-09-01,4160.7,2912.49,Good,1,2026-09-01,4160.7,Individual,Individual,Books to Scrape,False,0,0,0,0,Unknown,Unknown,False,False,,0,0,0,0,2,Unknown,Unknown,Resold
SCRAPED_TXN_00331,SCRAPED_PRD_00331,Books,Buying In: The Secret Dialogue Between What We Buy and Who We Are,Unknown,2026-09-01,3401.9999999999995,2381.3999999999996,Good,1,2026-09-01,3401.9999999999995,Individual,Individual,Books to Scrape,False,0,0,0,0,Unknown,Unknown,False,False,,0,0,0,0,4,Unknown,Unknown,Resold
SCRAPED_TXN_00332,SCRAPED_PRD_00332,Books,Brain on Fire: My Month of Madness,Unknown,2026-09-01,4438.8,3107.16,Good,1,2026-09-01,4438.8,Individual,Individual,Books to Scrape,False,0,0,0,0,Unknown,Unknown,False,False,,0,0,0,0,5,Unknown,Unknown,Resold
SCRAPED_TXN_00333,SCRAPED_PRD_00333,Books,Batman: Europa,Unknown,2026-09-01,2880.8999999999996,2016.6299999999997,Good,1,2026-09-01,2880.8999999999996,Individual,Individual,Books to Scrape,False,0,0,0,0,Unknown,Unknown,False,False,,0,0,0,0,2,Unknown,Unknown,Resold
SCRAPED_TXN_00334,SCRAPED_PRD_00334,Books,Barefoot Contessa Back to Basics,Unknown,2026-09-01,2520.9,1764.6299999999999,Good,1,2026-09-01,2520.9,Individual,Individual,Books to Scrape,False,0,0,0,0,Unknown,Unknown,False,False,,0,0,0,0,1,Unknown,Unknown,Resold
SCRAPED_TXN_00335,SCRAPED_PRD_00335,Books,Barefoot Contessa at Home: Everyday Recipes You'll Make Over and Over Again,Unknown,2026-09-01,4555.8,3189.06,Good,1,2026-09-01,4555.8,Individual,Individual,Books to Scrape,False,0,0,0,0,Unknown,Unknown,False,False,,0,0,0,0,5,Unknown,Unknown,Resold
SCRAPED_TXN_00336,SCRAPED_PRD_00336,Books,Balloon Animals,Unknown,2026-09-01,1532.7,1072.8899999999999,Good,1,2026-09-01,1532.7,Individual,Individual,Books to Scrape,False,0,0,0,0,Unknown,Unknown,False,False,,0,0,0,0,3,Unknown,Unknown,Resold
SCRAPED_TXN_00337,SCRAPED_PRD_00337,Books,Art Ops Vol. 1,Unknown,2026-09-01,4392.0,3074.3999999999996,Good,1,2026-09-01,4392.0,Individual,Individual,Books to Scrape,False,0,0,0,0,Unknown,Unknown,False,False,,0,0,0,0,3,Unknown,Unknown,Resold
SCRAPED_TXN_00338,SCRAPED_PRD_00338,Books,Aristotle and Dante Discover the Secrets of the Universe (Aristotle and Dante Discover the Secrets of the Universe #1),Unknown,2026-09-01,5232.6,3662.82,Good,1,2026-09-01,5232.6,Individual,Individual,Books to Scrape,False,0,0,0,0,Unknown,Unknown,False,False,,0,0,0,0,4,Unknown,Unknown,Resold
SCRAPED_TXN_00339,SCRAPED_PRD_00339,Books,Angels Walking (Angels Walking #1),Unknown,2026-09-01,3078.0000000000005,2154.6000000000004,Good,1,2026-09-01,3078.0000000000005,Individual,Individual,Books to Scrape,False,0,0,0,0,Unknown,Unknown,False,False,,0,0,0,0,2,Unknown,Unknown,Resold
SCRAPED_TXN_00340,SCRAPED_PRD_00340,Books,Angels & Demons (Robert Langdon #1),Unknown,2026-09-01,4633.2,3243.24,Good,1,2026-09-01,4633.2,Individual,Individual,Books to Scrape,False,0,0,0,0,Unknown,Unknown,False,False,,0,0,0,0,3,Unknown,Unknown,Resold
SCRAPED_TXN_00341,SCRAPED_PRD_00341,Books,All the Light We Cannot See,Unknown,2026-09-01,2688.3,1881.81,Good,1,2026-09-01,2688.3,Individual,Individual,Books to Scrape,False,0,0,0,0,Unknown,Unknown,False,False,,0,0,0,0,5,Unknown,Unknown,Resold
SCRAPED_TXN_00342,SCRAPED_PRD_00342,Books,"Adulthood Is a Myth: A ""Sarah's Scribbles"" Collection",Unknown,2026-09-01,981.0,686.6999999999999,Good,1,2026-09-01,981.0,Individual,Individual,Books to Scrape,False,0,0,0,0,Unknown,Unknown,False,False,,0,0,0,0,2,Unknown,Unknown,Resold
SCRAPED_TXN_00343,SCRAPED_PRD_00343,Books,Abstract City,Unknown,2026-09-01,5073.3,3551.31,Good,1,2026-09-01,5073.3,Individual,Individual,Books to Scrape,False,0,0,0,0,Unknown,Unknown,False,False,,0,0,0,0,5,Unknown,Unknown,Resold
SCRAPED_TXN_00344,SCRAPED_PRD_00344,Books,A Time of Torment (Charlie Parker #14),Unknown,2026-09-01,4351.5,3046.0499999999997,Good,1,2026-09-01,4351.5,Individual,Individual,Books to Scrape,False,0,0,0,0,Unknown,Unknown,False,False,,0,0,0,0,5,Unknown,Unknown,Resold
SCRAPED_TXN_00345,SCRAPED_PRD_00345,Books,A Study in Scarlet (Sherlock Holmes #1),Unknown,2026-09-01,1505.7,1053.99,Good,1,2026-09-01,1505.7,Individual,Individual,Books to Scrape,False,0,0,0,0,Unknown,Unknown,False,False,,0,0,0,0,2,Unknown,Unknown,Resold
SCRAPED_TXN_00346,SCRAPED_PRD_00346,Books,"A Series of Catastrophes and Miracles: A True Story of Love, Science, and Cancer",Unknown,2026-09-01,5083.2,3558.24,Good,1,2026-09-01,5083.2,Individual,Individual,Books to Scrape,False,0,0,0,0,Unknown,Unknown,False,False,,0,0,0,0,2,Unknown,Unknown,Resold
SCRAPED_TXN_00347,SCRAPED_PRD_00347,Books,A People's History of the United States,Unknown,2026-09-01,3671.1,2569.77,Good,1,2026-09-01,3671.1,Individual,Individual,Books to Scrape,False,0,0,0,0,Unknown,Unknown,False,False,,0,0,0,0,2,Unknown,Unknown,Resold
SCRAPED_TXN_00348,SCRAPED_PRD_00348,Books,A Man Called Ove,Unknown,2026-09-01,3574.7999999999997,2502.3599999999997,Good,1,2026-09-01,3574.7999999999997,Individual,Individual,Books to Scrape,False,0,0,0,0,Unknown,Unknown,False,False,,0,0,0,0,1,Unknown,Unknown,Resold
SCRAPED_TXN_00349,SCRAPED_PRD_00349,Books,A Distant Mirror: The Calamitous 14th Century,Unknown,2026-09-01,1312.2,918.54,Good,1,2026-09-01,1312.2,Individual,Individual,Books to Scrape,False,0,0,0,0,Unknown,Unknown,False,False,,0,0,0,0,3,Unknown,Unknown,Resold
SCRAPED_TXN_00350,SCRAPED_PRD_00350,Books,A Brush of Wings (Angels Walking #3),Unknown,2026-09-01,4995.9,3497.1299999999997,Good,1,2026-09-01,4995.9,Individual,Individual,Books to Scrape,False,0,0,0,0,Unknown,Unknown,False,False,,0,0,0,0,1,Unknown,Unknown,Resold
SCRAPED_TXN_00351,SCRAPED_PRD_00351,Books,1491: New Revelations of the Americas Before Columbus,Unknown,2026-09-01,1962.0,1373.3999999999999,Good,1,2026-09-01,1962.0,Individual,Individual,Books to Scrape,False,0,0,0,0,Unknown,Unknown,False,False,,0,0,0,0,3,Unknown,Unknown,Resold
SCRAPED_TXN_00352,SCRAPED_PRD_00352,Books,"The Three Searches, Meaning, and the Story",Unknown,2026-09-01,1199.7,839.79,Good,1,2026-09-01,1199.7,Individual,Individual,Books to Scrape,False,0,0,0,0,Unknown,Unknown,False,False,,0,0,0,0,3,Unknown,Unknown,Resold
SCRAPED_TXN_00353,SCRAPED_PRD_00353,Books,Searching for Meaning in Gailana,Unknown,2026-09-01,3485.7,2439.99,Good,1,2026-09-01,3485.7,Individual,Individual,Books to Scrape,False,0,0,0,0,Unknown,Unknown,False,False,,0,0,0,0,1,Unknown,Unknown,Resold
SCRAPED_TXN_00354,SCRAPED_PRD_00354,Books,Rook,Unknown,2026-09-01,3407.4,2385.18,Good,1,2026-09-01,3407.4,Individual,Individual,Books to Scrape,False,0,0,0,0,Unknown,Unknown,False,False,,0,0,0,0,4,Unknown,Unknown,Resold
SCRAPED_TXN_00355,SCRAPED_PRD_00355,Books,My Kitchen Year: 136 Recipes That Saved My Life,Unknown,2026-09-01,1037.7,726.39,Good,1,2026-09-01,1037.7,Individual,Individual,Books to Scrape,False,0,0,0,0,Unknown,Unknown,False,False,,0,0,0,0,2,Unknown,Unknown,Resold
SCRAPED_TXN_00356,SCRAPED_PRD_00356,Books,13 Hours: The Inside Account of What Really Happened In Benghazi,Unknown,2026-09-01,2435.4,1704.78,Good,1,2026-09-01,2435.4,Individual,Individual,Books to Scrape,False,0,0,0,0,Unknown,Unknown,False,False,,0,0,0,0,1,Unknown,Unknown,Resold
SCRAPED_TXN_00357,SCRAPED_PRD_00357,Books,Will You Won't You Want Me?,Unknown,2026-09-01,1247.3999999999999,873.1799999999998,Good,1,2026-09-01,1247.3999999999999,Individual,Individual,Books to Scrape,False,0,0,0,0,Unknown,Unknown,False,False,,0,0,0,0,3,Unknown,Unknown,Resold
SCRAPED_TXN_00358,SCRAPED_PRD_00358,Books,Tipping Point for Planet Earth: How Close Are We to the Edge?,Unknown,2026-09-01,3379.4999999999995,2365.6499999999996,Good,1,2026-09-01,3379.4999999999995,Individual,Individual,Books to Scrape,False,0,0,0,0,Unknown,Unknown,False,False,,0,0,0,0,1,Unknown,Unknown,Resold
SCRAPED_TXN_00359,SCRAPED_PRD_00359,Books,The Star-Touched Queen,Unknown,2026-09-01,2906.9999999999995,2034.8999999999996,Good,1,2026-09-01,2906.9999999999995,Individual,Individual,Books to Scrape,False,0,0,0,0,Unknown,Unknown,False,False,,0,0,0,0,5,Unknown,Unknown,Resold
SCRAPED_TXN_00360,SCRAPED_PRD_00360,Books,The Silent Sister (Riley MacPherson #1),Unknown,2026-09-01,4166.1,2916.27,Good,1,2026-09-01,4166.1,Individual,Individual,Books to Scrape,False,0,0,0,0,Unknown,Unknown,False,False,,0,0,0,0,5,Unknown,Unknown,Resold
SCRAPED_TXN_00361,SCRAPED_PRD_00361,Books,The Midnight Watch: A Novel of the Titanic and the Californian,Unknown,2026-09-01,2358.0,1650.6,Good,1,2026-09-01,2358.0,Individual,Individual,Books to Scrape,False,0,0,0,0,Unknown,Unknown,False,False,,0,0,0,0,1,Unknown,Unknown,Resold
SCRAPED_TXN_00362,SCRAPED_PRD_00362,Books,The Lonely City: Adventures in the Art of Being Alone,Unknown,2026-09-01,2993.3999999999996,2095.3799999999997,Good,1,2026-09-01,2993.3999999999996,Individual,Individual,Books to Scrape,False,0,0,0,0,Unknown,Unknown,False,False,,0,0,0,0,2,Unknown,Unknown,Resold
SCRAPED_TXN_00363,SCRAPED_PRD_00363,Books,The Gray Rhino: How to Recognize and Act on the Obvious Dangers We Ignore,Unknown,2026-09-01,5323.5,3726.45,Good,1,2026-09-01,5323.5,Individual,Individual,Books to Scrape,False,0,0,0,0,Unknown,Unknown,False,False,,0,0,0,0,4,Unknown,Unknown,Resold
SCRAPED_TXN_00364,SCRAPED_PRD_00364,Books,The Golden Condom: And Other Essays on Love Lost and Found,Unknown,2026-09-01,3548.7,2484.0899999999997,Good,1,2026-09-01,3548.7,Individual,Individual,Books to Scrape,False,0,0,0,0,Unknown,Unknown,False,False,,0,0,0,0,1,Unknown,Unknown,Resold
SCRAPED_TXN_00365,SCRAPED_PRD_00365,Books,The Epidemic (The Program 0.6),Unknown,2026-09-01,1299.6,909.7199999999999,Good,1,2026-09-01,1299.6,Individual,Individual,Books to Scrape,False,0,0,0,0,Unknown,Unknown,False,False,,0,0,0,0,5,Unknown,Unknown,Resold
SCRAPED_TXN_00366,SCRAPED_PRD_00366,Books,The Dinner Party,Unknown,2026-09-01,5088.6,3562.02,Good,1,2026-09-01,5088.6,Individual,Individual,Books to Scrape,False,0,0,0,0,Unknown,Unknown,False,False,,0,0,0,0,2,Unknown,Unknown,Resold
SCRAPED_TXN_00367,SCRAPED_PRD_00367,Books,The Diary of a Young Girl,Unknown,2026-09-01,5391.0,3773.7,Good,1,2026-09-01,5391.0,Individual,Individual,Books to Scrape,False,0,0,0,0,Unknown,Unknown,False,False,,0,0,0,0,3,Unknown,Unknown,Resold
SCRAPED_TXN_00368,SCRAPED_PRD_00368,Books,The Children,Unknown,2026-09-01,1069.2,748.4399999999999,Good,1,2026-09-01,1069.2,Individual,Individual,Books to Scrape,False,0,0,0,0,Unknown,Unknown,False,False,,0,0,0,0,3,Unknown,Unknown,Resold
SCRAPED_TXN_00369,SCRAPED_PRD_00369,Books,Stars Above (The Lunar Chronicles #4.5),Unknown,2026-09-01,4324.5,3027.1499999999996,Good,1,2026-09-01,4324.5,Individual,Individual,Books to Scrape,False,0,0,0,0,Unknown,Unknown,False,False,,0,0,0,0,2,Unknown,Unknown,Resold
SCRAPED_TXN_00370,SCRAPED_PRD_00370,Books,Snatched: How A Drug Queen Went Undercover for the DEA and Was Kidnapped By Colombian Guerillas,Unknown,2026-09-01,1908.9,1336.23,Good,1,2026-09-01,1908.9,Individual,Individual,Books to Scrape,False,0,0,0,0,Unknown,Unknown,False,False,,0,0,0,0,3,Unknown,Unknown,Resold
SCRAPED_TXN_00371,SCRAPED_PRD_00371,Books,Raspberry Pi Electronics Projects for the Evil Genius,Unknown,2026-09-01,4470.3,3129.21,Good,1,2026-09-01,4470.3,Individual,Individual,Books to Scrape,False,0,0,0,0,Unknown,Unknown,False,False,,0,0,0,0,4,Unknown,Unknown,Resold
SCRAPED_TXN_00372,SCRAPED_PRD_00372,Books,Quench Your Own Thirst: Business Lessons Learned Over a Beer or Two,Unknown,2026-09-01,3882.6,2717.8199999999997,Good,1,2026-09-01,3882.6,Individual,Individual,Books to Scrape,False,0,0,0,0,Unknown,Unknown,False,False,,0,0,0,0,1,Unknown,Unknown,Resold
SCRAPED_TXN_00373,SCRAPED_PRD_00373,Books,Psycho: Sanitarium (Psycho #1.5),Unknown,2026-09-01,3327.2999999999997,2329.1099999999997,Good,1,2026-09-01,3327.2999999999997,Individual,Individual,Books to Scrape,False,0,0,0,0,Unknown,Unknown,False,False,,0,0,0,0,5,Unknown,Unknown,Resold
SCRAPED_TXN_00374,SCRAPED_PRD_00374,Books,Poisonous (Max Revere Novels #3),Unknown,2026-09-01,2412.0,1688.3999999999999,Good,1,2026-09-01,2412.0,Individual,Individual,Books to Scrape,False,0,0,0,0,Unknown,Unknown,False,False,,0,0,0,0,3,Unknown,Unknown,Resold
SCRAPED_TXN_00375,SCRAPED_PRD_00375,Books,One with You (Crossfire #5),Unknown,2026-09-01,1413.9,989.73,Good,1,2026-09-01,1413.9,Individual,Individual,Books to Scrape,False,0,0,0,0,Unknown,Unknown,False,False,,0,0,0,0,4,Unknown,Unknown,Resold
SCRAPED_TXN_00376,SCRAPED_PRD_00376,Books,No Love Allowed (Dodge Cove #1),Unknown,2026-09-01,4918.5,3442.95,Good,1,2026-09-01,4918.5,Individual,Individual,Books to Scrape,False,0,0,0,0,Unknown,Unknown,False,False,,0,0,0,0,4,Unknown,Unknown,Resold
SCRAPED_TXN_00377,SCRAPED_PRD_00377,Books,Murder at the 42nd Street Library (Raymond Ambler #1),Unknown,2026-09-01,4892.4,3424.6799999999994,Good,1,2026-09-01,4892.4,Individual,Individual,Books to Scrape,False,0,0,0,0,Unknown,Unknown,False,False,,0,0,0,0,4,Unknown,Unknown,Resold
SCRAPED_TXN_00378,SCRAPED_PRD_00378,Books,Most Wanted,Unknown,2026-09-01,3175.2000000000003,2222.64,Good,1,2026-09-01,3175.2000000000003,Individual,Individual,Books to Scrape,False,0,0,0,0,Unknown,Unknown,False,False,,0,0,0,0,3,Unknown,Unknown,Resold
SCRAPED_TXN_00379,SCRAPED_PRD_00379,Books,"Love, Lies and Spies",Unknown,2026-09-01,1849.5,1294.6499999999999,Good,1,2026-09-01,1849.5,Individual,Individual,Books to Scrape,False,0,0,0,0,Unknown,Unknown,False,False,,0,0,0,0,2,Unknown,Unknown,Resold
SCRAPED_TXN_00380,SCRAPED_PRD_00380,Books,How to Speak Golf: An Illustrated Guide to Links Lingo,Unknown,2026-09-01,5248.8,3674.16,Good,1,2026-09-01,5248.8,Individual,Individual,Books to Scrape,False,0,0,0,0,Unknown,Unknown,False,False,,0,0,0,0,5,Unknown,Unknown,Resold
SCRAPED_TXN_00381,SCRAPED_PRD_00381,Books,Hide Away (Eve Duncan #20),Unknown,2026-09-01,1065.6,745.9199999999998,Good,1,2026-09-01,1065.6,Individual,Individual,Books to Scrape,False,0,0,0,0,Unknown,Unknown,False,False,,0,0,0,0,1,Unknown,Unknown,Resold
SCRAPED_TXN_00382,SCRAPED_PRD_00382,Books,Furiously Happy: A Funny Book About Horrible Things,Unknown,2026-09-01,3731.4,2611.98,Good,1,2026-09-01,3731.4,Individual,Individual,Books to Scrape,False,0,0,0,0,Unknown,Unknown,False,False,,0,0,0,0,4,Unknown,Unknown,Resold
SCRAPED_TXN_00383,SCRAPED_PRD_00383,Books,Everyday Italian: 125 Simple and Delicious Recipes,Unknown,2026-09-01,1809.0000000000002,1266.3000000000002,Good,1,2026-09-01,1809.0000000000002,Individual,Individual,Books to Scrape,False,0,0,0,0,Unknown,Unknown,False,False,,0,0,0,0,5,Unknown,Unknown,Resold
SCRAPED_TXN_00384,SCRAPED_PRD_00384,Books,Equal Is Unfair: America's Misguided Fight Against Income Inequality,Unknown,2026-09-01,5117.4,3582.1799999999994,Good,1,2026-09-01,5117.4,Individual,Individual,Books to Scrape,False,0,0,0,0,Unknown,Unknown,False,False,,0,0,0,0,1,Unknown,Unknown,Resold
SCRAPED_TXN_00385,SCRAPED_PRD_00385,Books,Eleanor & Park,Unknown,2026-09-01,5085.9,3560.1299999999997,Good,1,2026-09-01,5085.9,Individual,Individual,Books to Scrape,False,0,0,0,0,Unknown,Unknown,False,False,,0,0,0,0,5,Unknown,Unknown,Resold
SCRAPED_TXN_00386,SCRAPED_PRD_00386,Books,Dirty (Dive Bar #1),Unknown,2026-09-01,3674.7,2572.2899999999995,Good,1,2026-09-01,3674.7,Individual,Individual,Books to Scrape,False,0,0,0,0,Unknown,Unknown,False,False,,0,0,0,0,4,Unknown,Unknown,Resold
SCRAPED_TXN_00387,SCRAPED_PRD_00387,Books,Can You Keep a Secret? (Fear Street Relaunch #4),Unknown,2026-09-01,4377.6,3064.32,Good,1,2026-09-01,4377.6,Individual,Individual,Books to Scrape,False,0,0,0,0,Unknown,Unknown,False,False,,0,0,0,0,1,Unknown,Unknown,Resold
SCRAPED_TXN_00388,SCRAPED_PRD_00388,Books,Boar Island (Anna Pigeon #19),Unknown,2026-09-01,5353.2,3747.24,Good,1,2026-09-01,5353.2,Individual,Individual,Books to Scrape,False,0,0,0,0,Unknown,Unknown,False,False,,0,0,0,0,3,Unknown,Unknown,Resold
SCRAPED_TXN_00389,SCRAPED_PRD_00389,Books,A Paris Apartment,Unknown,2026-09-01,3510.8999999999996,2457.6299999999997,Good,1,2026-09-01,3510.8999999999996,Individual,Individual,Books to Scrape,False,0,0,0,0,Unknown,Unknown,False,False,,0,0,0,0,4,Unknown,Unknown,Resold
SCRAPED_TXN_00390,SCRAPED_PRD_00390,Books,"A la Mode: 120 Recipes in 60 Pairings: Pies, Tarts, Cakes, Crisps, and More Topped with Ice Cream, Gelato, Frozen Custard, and More",Unknown,2026-09-01,3489.3,2442.5099999999998,Good,1,2026-09-01,3489.3,Individual,Individual,Books to Scrape,False,0,0,0,0,Unknown,Unknown,False,False,,0,0,0,0,1,Unknown,Unknown,Resold
SCRAPED_TXN_00391,SCRAPED_PRD_00391,Books,Troublemaker: Surviving Hollywood and Scientology,Unknown,2026-09-01,4355.1,3048.57,Good,1,2026-09-01,4355.1,Individual,Individual,Books to Scrape,False,0,0,0,0,Unknown,Unknown,False,False,,0,0,0,0,2,Unknown,Unknown,Resold
SCRAPED_TXN_00392,SCRAPED_PRD_00392,Books,The Widow,Unknown,2026-09-01,2453.4,1717.3799999999999,Good,1,2026-09-01,2453.4,Individual,Individual,Books to Scrape,False,0,0,0,0,Unknown,Unknown,False,False,,0,0,0,0,2,Unknown,Unknown,Resold
SCRAPED_TXN_00393,SCRAPED_PRD_00393,Books,"The Sleep Revolution: Transforming Your Life, One Night at a Time",Unknown,2026-09-01,1051.2,735.84,Good,1,2026-09-01,1051.2,Individual,Individual,Books to Scrape,False,0,0,0,0,Unknown,Unknown,False,False,,0,0,0,0,4,Unknown,Unknown,Resold
SCRAPED_TXN_00394,SCRAPED_PRD_00394,Books,The Improbability of Love,Unknown,2026-09-01,5350.5,3745.35,Good,1,2026-09-01,5350.5,Individual,Individual,Books to Scrape,False,0,0,0,0,Unknown,Unknown,False,False,,0,0,0,0,1,Unknown,Unknown,Resold
SCRAPED_TXN_00395,SCRAPED_PRD_00395,Books,The Art of Startup Fundraising,Unknown,2026-09-01,1890.0,1323.0,Good,1,2026-09-01,1890.0,Individual,Individual,Books to Scrape,False,0,0,0,0,Unknown,Unknown,False,False,,0,0,0,0,3,Unknown,Unknown,Resold
SCRAPED_TXN_00396,SCRAPED_PRD_00396,Books,Take Me Home Tonight (Rock Star Romance #3),Unknown,2026-09-01,4858.2,3400.74,Good,1,2026-09-01,4858.2,Individual,Individual,Books to Scrape,False,0,0,0,0,Unknown,Unknown,False,False,,0,0,0,0,3,Unknown,Unknown,Resold
SCRAPED_TXN_00397,SCRAPED_PRD_00397,Books,Sleeping Giants (Themis Files #1),Unknown,2026-09-01,4386.6,3070.62,Good,1,2026-09-01,4386.6,Individual,Individual,Books to Scrape,False,0,0,0,0,Unknown,Unknown,False,False,,0,0,0,0,1,Unknown,Unknown,Resold
SCRAPED_TXN_00398,SCRAPED_PRD_00398,Books,"Setting the World on Fire: The Brief, Astonishing Life of St. Catherine of Siena",Unknown,2026-09-01,1903.4999999999998,1332.4499999999998,Good,1,2026-09-01,1903.4999999999998,Individual,Individual,Books to Scrape,False,0,0,0,0,Unknown,Unknown,False,False,,0,0,0,0,2,Unknown,Unknown,Resold
SCRAPED_TXN_00399,SCRAPED_PRD_00399,Books,Playing with Fire,Unknown,2026-09-01,1233.9,863.73,Good,1,2026-09-01,1233.9,Individual,Individual,Books to Scrape,False,0,0,0,0,Unknown,Unknown,False,False,,0,0,0,0,3,Unknown,Unknown,Resold
SCRAPED_TXN_00400,SCRAPED_PRD_00400,Books,Off the Hook (Fishing for Trouble #1),Unknown,2026-09-01,4290.3,3003.21,Good,1,2026-09-01,4290.3,Individual,Individual,Books to Scrape,False,0,0,0,0,Unknown,Unknown,False,False,,0,0,0,0,3,Unknown,Unknown,Resold
SCRAPED_TXN_00401,SCRAPED_PRD_00401,Books,Mothering Sunday,Unknown,2026-09-01,1200.6,840.4199999999998,Good,1,2026-09-01,1200.6,Individual,Individual,Books to Scrape,False,0,0,0,0,Unknown,Unknown,False,False,,0,0,0,0,2,Unknown,Unknown,Resold
SCRAPED_TXN_00402,SCRAPED_PRD_00402,Books,"Mother, Can You Not?",Unknown,2026-09-01,1520.1000000000001,1064.07,Good,1,2026-09-01,1520.1000000000001,Individual,Individual,Books to Scrape,False,0,0,0,0,Unknown,Unknown,False,False,,0,0,0,0,5,Unknown,Unknown,Resold
SCRAPED_TXN_00403,SCRAPED_PRD_00403,Books,M Train,Unknown,2026-09-01,2446.2,1712.3399999999997,Good,1,2026-09-01,2446.2,Individual,Individual,Books to Scrape,False,0,0,0,0,Unknown,Unknown,False,False,,0,0,0,0,1,Unknown,Unknown,Resold
SCRAPED_TXN_00404,SCRAPED_PRD_00404,Books,Lilac Girls,Unknown,2026-09-01,1555.2,1088.6399999999999,Good,1,2026-09-01,1555.2,Individual,Individual,Books to Scrape,False,0,0,0,0,Unknown,Unknown,False,False,,0,0,0,0,2,Unknown,Unknown,Resold
SCRAPED_TXN_00405,SCRAPED_PRD_00405,Books,Lies and Other Acts of Love,Unknown,2026-09-01,4062.6,2843.8199999999997,Good,1,2026-09-01,4062.6,Individual,Individual,Books to Scrape,False,0,0,0,0,Unknown,Unknown,False,False,,0,0,0,0,1,Unknown,Unknown,Resold
SCRAPED_TXN_00406,SCRAPED_PRD_00406,Books,Lab Girl,Unknown,2026-09-01,3676.5,2573.5499999999997,Good,1,2026-09-01,3676.5,Individual,Individual,Books to Scrape,False,0,0,0,0,Unknown,Unknown,False,False,,0,0,0,0,1,Unknown,Unknown,Resold
SCRAPED_TXN_00407,SCRAPED_PRD_00407,Books,Keep Me Posted,Unknown,2026-09-01,1841.4,1288.98,Good,1,2026-09-01,1841.4,Individual,Individual,Books to Scrape,False,0,0,0,0,Unknown,Unknown,False,False,,0,0,0,0,4,Unknown,Unknown,Resold
SCRAPED_TXN_00408,SCRAPED_PRD_00408,Books,It Didn't Start with You: How Inherited Family Trauma Shapes Who We Are and How to End the Cycle,Unknown,2026-09-01,5064.3,3545.0099999999998,Good,1,2026-09-01,5064.3,Individual,Individual,Books to Scrape,False,0,0,0,0,Unknown,Unknown,False,False,,0,0,0,0,3,Unknown,Unknown,Resold
SCRAPED_TXN_00409,SCRAPED_PRD_00409,Books,Grey (Fifty Shades #4),Unknown,2026-09-01,4364.1,3054.87,Good,1,2026-09-01,4364.1,Individual,Individual,Books to Scrape,False,0,0,0,0,Unknown,Unknown,False,False,,0,0,0,0,4,Unknown,Unknown,Resold
SCRAPED_TXN_00410,SCRAPED_PRD_00410,Books,"Exit, Pursued by a Bear",Unknown,2026-09-01,4620.6,3234.42,Good,1,2026-09-01,4620.6,Individual,Individual,Books to Scrape,False,0,0,0,0,Unknown,Unknown,False,False,,0,0,0,0,4,Unknown,Unknown,Resold
SCRAPED_TXN_00411,SCRAPED_PRD_00411,Books,Daredevils,Unknown,2026-09-01,1470.6,1029.4199999999998,Good,1,2026-09-01,1470.6,Individual,Individual,Books to Scrape,False,0,0,0,0,Unknown,Unknown,False,False,,0,0,0,0,3,Unknown,Unknown,Resold
SCRAPED_TXN_00412,SCRAPED_PRD_00412,Books,Cravings: Recipes for What You Want to Eat,Unknown,2026-09-01,1845.0,1291.5,Good,1,2026-09-01,1845.0,Individual,Individual,Books to Scrape,False,0,0,0,0,Unknown,Unknown,False,False,,0,0,0,0,3,Unknown,Unknown,Resold
SCRAPED_TXN_00413,SCRAPED_PRD_00413,Books,Born for This: How to Find the Work You Were Meant to Do,Unknown,2026-09-01,1943.1,1360.1699999999998,Good,1,2026-09-01,1943.1,Individual,Individual,Books to Scrape,False,0,0,0,0,Unknown,Unknown,False,False,,0,0,0,0,5,Unknown,Unknown,Resold
SCRAPED_TXN_00414,SCRAPED_PRD_00414,Books,Arena,Unknown,2026-09-01,1922.3999999999999,1345.6799999999998,Good,1,2026-09-01,1922.3999999999999,Individual,Individual,Books to Scrape,False,0,0,0,0,Unknown,Unknown,False,False,,0,0,0,0,4,Unknown,Unknown,Resold
SCRAPED_TXN_00415,SCRAPED_PRD_00415,Books,Adultery,Unknown,2026-09-01,1879.1999999999998,1315.4399999999998,Good,1,2026-09-01,1879.1999999999998,Individual,Individual,Books to Scrape,False,0,0,0,0,Unknown,Unknown,False,False,,0,0,0,0,5,Unknown,Unknown,Resold
SCRAPED_TXN_00416,SCRAPED_PRD_00416,Books,A Mother's Reckoning: Living in the Aftermath of Tragedy,Unknown,2026-09-01,1757.7,1230.3899999999999,Good,1,2026-09-01,1757.7,Individual,Individual,Books to Scrape,False,0,0,0,0,Unknown,Unknown,False,False,,0,0,0,0,3,Unknown,Unknown,Resold
SCRAPED_TXN_00417,SCRAPED_PRD_00417,Books,A Gentleman's Position (Society of Gentlemen #3),Unknown,2026-09-01,1327.5,929.2499999999999,Good,1,2026-09-01,1327.5,Individual,Individual,Books to Scrape,False,0,0,0,0,Unknown,Unknown,False,False,,0,0,0,0,5,Unknown,Unknown,Resold
SCRAPED_TXN_00418,SCRAPED_PRD_00418,Books,11/22/63,Unknown,2026-09-01,4363.2,3054.24,Good,1,2026-09-01,4363.2,Individual,Individual,Books to Scrape,False,0,0,0,0,Unknown,Unknown,False,False,,0,0,0,0,3,Unknown,Unknown,Resold
SCRAPED_TXN_00419,SCRAPED_PRD_00419,Books,"10% Happier: How I Tamed the Voice in My Head, Reduced Stress Without Losing My Edge, and Found Self-Help That Actually Works",Unknown,2026-09-01,2211.3,1547.91,Good,1,2026-09-01,2211.3,Individual,Individual,Books to Scrape,False,0,0,0,0,Unknown,Unknown,False,False,,0,0,0,0,2,Unknown,Unknown,Resold
SCRAPED_TXN_00420,SCRAPED_PRD_00420,Books,10-Day Green Smoothie Cleanse: Lose Up to 15 Pounds in 10 Days!,Unknown,2026-09-01,4473.9,3131.7299999999996,Good,1,2026-09-01,4473.9,Individual,Individual,Books to Scrape,False,0,0,0,0,Unknown,Unknown,False,False,,0,0,0,0,5,Unknown,Unknown,Resold
SCRAPED_TXN_00421,SCRAPED_PRD_00421,Books,Without Shame,Unknown,2026-09-01,4344.3,3041.0099999999998,Good,1,2026-09-01,4344.3,Individual,Individual,Books to Scrape,False,0,0,0,0,Unknown,Unknown,False,False,,0,0,0,0,5,Unknown,Unknown,Resold
SCRAPED_TXN_00422,SCRAPED_PRD_00422,Books,Watchmen,Unknown,2026-09-01,5224.5,3657.1499999999996,Good,1,2026-09-01,5224.5,Individual,Individual,Books to Scrape,False,0,0,0,0,Unknown,Unknown,False,False,,0,0,0,0,4,Unknown,Unknown,Resold
SCRAPED_TXN_00423,SCRAPED_PRD_00423,Books,Unlimited Intuition Now,Unknown,2026-09-01,5298.3,3708.81,Good,1,2026-09-01,5298.3,Individual,Individual,Books to Scrape,False,0,0,0,0,Unknown,Unknown,False,False,,0,0,0,0,4,Unknown,Unknown,Resold
SCRAPED_TXN_00424,SCRAPED_PRD_00424,Books,Underlying Notes,Unknown,2026-09-01,1063.8,744.66,Good,1,2026-09-01,1063.8,Individual,Individual,Books to Scrape,False,0,0,0,0,Unknown,Unknown,False,False,,0,0,0,0,2,Unknown,Unknown,Resold
SCRAPED_TXN_00425,SCRAPED_PRD_00425,Books,The Shack,Unknown,2026-09-01,2522.7000000000003,1765.89,Good,1,2026-09-01,2522.7000000000003,Individual,Individual,Books to Scrape,False,0,0,0,0,Unknown,Unknown,False,False,,0,0,0,0,1,Unknown,Unknown,Resold
SCRAPED_TXN_00426,SCRAPED_PRD_00426,Books,The New Brand You: Your New Image Makes the Sale for You,Unknown,2026-09-01,3964.4999999999995,2775.1499999999996,Good,1,2026-09-01,3964.4999999999995,Individual,Individual,Books to Scrape,False,0,0,0,0,Unknown,Unknown,False,False,,0,0,0,0,5,Unknown,Unknown,Resold
SCRAPED_TXN_00427,SCRAPED_PRD_00427,Books,"The Moosewood Cookbook: Recipes from Moosewood Restaurant, Ithaca, New York",Unknown,2026-09-01,1110.6,777.4199999999998,Good,1,2026-09-01,1110.6,Individual,Individual,Books to Scrape,False,0,0,0,0,Unknown,Unknown,False,False,,0,0,0,0,4,Unknown,Unknown,Resold
SCRAPED_TXN_00428,SCRAPED_PRD_00428,Books,The Flowers Lied,Unknown,2026-09-01,1501.2,1050.84,Good,1,2026-09-01,1501.2,Individual,Individual,Books to Scrape,False,0,0,0,0,Unknown,Unknown,False,False,,0,0,0,0,2,Unknown,Unknown,Resold
SCRAPED_TXN_00429,SCRAPED_PRD_00429,Books,"The Fabric of the Cosmos: Space, Time, and the Texture of Reality",Unknown,2026-09-01,5031.9,3522.3299999999995,Good,1,2026-09-01,5031.9,Individual,Individual,Books to Scrape,False,0,0,0,0,Unknown,Unknown,False,False,,0,0,0,0,1,Unknown,Unknown,Resold
SCRAPED_TXN_00430,SCRAPED_PRD_00430,Books,The Book of Mormon,Unknown,2026-09-01,2211.3,1547.91,Good,1,2026-09-01,2211.3,Individual,Individual,Books to Scrape,False,0,0,0,0,Unknown,Unknown,False,False,,0,0,0,0,3,Unknown,Unknown,Resold
SCRAPED_TXN_00431,SCRAPED_PRD_00431,Books,The Art and Science of Low Carbohydrate Living,Unknown,2026-09-01,4768.2,3337.74,Good,1,2026-09-01,4768.2,Individual,Individual,Books to Scrape,False,0,0,0,0,Unknown,Unknown,False,False,,0,0,0,0,5,Unknown,Unknown,Resold
SCRAPED_TXN_00432,SCRAPED_PRD_00432,Books,The Alien Club,Unknown,2026-09-01,4896.0,3427.2,Good,1,2026-09-01,4896.0,Individual,Individual,Books to Scrape,False,0,0,0,0,Unknown,Unknown,False,False,,0,0,0,0,1,Unknown,Unknown,Resold
SCRAPED_TXN_00433,SCRAPED_PRD_00433,Books,Suzie Snowflake: One beautiful flake (a self-esteem story),Unknown,2026-09-01,4932.900000000001,3453.03,Good,1,2026-09-01,4932.900000000001,Individual,Individual,Books to Scrape,False,0,0,0,0,Unknown,Unknown,False,False,,0,0,0,0,5,Unknown,Unknown,Resold
SCRAPED_TXN_00434,SCRAPED_PRD_00434,Books,Nap-a-Roo,Unknown,2026-09-01,2257.2,1580.0399999999997,Good,1,2026-09-01,2257.2,Individual,Individual,Books to Scrape,False,0,0,0,0,Unknown,Unknown,False,False,,0,0,0,0,1,Unknown,Unknown,Resold
SCRAPED_TXN_00435,SCRAPED_PRD_00435,Books,"NaNo What Now? Finding your editing process, revising your NaNoWriMo book and building a writing career through publishing and beyond",Unknown,2026-09-01,936.9,655.8299999999999,Good,1,2026-09-01,936.9,Individual,Individual,Books to Scrape,False,0,0,0,0,Unknown,Unknown,False,False,,0,0,0,0,4,Unknown,Unknown,Resold
SCRAPED_TXN_00436,SCRAPED_PRD_00436,Books,Modern Day Fables,Unknown,2026-09-01,4269.599999999999,2988.7199999999993,Good,1,2026-09-01,4269.599999999999,Individual,Individual,Books to Scrape,False,0,0,0,0,Unknown,Unknown,False,False,,0,0,0,0,2,Unknown,Unknown,Resold
SCRAPED_TXN_00437,SCRAPED_PRD_00437,Books,If I Gave You God's Phone Number....: Searching for Spirituality in America,Unknown,2026-09-01,1881.9,1317.33,Good,1,2026-09-01,1881.9,Individual,Individual,Books to Scrape,False,0,0,0,0,Unknown,Unknown,False,False,,0,0,0,0,1,Unknown,Unknown,Resold
SCRAPED_TXN_00438,SCRAPED_PRD_00438,Books,"Fruits Basket, Vol. 9 (Fruits Basket #9)",Unknown,2026-09-01,3055.5000000000005,2138.8500000000004,Good,1,2026-09-01,3055.5000000000005,Individual,Individual,Books to Scrape,False,0,0,0,0,Unknown,Unknown,False,False,,0,0,0,0,4,Unknown,Unknown,Resold
SCRAPED_TXN_00439,SCRAPED_PRD_00439,Books,Dress Your Family in Corduroy and Denim,Unknown,2026-09-01,3931.2,2751.8399999999997,Good,1,2026-09-01,3931.2,Individual,Individual,Books to Scrape,False,0,0,0,0,Unknown,Unknown,False,False,,0,0,0,0,3,Unknown,Unknown,Resold
SCRAPED_TXN_00440,SCRAPED_PRD_00440,Books,Don't Forget Steven,Unknown,2026-09-01,2990.7,2093.49,Good,1,2026-09-01,2990.7,Individual,Individual,Books to Scrape,False,0,0,0,0,Unknown,Unknown,False,False,,0,0,0,0,1,Unknown,Unknown,Resold
SCRAPED_TXN_00441,SCRAPED_PRD_00441,Books,Chernobyl 01:23:40: The Incredible True Story of the World's Worst Nuclear Disaster,Unknown,2026-09-01,3232.8,2262.96,Good,1,2026-09-01,3232.8,Individual,Individual,Books to Scrape,False,0,0,0,0,Unknown,Unknown,False,False,,0,0,0,0,2,Unknown,Unknown,Resold
SCRAPED_TXN_00442,SCRAPED_PRD_00442,Books,Art and Fear: Observations on the Perils (and Rewards) of Artmaking,Unknown,2026-09-01,4376.7,3063.6899999999996,Good,1,2026-09-01,4376.7,Individual,Individual,Books to Scrape,False,0,0,0,0,Unknown,Unknown,False,False,,0,0,0,0,4,Unknown,Unknown,Resold
SCRAPED_TXN_00443,SCRAPED_PRD_00443,Books,A Shard of Ice (The Black Symphony Saga #1),Unknown,2026-09-01,5096.7,3567.6899999999996,Good,1,2026-09-01,5096.7,Individual,Individual,Books to Scrape,False,0,0,0,0,Unknown,Unknown,False,False,,0,0,0,0,3,Unknown,Unknown,Resold
SCRAPED_TXN_00444,SCRAPED_PRD_00444,Books,A Hero's Curse (The Unseen Chronicles #1),Unknown,2026-09-01,4544.1,3180.87,Good,1,2026-09-01,4544.1,Individual,Individual,Books to Scrape,False,0,0,0,0,Unknown,Unknown,False,False,,0,0,0,0,3,Unknown,Unknown,Resold
SCRAPED_TXN_00445,SCRAPED_PRD_00445,Books,23 Degrees South: A Tropical Tale of Changing Whether...,Unknown,2026-09-01,3221.1,2254.77,Good,1,2026-09-01,3221.1,Individual,Individual,Books to Scrape,False,0,0,0,0,Unknown,Unknown,False,False,,0,0,0,0,2,Unknown,Unknown,Resold
SCRAPED_TXN_00446,SCRAPED_PRD_00446,Books,"Zero to One: Notes on Startups, or How to Build the Future",Unknown,2026-09-01,3065.4,2145.7799999999997,Good,1,2026-09-01,3065.4,Individual,Individual,Books to Scrape,False,0,0,0,0,Unknown,Unknown,False,False,,0,0,0,0,3,Unknown,Unknown,Resold
SCRAPED_TXN_00447,SCRAPED_PRD_00447,Books,Why Not Me?,Unknown,2026-09-01,1598.4,1118.8799999999999,Good,1,2026-09-01,1598.4,Individual,Individual,Books to Scrape,False,0,0,0,0,Unknown,Unknown,False,False,,0,0,0,0,1,Unknown,Unknown,Resold
SCRAPED_TXN_00448,SCRAPED_PRD_00448,Books,When Breath Becomes Air,Unknown,2026-09-01,3542.4,2479.68,Good,1,2026-09-01,3542.4,Individual,Individual,Books to Scrape,False,0,0,0,0,Unknown,Unknown,False,False,,0,0,0,0,2,Unknown,Unknown,Resold
SCRAPED_TXN_00449,SCRAPED_PRD_00449,Books,Vagabonding: An Uncommon Guide to the Art of Long-Term World Travel,Unknown,2026-09-01,3324.6,2327.22,Good,1,2026-09-01,3324.6,Individual,Individual,Books to Scrape,False,0,0,0,0,Unknown,Unknown,False,False,,0,0,0,0,2,Unknown,Unknown,Resold
SCRAPED_TXN_00450,SCRAPED_PRD_00450,Books,The Unlikely Pilgrimage of Harold Fry (Harold Fry #1),Unknown,2026-09-01,3925.7999999999997,2748.0599999999995,Good,1,2026-09-01,3925.7999999999997,Individual,Individual,Books to Scrape,False,0,0,0,0,Unknown,Unknown,False,False,,0,0,0,0,5,Unknown,Unknown,Resold
SCRAPED_TXN_00451,SCRAPED_PRD_00451,Books,The New Drawing on the Right Side of the Brain,Unknown,2026-09-01,3871.8,2710.2599999999998,Good,1,2026-09-01,3871.8,Individual,Individual,Books to Scrape,False,0,0,0,0,Unknown,Unknown,False,False,,0,0,0,0,3,Unknown,Unknown,Resold
SCRAPED_TXN_00452,SCRAPED_PRD_00452,Books,"The Midnight Assassin: Panic, Scandal, and the Hunt for America's First Serial Killer",Unknown,2026-09-01,2560.5,1792.35,Good,1,2026-09-01,2560.5,Individual,Individual,Books to Scrape,False,0,0,0,0,Unknown,Unknown,False,False,,0,0,0,0,4,Unknown,Unknown,Resold
SCRAPED_TXN_00453,SCRAPED_PRD_00453,Books,The Martian (The Martian #1),Unknown,2026-09-01,3725.1,2607.5699999999997,Good,1,2026-09-01,3725.1,Individual,Individual,Books to Scrape,False,0,0,0,0,Unknown,Unknown,False,False,,0,0,0,0,2,Unknown,Unknown,Resold
SCRAPED_TXN_00454,SCRAPED_PRD_00454,Books,The High Mountains of Portugal,Unknown,2026-09-01,4603.5,3222.45,Good,1,2026-09-01,4603.5,Individual,Individual,Books to Scrape,False,0,0,0,0,Unknown,Unknown,False,False,,0,0,0,0,1,Unknown,Unknown,Resold
SCRAPED_TXN_00455,SCRAPED_PRD_00455,Books,The Grownup,Unknown,2026-09-01,3229.2000000000003,2260.44,Good,1,2026-09-01,3229.2000000000003,Individual,Individual,Books to Scrape,False,0,0,0,0,Unknown,Unknown,False,False,,0,0,0,0,1,Unknown,Unknown,Resold
SCRAPED_TXN_00456,SCRAPED_PRD_00456,Books,The E-Myth Revisited: Why Most Small Businesses Don't Work and What to Do About It,Unknown,2026-09-01,3321.8999999999996,2325.3299999999995,Good,1,2026-09-01,3321.8999999999996,Individual,Individual,Books to Scrape,False,0,0,0,0,Unknown,Unknown,False,False,,0,0,0,0,1,Unknown,Unknown,Resold
SCRAPED_TXN_00457,SCRAPED_PRD_00457,Books,South of Sunshine,Unknown,2026-09-01,2603.7,1822.5899999999997,Good,1,2026-09-01,2603.7,Individual,Individual,Books to Scrape,False,0,0,0,0,Unknown,Unknown,False,False,,0,0,0,0,1,Unknown,Unknown,Resold
SCRAPED_TXN_00458,SCRAPED_PRD_00458,Books,Smarter Faster Better: The Secrets of Being Productive in Life and Business,Unknown,2026-09-01,3500.1,2450.0699999999997,Good,1,2026-09-01,3500.1,Individual,Individual,Books to Scrape,False,0,0,0,0,Unknown,Unknown,False,False,,0,0,0,0,5,Unknown,Unknown,Resold
SCRAPED_TXN_00459,SCRAPED_PRD_00459,Books,Silence in the Dark (Logan Point #4),Unknown,2026-09-01,5249.7,3674.7899999999995,Good,1,2026-09-01,5249.7,Individual,Individual,Books to Scrape,False,0,0,0,0,Unknown,Unknown,False,False,,0,0,0,0,3,Unknown,Unknown,Resold
SCRAPED_TXN_00460,SCRAPED_PRD_00460,Books,Shadows of the Past (Logan Point #1),Unknown,2026-09-01,3570.3,2499.21,Good,1,2026-09-01,3570.3,Individual,Individual,Books to Scrape,False,0,0,0,0,Unknown,Unknown,False,False,,0,0,0,0,5,Unknown,Unknown,Resold
SCRAPED_TXN_00461,SCRAPED_PRD_00461,Books,Roller Girl,Unknown,2026-09-01,1269.0,888.3,Good,1,2026-09-01,1269.0,Individual,Individual,Books to Scrape,False,0,0,0,0,Unknown,Unknown,False,False,,0,0,0,0,5,Unknown,Unknown,Resold
SCRAPED_TXN_00462,SCRAPED_PRD_00462,Books,Rising Strong,Unknown,2026-09-01,1963.8,1374.6599999999999,Good,1,2026-09-01,1963.8,Individual,Individual,Books to Scrape,False,0,0,0,0,Unknown,Unknown,False,False,,0,0,0,0,3,Unknown,Unknown,Resold
SCRAPED_TXN_00463,SCRAPED_PRD_00463,Books,Proofs of God: Classical Arguments from Tertullian to Barth,Unknown,2026-09-01,4878.9,3415.2299999999996,Good,1,2026-09-01,4878.9,Individual,Individual,Books to Scrape,False,0,0,0,0,Unknown,Unknown,False,False,,0,0,0,0,1,Unknown,Unknown,Resold
SCRAPED_TXN_00464,SCRAPED_PRD_00464,Books,Please Kill Me: The Uncensored Oral History of Punk,Unknown,2026-09-01,2807.1,1964.9699999999998,Good,1,2026-09-01,2807.1,Individual,Individual,Books to Scrape,False,0,0,0,0,Unknown,Unknown,False,False,,0,0,0,0,4,Unknown,Unknown,Resold
SCRAPED_TXN_00465,SCRAPED_PRD_00465,Books,Out of Print: City Lights Spotlight No. 14,Unknown,2026-09-01,4827.6,3379.32,Good,1,2026-09-01,4827.6,Individual,Individual,Books to Scrape,False,0,0,0,0,Unknown,Unknown,False,False,,0,0,0,0,5,Unknown,Unknown,Resold
SCRAPED_TXN_00466,SCRAPED_PRD_00466,Books,My Life Next Door (My Life Next Door ),Unknown,2026-09-01,3275.1,2292.5699999999997,Good,1,2026-09-01,3275.1,Individual,Individual,Books to Scrape,False,0,0,0,0,Unknown,Unknown,False,False,,0,0,0,0,5,Unknown,Unknown,Resold
SCRAPED_TXN_00467,SCRAPED_PRD_00467,Books,Miller's Valley,Unknown,2026-09-01,5268.6,3688.02,Good,1,2026-09-01,5268.6,Individual,Individual,Books to Scrape,False,0,0,0,0,Unknown,Unknown,False,False,,0,0,0,0,2,Unknown,Unknown,Resold
SCRAPED_TXN_00468,SCRAPED_PRD_00468,Books,Man's Search for Meaning,Unknown,2026-09-01,2653.2,1857.2399999999998,Good,1,2026-09-01,2653.2,Individual,Individual,Books to Scrape,False,0,0,0,0,Unknown,Unknown,False,False,,0,0,0,0,3,Unknown,Unknown,Resold
SCRAPED_TXN_00469,SCRAPED_PRD_00469,Books,"Love That Boy: What Two Presidents, Eight Road Trips, and My Son Taught Me About a Parent's Expectations",Unknown,2026-09-01,2255.4,1578.78,Good,1,2026-09-01,2255.4,Individual,Individual,Books to Scrape,False,0,0,0,0,Unknown,Unknown,False,False,,0,0,0,0,2,Unknown,Unknown,Resold
SCRAPED_TXN_00470,SCRAPED_PRD_00470,Books,Living Forward: A Proven Plan to Stop Drifting and Get the Life You Want,Unknown,2026-09-01,1129.5,790.65,Good,1,2026-09-01,1129.5,Individual,Individual,Books to Scrape,False,0,0,0,0,Unknown,Unknown,False,False,,0,0,0,0,3,Unknown,Unknown,Resold
SCRAPED_TXN_00471,SCRAPED_PRD_00471,Books,Les Fleurs du Mal,Unknown,2026-09-01,2613.6,1829.5199999999998,Good,1,2026-09-01,2613.6,Individual,Individual,Books to Scrape,False,0,0,0,0,Unknown,Unknown,False,False,,0,0,0,0,5,Unknown,Unknown,Resold
SCRAPED_TXN_00472,SCRAPED_PRD_00472,Books,Left Behind (Left Behind #1),Unknown,2026-09-01,3664.7999999999997,2565.3599999999997,Good,1,2026-09-01,3664.7999999999997,Individual,Individual,Books to Scrape,False,0,0,0,0,Unknown,Unknown,False,False,,0,0,0,0,2,Unknown,Unknown,Resold
SCRAPED_TXN_00473,SCRAPED_PRD_00473,Books,Kill 'Em and Leave: Searching for James Brown and the American Soul,Unknown,2026-09-01,4054.4999999999995,2838.1499999999996,Good,1,2026-09-01,4054.4999999999995,Individual,Individual,Books to Scrape,False,0,0,0,0,Unknown,Unknown,False,False,,0,0,0,0,5,Unknown,Unknown,Resold
SCRAPED_TXN_00474,SCRAPED_PRD_00474,Books,Kierkegaard: A Christian Missionary to Christians,Unknown,2026-09-01,4241.7,2969.1899999999996,Good,1,2026-09-01,4241.7,Individual,Individual,Books to Scrape,False,0,0,0,0,Unknown,Unknown,False,False,,0,0,0,0,1,Unknown,Unknown,Resold
SCRAPED_TXN_00475,SCRAPED_PRD_00475,Books,John Vassos: Industrial Design for Modern Life,Unknown,2026-09-01,1819.8,1273.86,Good,1,2026-09-01,1819.8,Individual,Individual,Books to Scrape,False,0,0,0,0,Unknown,Unknown,False,False,,0,0,0,0,4,Unknown,Unknown,Resold
SCRAPED_TXN_00476,SCRAPED_PRD_00476,Books,I'll Give You the Sun,Unknown,2026-09-01,5083.2,3558.24,Good,1,2026-09-01,5083.2,Individual,Individual,Books to Scrape,False,0,0,0,0,Unknown,Unknown,False,False,,0,0,0,0,1,Unknown,Unknown,Resold
SCRAPED_TXN_00477,SCRAPED_PRD_00477,Books,I Will Find You,Unknown,2026-09-01,3978.9,2785.23,Good,1,2026-09-01,3978.9,Individual,Individual,Books to Scrape,False,0,0,0,0,Unknown,Unknown,False,False,,0,0,0,0,1,Unknown,Unknown,Resold
SCRAPED_TXN_00478,SCRAPED_PRD_00478,Books,Hystopia: A Novel,Unknown,2026-09-01,1976.4,1383.48,Good,1,2026-09-01,1976.4,Individual,Individual,Books to Scrape,False,0,0,0,0,Unknown,Unknown,False,False,,0,0,0,0,4,Unknown,Unknown,Resold
SCRAPED_TXN_00479,SCRAPED_PRD_00479,Books,Howl and Other Poems,Unknown,2026-09-01,3640.5000000000005,2548.3500000000004,Good,1,2026-09-01,3640.5000000000005,Individual,Individual,Books to Scrape,False,0,0,0,0,Unknown,Unknown,False,False,,0,0,0,0,2,Unknown,Unknown,Resold
SCRAPED_TXN_00480,SCRAPED_PRD_00480,Books,History of Beauty,Unknown,2026-09-01,926.0999999999999,648.2699999999999,Good,1,2026-09-01,926.0999999999999,Individual,Individual,Books to Scrape,False,0,0,0,0,Unknown,Unknown,False,False,,0,0,0,0,4,Unknown,Unknown,Resold
SCRAPED_TXN_00481,SCRAPED_PRD_00481,Books,Heaven is for Real: A Little Boy's Astounding Story of His Trip to Heaven and Back,Unknown,2026-09-01,4757.4,3330.1799999999994,Good,1,2026-09-01,4757.4,Individual,Individual,Books to Scrape,False,0,0,0,0,Unknown,Unknown,False,False,,0,0,0,0,2,Unknown,Unknown,Resold
SCRAPED_TXN_00482,SCRAPED_PRD_00482,Books,Future Shock (Future Shock #1),Unknown,2026-09-01,5008.5,3505.95,Good,1,2026-09-01,5008.5,Individual,Individual,Books to Scrape,False,0,0,0,0,Unknown,Unknown,False,False,,0,0,0,0,5,Unknown,Unknown,Resold
SCRAPED_TXN_00483,SCRAPED_PRD_00483,Books,Ender's Game (The Ender Quintet #1),Unknown,2026-09-01,3927.6,2749.3199999999997,Good,1,2026-09-01,3927.6,Individual,Individual,Books to Scrape,False,0,0,0,0,Unknown,Unknown,False,False,,0,0,0,0,1,Unknown,Unknown,Resold
SCRAPED_TXN_00484,SCRAPED_PRD_00484,Books,Diary of a Citizen Scientist: Chasing Tiger Beetles and Other New Ways of Engaging the World,Unknown,2026-09-01,2556.9,1789.83,Good,1,2026-09-01,2556.9,Individual,Individual,Books to Scrape,False,0,0,0,0,Unknown,Unknown,False,False,,0,0,0,0,1,Unknown,Unknown,Resold
SCRAPED_TXN_00485,SCRAPED_PRD_00485,Books,Death by Leisure: A Cautionary Tale,Unknown,2026-09-01,3375.8999999999996,2363.1299999999997,Good,1,2026-09-01,3375.8999999999996,Individual,Individual,Books to Scrape,False,0,0,0,0,Unknown,Unknown,False,False,,0,0,0,0,4,Unknown,Unknown,Resold
SCRAPED_TXN_00486,SCRAPED_PRD_00486,Books,Brilliant Beacons: A History of the American Lighthouse,Unknown,2026-09-01,1030.5,721.3499999999999,Good,1,2026-09-01,1030.5,Individual,Individual,Books to Scrape,False,0,0,0,0,Unknown,Unknown,False,False,,0,0,0,0,3,Unknown,Unknown,Resold
SCRAPED_TXN_00487,SCRAPED_PRD_00487,Books,Brazen: The Courage to Find the You That's Been Hiding,Unknown,2026-09-01,1729.8,1210.86,Good,1,2026-09-01,1729.8,Individual,Individual,Books to Scrape,False,0,0,0,0,Unknown,Unknown,False,False,,0,0,0,0,2,Unknown,Unknown,Resold
SCRAPED_TXN_00488,SCRAPED_PRD_00488,Books,Between the World and Me,Unknown,2026-09-01,5121.9,3585.3299999999995,Good,1,2026-09-01,5121.9,Individual,Individual,Books to Scrape,False,0,0,0,0,Unknown,Unknown,False,False,,0,0,0,0,4,Unknown,Unknown,Resold
SCRAPED_TXN_00489,SCRAPED_PRD_00489,Books,Being Mortal: Medicine and What Matters in the End,Unknown,2026-09-01,4955.400000000001,3468.78,Good,1,2026-09-01,4955.400000000001,Individual,Individual,Books to Scrape,False,0,0,0,0,Unknown,Unknown,False,False,,0,0,0,0,4,Unknown,Unknown,Resold
SCRAPED_TXN_00490,SCRAPED_PRD_00490,Books,"A Murder Over a Girl: Justice, Gender, Junior High",Unknown,2026-09-01,1188.0,831.5999999999999,Good,1,2026-09-01,1188.0,Individual,Individual,Books to Scrape,False,0,0,0,0,Unknown,Unknown,False,False,,0,0,0,0,3,Unknown,Unknown,Resold
SCRAPED_TXN_00491,SCRAPED_PRD_00491,Books,32 Yolks,Unknown,2026-09-01,4826.7,3378.6899999999996,Good,1,2026-09-01,4826.7,Individual,Individual,Books to Scrape,False,0,0,0,0,Unknown,Unknown,False,False,,0,0,0,0,2,Unknown,Unknown,Resold
SCRAPED_TXN_00492,SCRAPED_PRD_00492,Books,"""Most Blessed of the Patriarchs"": Thomas Jefferson and the Empire of the Imagination",Unknown,2026-09-01,4003.2,2802.24,Good,1,2026-09-01,4003.2,Individual,Individual,Books to Scrape,False,0,0,0,0,Unknown,Unknown,False,False,,0,0,0,0,5,Unknown,Unknown,Resold
SCRAPED_TXN_00493,SCRAPED_PRD_00493,Books,You Are a Badass: How to Stop Doubting Your Greatness and Start Living an Awesome Life,Unknown,2026-09-01,1087.2,761.04,Good,1,2026-09-01,1087.2,Individual,Individual,Books to Scrape,False,0,0,0,0,Unknown,Unknown,False,False,,0,0,0,0,3,Unknown,Unknown,Resold
SCRAPED_TXN_00494,SCRAPED_PRD_00494,Books,Wildlife of New York: A Five-Borough Coloring Book,Unknown,2026-09-01,1992.6000000000001,1394.82,Good,1,2026-09-01,1992.6000000000001,Individual,Individual,Books to Scrape,False,0,0,0,0,Unknown,Unknown,False,False,,0,0,0,0,2,Unknown,Unknown,Resold
SCRAPED_TXN_00495,SCRAPED_PRD_00495,Books,What Happened on Beale Street (Secrets of the South Mysteries #2),Unknown,2026-09-01,2283.3,1598.31,Good,1,2026-09-01,2283.3,Individual,Individual,Books to Scrape,False,0,0,0,0,Unknown,Unknown,False,False,,0,0,0,0,5,Unknown,Unknown,Resold
SCRAPED_TXN_00496,SCRAPED_PRD_00496,Books,Unreasonable Hope: Finding Faith in the God Who Brings Purpose to Your Pain,Unknown,2026-09-01,4169.7,2918.7899999999995,Good,1,2026-09-01,4169.7,Individual,Individual,Books to Scrape,False,0,0,0,0,Unknown,Unknown,False,False,,0,0,0,0,2,Unknown,Unknown,Resold
SCRAPED_TXN_00497,SCRAPED_PRD_00497,Books,Under the Tuscan Sun,Unknown,2026-09-01,3359.7,2351.7899999999995,Good,1,2026-09-01,3359.7,Individual,Individual,Books to Scrape,False,0,0,0,0,Unknown,Unknown,False,False,,0,0,0,0,3,Unknown,Unknown,Resold
SCRAPED_TXN_00498,SCRAPED_PRD_00498,Books,Toddlers Are A**holes: It's Not Your Fault,Unknown,2026-09-01,2299.5,1609.6499999999999,Good,1,2026-09-01,2299.5,Individual,Individual,Books to Scrape,False,0,0,0,0,Unknown,Unknown,False,False,,0,0,0,0,1,Unknown,Unknown,Resold
SCRAPED_TXN_00499,SCRAPED_PRD_00499,Books,The Year of Living Biblically: One Man's Humble Quest to Follow the Bible as Literally as Possible,Unknown,2026-09-01,3124.7999999999997,2187.3599999999997,Good,1,2026-09-01,3124.7999999999997,Individual,Individual,Books to Scrape,False,0,0,0,0,Unknown,Unknown,False,False,,0,0,0,0,1,Unknown,Unknown,Resold
SCRAPED_TXN_00500,SCRAPED_PRD_00500,Books,The Whale,Unknown,2026-09-01,3236.4,2265.48,Good,1,2026-09-01,3236.4,Individual,Individual,Books to Scrape,False,0,0,0,0,Unknown,Unknown,False,False,,0,0,0,0,4,Unknown,Unknown,Resold
SCRAPED_TXN_00501,SCRAPED_PRD_00501,Books,The Story of Art,Unknown,2026-09-01,3702.6,2591.8199999999997,Good,1,2026-09-01,3702.6,Individual,Individual,Books to Scrape,False,0,0,0,0,Unknown,Unknown,False,False,,0,0,0,0,4,Unknown,Unknown,Resold
SCRAPED_TXN_00502,SCRAPED_PRD_00502,Books,The Origin of Species,Unknown,2026-09-01,900.9,630.63,Good,1,2026-09-01,900.9,Individual,Individual,Books to Scrape,False,0,0,0,0,Unknown,Unknown,False,False,,0,0,0,0,4,Unknown,Unknown,Resold
SCRAPED_TXN_00503,SCRAPED_PRD_00503,Books,The Great Gatsby,Unknown,2026-09-01,3244.4999999999995,2271.1499999999996,Good,1,2026-09-01,3244.4999999999995,Individual,Individual,Books to Scrape,False,0,0,0,0,Unknown,Unknown,False,False,,0,0,0,0,4,Unknown,Unknown,Resold
SCRAPED_TXN_00504,SCRAPED_PRD_00504,Books,The Good Girl,Unknown,2026-09-01,4412.7,3088.89,Good,1,2026-09-01,4412.7,Individual,Individual,Books to Scrape,False,0,0,0,0,Unknown,Unknown,False,False,,0,0,0,0,3,Unknown,Unknown,Resold
SCRAPED_TXN_00505,SCRAPED_PRD_00505,Books,The Glass Castle,Unknown,2026-09-01,1461.6,1023.1199999999999,Good,1,2026-09-01,1461.6,Individual,Individual,Books to Scrape,False,0,0,0,0,Unknown,Unknown,False,False,,0,0,0,0,1,Unknown,Unknown,Resold
SCRAPED_TXN_00506,SCRAPED_PRD_00506,Books,The Faith of Christopher Hitchens: The Restless Soul of the World's Most Notorious Atheist,Unknown,2026-09-01,3559.4999999999995,2491.6499999999996,Good,1,2026-09-01,3559.4999999999995,Individual,Individual,Books to Scrape,False,0,0,0,0,Unknown,Unknown,False,False,,0,0,0,0,1,Unknown,Unknown,Resold
SCRAPED_TXN_00507,SCRAPED_PRD_00507,Books,The Drowning Girls,Unknown,2026-09-01,3210.3,2247.21,Good,1,2026-09-01,3210.3,Individual,Individual,Books to Scrape,False,0,0,0,0,Unknown,Unknown,False,False,,0,0,0,0,3,Unknown,Unknown,Resold
SCRAPED_TXN_00508,SCRAPED_PRD_00508,Books,The Constant Princess (The Tudor Court #1),Unknown,2026-09-01,1495.8000000000002,1047.0600000000002,Good,1,2026-09-01,1495.8000000000002,Individual,Individual,Books to Scrape,False,0,0,0,0,Unknown,Unknown,False,False,,0,0,0,0,3,Unknown,Unknown,Resold
SCRAPED_TXN_00509,SCRAPED_PRD_00509,Books,The Bourne Identity (Jason Bourne #1),Unknown,2026-09-01,3850.2000000000003,2695.14,Good,1,2026-09-01,3850.2000000000003,Individual,Individual,Books to Scrape,False,0,0,0,0,Unknown,Unknown,False,False,,0,0,0,0,4,Unknown,Unknown,Resold
SCRAPED_TXN_00510,SCRAPED_PRD_00510,Books,The Bachelor Girl's Guide to Murder (Herringford and Watts Mysteries #1),Unknown,2026-09-01,4707.0,3294.8999999999996,Good,1,2026-09-01,4707.0,Individual,Individual,Books to Scrape,False,0,0,0,0,Unknown,Unknown,False,False,,0,0,0,0,5,Unknown,Unknown,Resold
SCRAPED_TXN_00511,SCRAPED_PRD_00511,Books,The Art Book,Unknown,2026-09-01,2910.6000000000004,2037.42,Good,1,2026-09-01,2910.6000000000004,Individual,Individual,Books to Scrape,False,0,0,0,0,Unknown,Unknown,False,False,,0,0,0,0,2,Unknown,Unknown,Resold
SCRAPED_TXN_00512,SCRAPED_PRD_00512,Books,The 7 Habits of Highly Effective People: Powerful Lessons in Personal Change,Unknown,2026-09-01,2985.3,2089.71,Good,1,2026-09-01,2985.3,Individual,Individual,Books to Scrape,False,0,0,0,0,Unknown,Unknown,False,False,,0,0,0,0,4,Unknown,Unknown,Resold
SCRAPED_TXN_00513,SCRAPED_PRD_00513,Books,Team of Rivals: The Political Genius of Abraham Lincoln,Unknown,2026-09-01,1810.8000000000002,1267.56,Good,1,2026-09-01,1810.8000000000002,Individual,Individual,Books to Scrape,False,0,0,0,0,Unknown,Unknown,False,False,,0,0,0,0,5,Unknown,Unknown,Resold
SCRAPED_TXN_00514,SCRAPED_PRD_00514,Books,Steal Like an Artist: 10 Things Nobody Told You About Being Creative,Unknown,2026-09-01,1880.9999999999998,1316.6999999999998,Good,1,2026-09-01,1880.9999999999998,Individual,Individual,Books to Scrape,False,0,0,0,0,Unknown,Unknown,False,False,,0,0,0,0,2,Unknown,Unknown,Resold
SCRAPED_TXN_00515,SCRAPED_PRD_00515,Books,"Sit, Stay, Love",Unknown,2026-09-01,1880.9999999999998,1316.6999999999998,Good,1,2026-09-01,1880.9999999999998,Individual,Individual,Books to Scrape,False,0,0,0,0,Unknown,Unknown,False,False,,0,0,0,0,3,Unknown,Unknown,Resold
SCRAPED_TXN_00516,SCRAPED_PRD_00516,Books,Sister Dear,Unknown,2026-09-01,3618.0000000000005,2532.6000000000004,Good,1,2026-09-01,3618.0000000000005,Individual,Individual,Books to Scrape,False,0,0,0,0,Unknown,Unknown,False,False,,0,0,0,0,4,Unknown,Unknown,Resold
SCRAPED_TXN_00517,SCRAPED_PRD_00517,Books,"Shrunken Treasures: Literary Classics, Short, Sweet, and Silly",Unknown,2026-09-01,4758.3,3330.81,Good,1,2026-09-01,4758.3,Individual,Individual,Books to Scrape,False,0,0,0,0,Unknown,Unknown,False,False,,0,0,0,0,3,Unknown,Unknown,Resold
SCRAPED_TXN_00518,SCRAPED_PRD_00518,Books,"Rich Dad, Poor Dad",Unknown,2026-09-01,4656.6,3259.62,Good,1,2026-09-01,4656.6,Individual,Individual,Books to Scrape,False,0,0,0,0,Unknown,Unknown,False,False,,0,0,0,0,1,Unknown,Unknown,Resold
SCRAPED_TXN_00519,SCRAPED_PRD_00519,Books,Raymie Nightingale,Unknown,2026-09-01,3096.8999999999996,2167.8299999999995,Good,1,2026-09-01,3096.8999999999996,Individual,Individual,Books to Scrape,False,0,0,0,0,Unknown,Unknown,False,False,,0,0,0,0,2,Unknown,Unknown,Resold
SCRAPED_TXN_00520,SCRAPED_PRD_00520,Books,Playing from the Heart,Unknown,2026-09-01,2914.2000000000003,2039.94,Good,1,2026-09-01,2914.2000000000003,Individual,Individual,Books to Scrape,False,0,0,0,0,Unknown,Unknown,False,False,,0,0,0,0,1,Unknown,Unknown,Resold
SCRAPED_TXN_00521,SCRAPED_PRD_00521,Books,Nightstruck: A Novel,Unknown,2026-09-01,4531.5,3172.0499999999997,Good,1,2026-09-01,4531.5,Individual,Individual,Books to Scrape,False,0,0,0,0,Unknown,Unknown,False,False,,0,0,0,0,4,Unknown,Unknown,Resold
SCRAPED_TXN_00522,SCRAPED_PRD_00522,Books,"Naturally Lean: 125 Nourishing Gluten-Free, Plant-Based Recipes--All Under 300 Calories",Unknown,2026-09-01,1024.2,716.9399999999999,Good,1,2026-09-01,1024.2,Individual,Individual,Books to Scrape,False,0,0,0,0,Unknown,Unknown,False,False,,0,0,0,0,5,Unknown,Unknown,Resold
SCRAPED_TXN_00523,SCRAPED_PRD_00523,Books,Meternity,Unknown,2026-09-01,3922.2,2745.5399999999995,Good,1,2026-09-01,3922.2,Individual,Individual,Books to Scrape,False,0,0,0,0,Unknown,Unknown,False,False,,0,0,0,0,3,Unknown,Unknown,Resold
SCRAPED_TXN_00524,SCRAPED_PRD_00524,Books,Memoirs of a Geisha,Unknown,2026-09-01,4470.3,3129.21,Good,1,2026-09-01,4470.3,Individual,Individual,Books to Scrape,False,0,0,0,0,Unknown,Unknown,False,False,,0,0,0,0,3,Unknown,Unknown,Resold
SCRAPED_TXN_00525,SCRAPED_PRD_00525,Books,Like Never Before (Walker Family #2),Unknown,2026-09-01,2589.3,1812.51,Good,1,2026-09-01,2589.3,Individual,Individual,Books to Scrape,False,0,0,0,0,Unknown,Unknown,False,False,,0,0,0,0,2,Unknown,Unknown,Resold
SCRAPED_TXN_00526,SCRAPED_PRD_00526,Books,Life of Pi,Unknown,2026-09-01,1189.8,832.8599999999999,Good,1,2026-09-01,1189.8,Individual,Individual,Books to Scrape,False,0,0,0,0,Unknown,Unknown,False,False,,0,0,0,0,4,Unknown,Unknown,Resold
SCRAPED_TXN_00527,SCRAPED_PRD_00527,Books,Leave This Song Behind: Teen Poetry at Its Best,Unknown,2026-09-01,4605.3,3223.71,Good,1,2026-09-01,4605.3,Individual,Individual,Books to Scrape,False,0,0,0,0,Unknown,Unknown,False,False,,0,0,0,0,5,Unknown,Unknown,Resold
SCRAPED_TXN_00528,SCRAPED_PRD_00528,Books,King's Folly (The Kinsman Chronicles #1),Unknown,2026-09-01,3564.9,2495.43,Good,1,2026-09-01,3564.9,Individual,Individual,Books to Scrape,False,0,0,0,0,Unknown,Unknown,False,False,,0,0,0,0,5,Unknown,Unknown,Resold
SCRAPED_TXN_00529,SCRAPED_PRD_00529,Books,John Adams,Unknown,2026-09-01,5168.7,3618.0899999999997,Good,1,2026-09-01,5168.7,Individual,Individual,Books to Scrape,False,0,0,0,0,Unknown,Unknown,False,False,,0,0,0,0,4,Unknown,Unknown,Resold
SCRAPED_TXN_00530,SCRAPED_PRD_00530,Books,How to Cook Everything Vegetarian: Simple Meatless Recipes for Great Food (How to Cook Everything),Unknown,2026-09-01,4140.9,2898.6299999999997,Good,1,2026-09-01,4140.9,Individual,Individual,Books to Scrape,False,0,0,0,0,Unknown,Unknown,False,False,,0,0,0,0,4,Unknown,Unknown,Resold
SCRAPED_TXN_00531,SCRAPED_PRD_00531,Books,How to Be a Domestic Goddess: Baking and the Art of Comfort Cooking,Unknown,2026-09-01,2542.5,1779.75,Good,1,2026-09-01,2542.5,Individual,Individual,Books to Scrape,False,0,0,0,0,Unknown,Unknown,False,False,,0,0,0,0,2,Unknown,Unknown,Resold
SCRAPED_TXN_00532,SCRAPED_PRD_00532,Books,Good in Bed (Cannie Shapiro #1),Unknown,2026-09-01,3334.4999999999995,2334.1499999999996,Good,1,2026-09-01,3334.4999999999995,Individual,Individual,Books to Scrape,False,0,0,0,0,Unknown,Unknown,False,False,,0,0,0,0,5,Unknown,Unknown,Resold
SCRAPED_TXN_00533,SCRAPED_PRD_00533,Books,"Fruits Basket, Vol. 7 (Fruits Basket #7)",Unknown,2026-09-01,1761.3,1232.9099999999999,Good,1,2026-09-01,1761.3,Individual,Individual,Books to Scrape,False,0,0,0,0,Unknown,Unknown,False,False,,0,0,0,0,1,Unknown,Unknown,Resold
SCRAPED_TXN_00534,SCRAPED_PRD_00534,Books,For the Love: Fighting for Grace in a World of Impossible Standards,Unknown,2026-09-01,4061.7000000000003,2843.19,Good,1,2026-09-01,4061.7000000000003,Individual,Individual,Books to Scrape,False,0,0,0,0,Unknown,Unknown,False,False,,0,0,0,0,3,Unknown,Unknown,Resold
SCRAPED_TXN_00535,SCRAPED_PRD_00535,Books,Finding God in the Ruins: How God Redeems Pain,Unknown,2026-09-01,4197.6,2938.32,Good,1,2026-09-01,4197.6,Individual,Individual,Books to Scrape,False,0,0,0,0,Unknown,Unknown,False,False,,0,0,0,0,2,Unknown,Unknown,Resold
SCRAPED_TXN_00536,SCRAPED_PRD_00536,Books,Every Heart a Doorway (Every Heart A Doorway #1),Unknown,2026-09-01,1094.4,766.08,Good,1,2026-09-01,1094.4,Individual,Individual,Books to Scrape,False,0,0,0,0,Unknown,Unknown,False,False,,0,0,0,0,5,Unknown,Unknown,Resold
SCRAPED_TXN_00537,SCRAPED_PRD_00537,Books,Delivering the Truth (Quaker Midwife Mystery #1),Unknown,2026-09-01,1880.1000000000001,1316.07,Good,1,2026-09-01,1880.1000000000001,Individual,Individual,Books to Scrape,False,0,0,0,0,Unknown,Unknown,False,False,,0,0,0,0,4,Unknown,Unknown,Resold
SCRAPED_TXN_00538,SCRAPED_PRD_00538,Books,Counted With the Stars (Out from Egypt #1),Unknown,2026-09-01,1617.3,1132.11,Good,1,2026-09-01,1617.3,Individual,Individual,Books to Scrape,False,0,0,0,0,Unknown,Unknown,False,False,,0,0,0,0,5,Unknown,Unknown,Resold
SCRAPED_TXN_00539,SCRAPED_PRD_00539,Books,"Chronicles, Vol. 1",Unknown,2026-09-01,4734.0,3313.7999999999997,Good,1,2026-09-01,4734.0,Individual,Individual,Books to Scrape,False,0,0,0,0,Unknown,Unknown,False,False,,0,0,0,0,2,Unknown,Unknown,Resold
SCRAPED_TXN_00540,SCRAPED_PRD_00540,Books,Blue Like Jazz: Nonreligious Thoughts on Christian Spirituality,Unknown,2026-09-01,2319.3,1623.51,Good,1,2026-09-01,2319.3,Individual,Individual,Books to Scrape,False,0,0,0,0,Unknown,Unknown,False,False,,0,0,0,0,1,Unknown,Unknown,Resold
SCRAPED_TXN_00541,SCRAPED_PRD_00541,Books,Benjamin Franklin: An American Life,Unknown,2026-09-01,4337.099999999999,3035.9699999999993,Good,1,2026-09-01,4337.099999999999,Individual,Individual,Books to Scrape,False,0,0,0,0,Unknown,Unknown,False,False,,0,0,0,0,3,Unknown,Unknown,Resold
SCRAPED_TXN_00542,SCRAPED_PRD_00542,Books,"At The Existentialist Café: Freedom, Being, and apricot cocktails with: Jean-Paul Sartre, Simone de Beauvoir, Albert Camus, Martin Heidegger, Edmund Husserl, Karl Jaspers, Maurice Merleau-Ponty and others",Unknown,2026-09-01,2693.7,1885.5899999999997,Good,1,2026-09-01,2693.7,Individual,Individual,Books to Scrape,False,0,0,0,0,Unknown,Unknown,False,False,,0,0,0,0,5,Unknown,Unknown,Resold
SCRAPED_TXN_00543,SCRAPED_PRD_00543,Books,A Summer In Europe,Unknown,2026-09-01,3990.6000000000004,2793.42,Good,1,2026-09-01,3990.6000000000004,Individual,Individual,Books to Scrape,False,0,0,0,0,Unknown,Unknown,False,False,,0,0,0,0,2,Unknown,Unknown,Resold
SCRAPED_TXN_00544,SCRAPED_PRD_00544,Books,A Short History of Nearly Everything,Unknown,2026-09-01,4716.0,3301.2,Good,1,2026-09-01,4716.0,Individual,Individual,Books to Scrape,False,0,0,0,0,Unknown,Unknown,False,False,,0,0,0,0,5,Unknown,Unknown,Resold
SCRAPED_TXN_00545,SCRAPED_PRD_00545,Books,A Gathering of Shadows (Shades of Magic #2),Unknown,2026-09-01,4032.9,2823.0299999999997,Good,1,2026-09-01,4032.9,Individual,Individual,Books to Scrape,False,0,0,0,0,Unknown,Unknown,False,False,,0,0,0,0,4,Unknown,Unknown,Resold
SCRAPED_TXN_00546,SCRAPED_PRD_00546,Books,The Sound Of Love,Unknown,2026-09-01,5205.6,3643.92,Good,1,2026-09-01,5205.6,Individual,Individual,Books to Scrape,False,0,0,0,0,Unknown,Unknown,False,False,,0,0,0,0,5,Unknown,Unknown,Resold
SCRAPED_TXN_00547,SCRAPED_PRD_00547,Books,The Rise and Fall of the Third Reich: A History of Nazi Germany,Unknown,2026-09-01,3570.3,2499.21,Good,1,2026-09-01,3570.3,Individual,Individual,Books to Scrape,False,0,0,0,0,Unknown,Unknown,False,False,,0,0,0,0,2,Unknown,Unknown,Resold
SCRAPED_TXN_00548,SCRAPED_PRD_00548,Books,The Perks of Being a Wallflower,Unknown,2026-09-01,4951.8,3466.2599999999998,Good,1,2026-09-01,4951.8,Individual,Individual,Books to Scrape,False,0,0,0,0,Unknown,Unknown,False,False,,0,0,0,0,3,Unknown,Unknown,Resold
SCRAPED_TXN_00549,SCRAPED_PRD_00549,Books,The Mysterious Affair at Styles (Hercule Poirot #1),Unknown,2026-09-01,2232.0,1562.3999999999999,Good,1,2026-09-01,2232.0,Individual,Individual,Books to Scrape,False,0,0,0,0,Unknown,Unknown,False,False,,0,0,0,0,4,Unknown,Unknown,Resold
SCRAPED_TXN_00550,SCRAPED_PRD_00550,Books,The Man Who Mistook His Wife for a Hat and Other Clinical Tales,Unknown,2026-09-01,5350.5,3745.35,Good,1,2026-09-01,5350.5,Individual,Individual,Books to Scrape,False,0,0,0,0,Unknown,Unknown,False,False,,0,0,0,0,4,Unknown,Unknown,Resold
SCRAPED_TXN_00551,SCRAPED_PRD_00551,Books,The Makings of a Fatherless Child,Unknown,2026-09-01,2842.2,1989.5399999999997,Good,1,2026-09-01,2842.2,Individual,Individual,Books to Scrape,False,0,0,0,0,Unknown,Unknown,False,False,,0,0,0,0,2,Unknown,Unknown,Resold
SCRAPED_TXN_00552,SCRAPED_PRD_00552,Books,The Joy of Cooking,Unknown,2026-09-01,3894.3,2726.0099999999998,Good,1,2026-09-01,3894.3,Individual,Individual,Books to Scrape,False,0,0,0,0,Unknown,Unknown,False,False,,0,0,0,0,4,Unknown,Unknown,Resold
SCRAPED_TXN_00553,SCRAPED_PRD_00553,Books,The Invention of Wings,Unknown,2026-09-01,3360.6000000000004,2352.42,Good,1,2026-09-01,3360.6000000000004,Individual,Individual,Books to Scrape,False,0,0,0,0,Unknown,Unknown,False,False,,0,0,0,0,1,Unknown,Unknown,Resold
SCRAPED_TXN_00554,SCRAPED_PRD_00554,Books,The Hobbit (Middle-Earth Universe),Unknown,2026-09-01,1602.0,1121.3999999999999,Good,1,2026-09-01,1602.0,Individual,Individual,Books to Scrape,False,0,0,0,0,Unknown,Unknown,False,False,,0,0,0,0,5,Unknown,Unknown,Resold
SCRAPED_TXN_00555,SCRAPED_PRD_00555,Books,The Great Railway Bazaar,Unknown,2026-09-01,2748.6,1924.0199999999998,Good,1,2026-09-01,2748.6,Individual,Individual,Books to Scrape,False,0,0,0,0,Unknown,Unknown,False,False,,0,0,0,0,1,Unknown,Unknown,Resold
SCRAPED_TXN_00556,SCRAPED_PRD_00556,Books,The Golden Compass (His Dark Materials #1),Unknown,2026-09-01,1689.3,1182.51,Good,1,2026-09-01,1689.3,Individual,Individual,Books to Scrape,False,0,0,0,0,Unknown,Unknown,False,False,,0,0,0,0,1,Unknown,Unknown,Resold
SCRAPED_TXN_00557,SCRAPED_PRD_00557,Books,The God Delusion,Unknown,2026-09-01,4216.5,2951.5499999999997,Good,1,2026-09-01,4216.5,Individual,Individual,Books to Scrape,False,0,0,0,0,Unknown,Unknown,False,False,,0,0,0,0,3,Unknown,Unknown,Resold
SCRAPED_TXN_00558,SCRAPED_PRD_00558,Books,The Girl You Left Behind (The Girl You Left Behind #1),Unknown,2026-09-01,1421.1,994.7699999999999,Good,1,2026-09-01,1421.1,Individual,Individual,Books to Scrape,False,0,0,0,0,Unknown,Unknown,False,False,,0,0,0,0,1,Unknown,Unknown,Resold
SCRAPED_TXN_00559,SCRAPED_PRD_00559,Books,The Fellowship of the Ring (The Lord of the Rings #1),Unknown,2026-09-01,924.3,647.0099999999999,Good,1,2026-09-01,924.3,Individual,Individual,Books to Scrape,False,0,0,0,0,Unknown,Unknown,False,False,,0,0,0,0,2,Unknown,Unknown,Resold
SCRAPED_TXN_00560,SCRAPED_PRD_00560,Books,The Collected Poems of W.B. Yeats (The Collected Works of W.B. Yeats #1),Unknown,2026-09-01,1387.8,971.4599999999999,Good,1,2026-09-01,1387.8,Individual,Individual,Books to Scrape,False,0,0,0,0,Unknown,Unknown,False,False,,0,0,0,0,5,Unknown,Unknown,Resold
SCRAPED_TXN_00561,SCRAPED_PRD_00561,Books,The Barefoot Contessa Cookbook,Unknown,2026-09-01,5392.8,3774.96,Good,1,2026-09-01,5392.8,Individual,Individual,Books to Scrape,False,0,0,0,0,Unknown,Unknown,False,False,,0,0,0,0,5,Unknown,Unknown,Resold
SCRAPED_TXN_00562,SCRAPED_PRD_00562,Books,Tell the Wolves I'm Home,Unknown,2026-09-01,4586.4,3210.4799999999996,Good,1,2026-09-01,4586.4,Individual,Individual,Books to Scrape,False,0,0,0,0,Unknown,Unknown,False,False,,0,0,0,0,2,Unknown,Unknown,Resold
SCRAPED_TXN_00563,SCRAPED_PRD_00563,Books,Ship Leaves Harbor: Essays on Travel by a Recovering Journeyman,Unknown,2026-09-01,2754.0,1927.8,Good,1,2026-09-01,2754.0,Individual,Individual,Books to Scrape,False,0,0,0,0,Unknown,Unknown,False,False,,0,0,0,0,3,Unknown,Unknown,Resold
SCRAPED_TXN_00564,SCRAPED_PRD_00564,Books,Pride and Prejudice,Unknown,2026-09-01,1734.3,1214.01,Good,1,2026-09-01,1734.3,Individual,Individual,Books to Scrape,False,0,0,0,0,Unknown,Unknown,False,False,,0,0,0,0,4,Unknown,Unknown,Resold
SCRAPED_TXN_00565,SCRAPED_PRD_00565,Books,Musicophilia: Tales of Music and the Brain,Unknown,2026-09-01,4192.2,2934.5399999999995,Good,1,2026-09-01,4192.2,Individual,Individual,Books to Scrape,False,0,0,0,0,Unknown,Unknown,False,False,,0,0,0,0,1,Unknown,Unknown,Resold
SCRAPED_TXN_00566,SCRAPED_PRD_00566,Books,Mere Christianity,Unknown,2026-09-01,4365.9,3056.1299999999997,Good,1,2026-09-01,4365.9,Individual,Individual,Books to Scrape,False,0,0,0,0,Unknown,Unknown,False,False,,0,0,0,0,3,Unknown,Unknown,Resold
SCRAPED_TXN_00567,SCRAPED_PRD_00567,Books,Me Before You (Me Before You #1),Unknown,2026-09-01,1711.8,1198.26,Good,1,2026-09-01,1711.8,Individual,Individual,Books to Scrape,False,0,0,0,0,Unknown,Unknown,False,False,,0,0,0,0,1,Unknown,Unknown,Resold
SCRAPED_TXN_00568,SCRAPED_PRD_00568,Books,In the Woods (Dublin Murder Squad #1),Unknown,2026-09-01,3454.2000000000003,2417.94,Good,1,2026-09-01,3454.2000000000003,Individual,Individual,Books to Scrape,False,0,0,0,0,Unknown,Unknown,False,False,,0,0,0,0,2,Unknown,Unknown,Resold
SCRAPED_TXN_00569,SCRAPED_PRD_00569,Books,In Cold Blood,Unknown,2026-09-01,4498.2,3148.74,Good,1,2026-09-01,4498.2,Individual,Individual,Books to Scrape,False,0,0,0,0,Unknown,Unknown,False,False,,0,0,0,0,4,Unknown,Unknown,Resold
SCRAPED_TXN_00570,SCRAPED_PRD_00570,Books,How to Stop Worrying and Start Living,Unknown,2026-09-01,4184.1,2928.87,Good,1,2026-09-01,4184.1,Individual,Individual,Books to Scrape,False,0,0,0,0,Unknown,Unknown,False,False,,0,0,0,0,5,Unknown,Unknown,Resold
SCRAPED_TXN_00571,SCRAPED_PRD_00571,Books,Give It Back,Unknown,2026-09-01,1648.8,1154.1599999999999,Good,1,2026-09-01,1648.8,Individual,Individual,Books to Scrape,False,0,0,0,0,Unknown,Unknown,False,False,,0,0,0,0,2,Unknown,Unknown,Resold
SCRAPED_TXN_00572,SCRAPED_PRD_00572,Books,"Girl, Interrupted",Unknown,2026-09-01,3792.6,2654.8199999999997,Good,1,2026-09-01,3792.6,Individual,Individual,Books to Scrape,False,0,0,0,0,Unknown,Unknown,False,False,,0,0,0,0,3,Unknown,Unknown,Resold
SCRAPED_TXN_00573,SCRAPED_PRD_00573,Books,Fun Home: A Family Tragicomic,Unknown,2026-09-01,5093.1,3565.17,Good,1,2026-09-01,5093.1,Individual,Individual,Books to Scrape,False,0,0,0,0,Unknown,Unknown,False,False,,0,0,0,0,4,Unknown,Unknown,Resold
SCRAPED_TXN_00574,SCRAPED_PRD_00574,Books,"Fruits Basket, Vol. 6 (Fruits Basket #6)",Unknown,2026-09-01,1886.4,1320.48,Good,1,2026-09-01,1886.4,Individual,Individual,Books to Scrape,False,0,0,0,0,Unknown,Unknown,False,False,,0,0,0,0,4,Unknown,Unknown,Resold
SCRAPED_TXN_00575,SCRAPED_PRD_00575,Books,Deception Point,Unknown,2026-09-01,3628.8,2540.16,Good,1,2026-09-01,3628.8,Individual,Individual,Books to Scrape,False,0,0,0,0,Unknown,Unknown,False,False,,0,0,0,0,4,Unknown,Unknown,Resold
SCRAPED_TXN_00576,SCRAPED_PRD_00576,Books,"Death Note, Vol. 6: Give-and-Take (Death Note #6)",Unknown,2026-09-01,3275.1,2292.5699999999997,Good,1,2026-09-01,3275.1,Individual,Individual,Books to Scrape,False,0,0,0,0,Unknown,Unknown,False,False,,0,0,0,0,3,Unknown,Unknown,Resold
SCRAPED_TXN_00577,SCRAPED_PRD_00577,Books,Catherine the Great: Portrait of a Woman,Unknown,2026-09-01,5269.5,3688.6499999999996,Good,1,2026-09-01,5269.5,Individual,Individual,Books to Scrape,False,0,0,0,0,Unknown,Unknown,False,False,,0,0,0,0,4,Unknown,Unknown,Resold
SCRAPED_TXN_00578,SCRAPED_PRD_00578,Books,Better Homes and Gardens New Cook Book,Unknown,2026-09-01,3564.9,2495.43,Good,1,2026-09-01,3564.9,Individual,Individual,Books to Scrape,False,0,0,0,0,Unknown,Unknown,False,False,,0,0,0,0,3,Unknown,Unknown,Resold
SCRAPED_TXN_00579,SCRAPED_PRD_00579,Books,An Unquiet Mind: A Memoir of Moods and Madness,Unknown,2026-09-01,1917.0,1341.8999999999999,Good,1,2026-09-01,1917.0,Individual,Individual,Books to Scrape,False,0,0,0,0,Unknown,Unknown,False,False,,0,0,0,0,3,Unknown,Unknown,Resold
SCRAPED_TXN_00580,SCRAPED_PRD_00580,Books,A Year in Provence (Provence #1),Unknown,2026-09-01,5119.2,3583.4399999999996,Good,1,2026-09-01,5119.2,Individual,Individual,Books to Scrape,False,0,0,0,0,Unknown,Unknown,False,False,,0,0,0,0,4,Unknown,Unknown,Resold
SCRAPED_TXN_00581,SCRAPED_PRD_00581,Books,World Without End (The Pillars of the Earth #2),Unknown,2026-09-01,2967.2999999999997,2077.1099999999997,Good,1,2026-09-01,2967.2999999999997,Individual,Individual,Books to Scrape,False,0,0,0,0,Unknown,Unknown,False,False,,0,0,0,0,4,Unknown,Unknown,Resold
SCRAPED_TXN_00582,SCRAPED_PRD_00582,Books,"Will Grayson, Will Grayson (Will Grayson, Will Grayson)",Unknown,2026-09-01,4257.900000000001,2980.53,Good,1,2026-09-01,4257.900000000001,Individual,Individual,Books to Scrape,False,0,0,0,0,Unknown,Unknown,False,False,,0,0,0,0,4,Unknown,Unknown,Resold
SCRAPED_TXN_00583,SCRAPED_PRD_00583,Books,Why Save the Bankers?: And Other Essays on Our Economic and Political Crisis,Unknown,2026-09-01,4380.3,3066.21,Good,1,2026-09-01,4380.3,Individual,Individual,Books to Scrape,False,0,0,0,0,Unknown,Unknown,False,False,,0,0,0,0,2,Unknown,Unknown,Resold
SCRAPED_TXN_00584,SCRAPED_PRD_00584,Books,Where She Went (If I Stay #2),Unknown,2026-09-01,3755.7,2628.99,Good,1,2026-09-01,3755.7,Individual,Individual,Books to Scrape,False,0,0,0,0,Unknown,Unknown,False,False,,0,0,0,0,4,Unknown,Unknown,Resold
SCRAPED_TXN_00585,SCRAPED_PRD_00585,Books,What If?: Serious Scientific Answers to Absurd Hypothetical Questions,Unknown,2026-09-01,4831.2,3381.8399999999997,Good,1,2026-09-01,4831.2,Individual,Individual,Books to Scrape,False,0,0,0,0,Unknown,Unknown,False,False,,0,0,0,0,4,Unknown,Unknown,Resold
SCRAPED_TXN_00586,SCRAPED_PRD_00586,Books,Two Summers,Unknown,2026-09-01,1317.6000000000001,922.32,Good,1,2026-09-01,1317.6000000000001,Individual,Individual,Books to Scrape,False,0,0,0,0,Unknown,Unknown,False,False,,0,0,0,0,1,Unknown,Unknown,Resold
SCRAPED_TXN_00587,SCRAPED_PRD_00587,Books,This Is Your Brain on Music: The Science of a Human Obsession,Unknown,2026-09-01,3456.0,2419.2,Good,1,2026-09-01,3456.0,Individual,Individual,Books to Scrape,False,0,0,0,0,Unknown,Unknown,False,False,,0,0,0,0,1,Unknown,Unknown,Resold
SCRAPED_TXN_00588,SCRAPED_PRD_00588,Books,The Secret Garden,Unknown,2026-09-01,1357.2,950.04,Good,1,2026-09-01,1357.2,Individual,Individual,Books to Scrape,False,0,0,0,0,Unknown,Unknown,False,False,,0,0,0,0,4,Unknown,Unknown,Resold
SCRAPED_TXN_00589,SCRAPED_PRD_00589,Books,The Raven King (The Raven Cycle #4),Unknown,2026-09-01,2751.3,1925.91,Good,1,2026-09-01,2751.3,Individual,Individual,Books to Scrape,False,0,0,0,0,Unknown,Unknown,False,False,,0,0,0,0,2,Unknown,Unknown,Resold
SCRAPED_TXN_00590,SCRAPED_PRD_00590,Books,The Raven Boys (The Raven Cycle #1),Unknown,2026-09-01,5196.6,3637.62,Good,1,2026-09-01,5196.6,Individual,Individual,Books to Scrape,False,0,0,0,0,Unknown,Unknown,False,False,,0,0,0,0,4,Unknown,Unknown,Resold
SCRAPED_TXN_00591,SCRAPED_PRD_00591,Books,The Power Greens Cookbook: 140 Delicious Superfood Recipes,Unknown,2026-09-01,994.5000000000001,696.1500000000001,Good,1,2026-09-01,994.5000000000001,Individual,Individual,Books to Scrape,False,0,0,0,0,Unknown,Unknown,False,False,,0,0,0,0,5,Unknown,Unknown,Resold
SCRAPED_TXN_00592,SCRAPED_PRD_00592,Books,The Metamorphosis,Unknown,2026-09-01,2572.2,1800.5399999999997,Good,1,2026-09-01,2572.2,Individual,Individual,Books to Scrape,False,0,0,0,0,Unknown,Unknown,False,False,,0,0,0,0,1,Unknown,Unknown,Resold
SCRAPED_TXN_00593,SCRAPED_PRD_00593,Books,The Mathews Men: Seven Brothers and the War Against Hitler's U-boats,Unknown,2026-09-01,3861.8999999999996,2703.3299999999995,Good,1,2026-09-01,3861.8999999999996,Individual,Individual,Books to Scrape,False,0,0,0,0,Unknown,Unknown,False,False,,0,0,0,0,5,Unknown,Unknown,Resold
SCRAPED_TXN_00594,SCRAPED_PRD_00594,Books,The Little Paris Bookshop,Unknown,2026-09-01,2225.7,1557.9899999999998,Good,1,2026-09-01,2225.7,Individual,Individual,Books to Scrape,False,0,0,0,0,Unknown,Unknown,False,False,,0,0,0,0,3,Unknown,Unknown,Resold
SCRAPED_TXN_00595,SCRAPED_PRD_00595,Books,The Hiding Place,Unknown,2026-09-01,5031.9,3522.3299999999995,Good,1,2026-09-01,5031.9,Individual,Individual,Books to Scrape,False,0,0,0,0,Unknown,Unknown,False,False,,0,0,0,0,4,Unknown,Unknown,Resold
SCRAPED_TXN_00596,SCRAPED_PRD_00596,Books,The Grand Design,Unknown,2026-09-01,1238.4,866.88,Good,1,2026-09-01,1238.4,Individual,Individual,Books to Scrape,False,0,0,0,0,Unknown,Unknown,False,False,,0,0,0,0,3,Unknown,Unknown,Resold
SCRAPED_TXN_00597,SCRAPED_PRD_00597,Books,The Firm,Unknown,2026-09-01,4100.400000000001,2870.28,Good,1,2026-09-01,4100.400000000001,Individual,Individual,Books to Scrape,False,0,0,0,0,Unknown,Unknown,False,False,,0,0,0,0,3,Unknown,Unknown,Resold
SCRAPED_TXN_00598,SCRAPED_PRD_00598,Books,The Fault in Our Stars,Unknown,2026-09-01,4249.8,2974.86,Good,1,2026-09-01,4249.8,Individual,Individual,Books to Scrape,False,0,0,0,0,Unknown,Unknown,False,False,,0,0,0,0,1,Unknown,Unknown,Resold
SCRAPED_TXN_00599,SCRAPED_PRD_00599,Books,The False Prince (The Ascendance Trilogy #1),Unknown,2026-09-01,5040.0,3528.0,Good,1,2026-09-01,5040.0,Individual,Individual,Books to Scrape,False,0,0,0,0,Unknown,Unknown,False,False,,0,0,0,0,5,Unknown,Unknown,Resold
SCRAPED_TXN_00600,SCRAPED_PRD_00600,Books,The Expatriates,Unknown,2026-09-01,4012.2,2808.5399999999995,Good,1,2026-09-01,4012.2,Individual,Individual,Books to Scrape,False,0,0,0,0,Unknown,Unknown,False,False,,0,0,0,0,2,Unknown,Unknown,Resold
SCRAPED_TXN_00601,SCRAPED_PRD_00601,Books,The Dream Thieves (The Raven Cycle #2),Unknown,2026-09-01,3105.0,2173.5,Good,1,2026-09-01,3105.0,Individual,Individual,Books to Scrape,False,0,0,0,0,Unknown,Unknown,False,False,,0,0,0,0,1,Unknown,Unknown,Resold
SCRAPED_TXN_00602,SCRAPED_PRD_00602,Books,The Darkest Corners,Unknown,2026-09-01,1019.7,713.79,Good,1,2026-09-01,1019.7,Individual,Individual,Books to Scrape,False,0,0,0,0,Unknown,Unknown,False,False,,0,0,0,0,5,Unknown,Unknown,Resold
SCRAPED_TXN_00603,SCRAPED_PRD_00603,Books,The Crossover,Unknown,2026-09-01,3489.3,2442.5099999999998,Good,1,2026-09-01,3489.3,Individual,Individual,Books to Scrape,False,0,0,0,0,Unknown,Unknown,False,False,,0,0,0,0,4,Unknown,Unknown,Resold
SCRAPED_TXN_00604,SCRAPED_PRD_00604,Books,The 5th Wave (The 5th Wave #1),Unknown,2026-09-01,1064.7,745.29,Good,1,2026-09-01,1064.7,Individual,Individual,Books to Scrape,False,0,0,0,0,Unknown,Unknown,False,False,,0,0,0,0,2,Unknown,Unknown,Resold
SCRAPED_TXN_00605,SCRAPED_PRD_00605,Books,Tell the Wind and Fire,Unknown,2026-09-01,4095.8999999999996,2867.1299999999997,Good,1,2026-09-01,4095.8999999999996,Individual,Individual,Books to Scrape,False,0,0,0,0,Unknown,Unknown,False,False,,0,0,0,0,3,Unknown,Unknown,Resold
SCRAPED_TXN_00606,SCRAPED_PRD_00606,Books,Tell Me Three Things,Unknown,2026-09-01,3762.9,2634.0299999999997,Good,1,2026-09-01,3762.9,Individual,Individual,Books to Scrape,False,0,0,0,0,Unknown,Unknown,False,False,,0,0,0,0,1,Unknown,Unknown,Resold
SCRAPED_TXN_00607,SCRAPED_PRD_00607,Books,Talking to Girls About Duran Duran: One Young Man's Quest for True Love and a Cooler Haircut,Unknown,2026-09-01,2263.5,1584.4499999999998,Good,1,2026-09-01,2263.5,Individual,Individual,Books to Scrape,False,0,0,0,0,Unknown,Unknown,False,False,,0,0,0,0,4,Unknown,Unknown,Resold
SCRAPED_TXN_00608,SCRAPED_PRD_00608,Books,Siddhartha,Unknown,2026-09-01,3079.7999999999997,2155.8599999999997,Good,1,2026-09-01,3079.7999999999997,Individual,Individual,Books to Scrape,False,0,0,0,0,Unknown,Unknown,False,False,,0,0,0,0,5,Unknown,Unknown,Resold
SCRAPED_TXN_00609,SCRAPED_PRD_00609,Books,Shiver (The Wolves of Mercy Falls #1),Unknown,2026-09-01,1460.7,1022.49,Good,1,2026-09-01,1460.7,Individual,Individual,Books to Scrape,False,0,0,0,0,Unknown,Unknown,False,False,,0,0,0,0,5,Unknown,Unknown,Resold
SCRAPED_TXN_00610,SCRAPED_PRD_00610,Books,Remember Me?,Unknown,2026-09-01,1033.2,723.24,Good,1,2026-09-01,1033.2,Individual,Individual,Books to Scrape,False,0,0,0,0,Unknown,Unknown,False,False,,0,0,0,0,3,Unknown,Unknown,Resold
SCRAPED_TXN_00611,SCRAPED_PRD_00611,Books,Red Dragon (Hannibal Lecter #1),Unknown,2026-09-01,2103.3,1472.31,Good,1,2026-09-01,2103.3,Individual,Individual,Books to Scrape,False,0,0,0,0,Unknown,Unknown,False,False,,0,0,0,0,3,Unknown,Unknown,Resold
SCRAPED_TXN_00612,SCRAPED_PRD_00612,Books,Peak: Secrets from the New Science of Expertise,Unknown,2026-09-01,1465.2,1025.6399999999999,Good,1,2026-09-01,1465.2,Individual,Individual,Books to Scrape,False,0,0,0,0,Unknown,Unknown,False,False,,0,0,0,0,2,Unknown,Unknown,Resold
SCRAPED_TXN_00613,SCRAPED_PRD_00613,Books,My Mother Was Nuts,Unknown,2026-09-01,2846.7,1992.6899999999998,Good,1,2026-09-01,2846.7,Individual,Individual,Books to Scrape,False,0,0,0,0,Unknown,Unknown,False,False,,0,0,0,0,4,Unknown,Unknown,Resold
SCRAPED_TXN_00614,SCRAPED_PRD_00614,Books,Mexican Today: New and Rediscovered Recipes for Contemporary Kitchens,Unknown,2026-09-01,2241.9,1569.33,Good,1,2026-09-01,2241.9,Individual,Individual,Books to Scrape,False,0,0,0,0,Unknown,Unknown,False,False,,0,0,0,0,5,Unknown,Unknown,Resold
SCRAPED_TXN_00615,SCRAPED_PRD_00615,Books,Maybe Something Beautiful: How Art Transformed a Neighborhood,Unknown,2026-09-01,2028.6,1420.0199999999998,Good,1,2026-09-01,2028.6,Individual,Individual,Books to Scrape,False,0,0,0,0,Unknown,Unknown,False,False,,0,0,0,0,1,Unknown,Unknown,Resold
SCRAPED_TXN_00616,SCRAPED_PRD_00616,Books,Lola and the Boy Next Door (Anna and the French Kiss #2),Unknown,2026-09-01,2126.7,1488.6899999999998,Good,1,2026-09-01,2126.7,Individual,Individual,Books to Scrape,False,0,0,0,0,Unknown,Unknown,False,False,,0,0,0,0,4,Unknown,Unknown,Resold
SCRAPED_TXN_00617,SCRAPED_PRD_00617,Books,Logan Kade (Fallen Crest High #5.5),Unknown,2026-09-01,1180.8,826.56,Good,1,2026-09-01,1180.8,Individual,Individual,Books to Scrape,False,0,0,0,0,Unknown,Unknown,False,False,,0,0,0,0,2,Unknown,Unknown,Resold
SCRAPED_TXN_00618,SCRAPED_PRD_00618,Books,Last One Home (New Beginnings #1),Unknown,2026-09-01,5398.2,3778.74,Good,1,2026-09-01,5398.2,Individual,Individual,Books to Scrape,False,0,0,0,0,Unknown,Unknown,False,False,,0,0,0,0,3,Unknown,Unknown,Resold
SCRAPED_TXN_00619,SCRAPED_PRD_00619,Books,Killing Floor (Jack Reacher #1),Unknown,2026-09-01,2834.1,1983.87,Good,1,2026-09-01,2834.1,Individual,Individual,Books to Scrape,False,0,0,0,0,Unknown,Unknown,False,False,,0,0,0,0,4,Unknown,Unknown,Resold
SCRAPED_TXN_00620,SCRAPED_PRD_00620,Books,Kill the Boy Band,Unknown,2026-09-01,1396.8,977.7599999999999,Good,1,2026-09-01,1396.8,Individual,Individual,Books to Scrape,False,0,0,0,0,Unknown,Unknown,False,False,,0,0,0,0,5,Unknown,Unknown,Resold
SCRAPED_TXN_00621,SCRAPED_PRD_00621,Books,Isla and the Happily Ever After (Anna and the French Kiss #3),Unknown,2026-09-01,4331.7,3032.1899999999996,Good,1,2026-09-01,4331.7,Individual,Individual,Books to Scrape,False,0,0,0,0,Unknown,Unknown,False,False,,0,0,0,0,5,Unknown,Unknown,Resold
SCRAPED_TXN_00622,SCRAPED_PRD_00622,Books,If I Stay (If I Stay #1),Unknown,2026-09-01,3431.7000000000003,2402.19,Good,1,2026-09-01,3431.7000000000003,Individual,Individual,Books to Scrape,False,0,0,0,0,Unknown,Unknown,False,False,,0,0,0,0,5,Unknown,Unknown,Resold
SCRAPED_TXN_00623,SCRAPED_PRD_00623,Books,I Know Why the Caged Bird Sings (Maya Angelou's Autobiography #1),Unknown,2026-09-01,3289.4999999999995,2302.6499999999996,Good,1,2026-09-01,3289.4999999999995,Individual,Individual,Books to Scrape,False,0,0,0,0,Unknown,Unknown,False,False,,0,0,0,0,2,Unknown,Unknown,Resold
SCRAPED_TXN_00624,SCRAPED_PRD_00624,Books,Harry Potter and the Deathly Hallows (Harry Potter #7),Unknown,2026-09-01,2098.8,1469.16,Good,1,2026-09-01,2098.8,Individual,Individual,Books to Scrape,False,0,0,0,0,Unknown,Unknown,False,False,,0,0,0,0,1,Unknown,Unknown,Resold
SCRAPED_TXN_00625,SCRAPED_PRD_00625,Books,"Fruits Basket, Vol. 5 (Fruits Basket #5)",Unknown,2026-09-01,1469.6999999999998,1028.7899999999997,Good,1,2026-09-01,1469.6999999999998,Individual,Individual,Books to Scrape,False,0,0,0,0,Unknown,Unknown,False,False,,0,0,0,0,1,Unknown,Unknown,Resold
SCRAPED_TXN_00626,SCRAPED_PRD_00626,Books,Foundation (Foundation (Publication Order) #1),Unknown,2026-09-01,2917.8,2042.46,Good,1,2026-09-01,2917.8,Individual,Individual,Books to Scrape,False,0,0,0,0,Unknown,Unknown,False,False,,0,0,0,0,1,Unknown,Unknown,Resold
SCRAPED_TXN_00627,SCRAPED_PRD_00627,Books,Fool Me Once,Unknown,2026-09-01,1526.4,1068.48,Good,1,2026-09-01,1526.4,Individual,Individual,Books to Scrape,False,0,0,0,0,Unknown,Unknown,False,False,,0,0,0,0,1,Unknown,Unknown,Resold
SCRAPED_TXN_00628,SCRAPED_PRD_00628,Books,Find Her (Detective D.D. Warren #8),Unknown,2026-09-01,2013.3000000000002,1409.31,Good,1,2026-09-01,2013.3000000000002,Individual,Individual,Books to Scrape,False,0,0,0,0,Unknown,Unknown,False,False,,0,0,0,0,1,Unknown,Unknown,Resold
SCRAPED_TXN_00629,SCRAPED_PRD_00629,Books,Evicted: Poverty and Profit in the American City,Unknown,2026-09-01,3804.3,2663.0099999999998,Good,1,2026-09-01,3804.3,Individual,Individual,Books to Scrape,False,0,0,0,0,Unknown,Unknown,False,False,,0,0,0,0,1,Unknown,Unknown,Resold
SCRAPED_TXN_00630,SCRAPED_PRD_00630,Books,Drama,Unknown,2026-09-01,3483.0000000000005,2438.1000000000004,Good,1,2026-09-01,3483.0000000000005,Individual,Individual,Books to Scrape,False,0,0,0,0,Unknown,Unknown,False,False,,0,0,0,0,2,Unknown,Unknown,Resold
SCRAPED_TXN_00631,SCRAPED_PRD_00631,Books,Dracula the Un-Dead,Unknown,2026-09-01,3206.7000000000003,2244.69,Good,1,2026-09-01,3206.7000000000003,Individual,Individual,Books to Scrape,False,0,0,0,0,Unknown,Unknown,False,False,,0,0,0,0,5,Unknown,Unknown,Resold
SCRAPED_TXN_00632,SCRAPED_PRD_00632,Books,Digital Fortress,Unknown,2026-09-01,5220.0,3653.9999999999995,Good,1,2026-09-01,5220.0,Individual,Individual,Books to Scrape,False,0,0,0,0,Unknown,Unknown,False,False,,0,0,0,0,5,Unknown,Unknown,Resold
SCRAPED_TXN_00633,SCRAPED_PRD_00633,Books,"Death Note, Vol. 5: Whiteout (Death Note #5)",Unknown,2026-09-01,4716.9,3301.8299999999995,Good,1,2026-09-01,4716.9,Individual,Individual,Books to Scrape,False,0,0,0,0,Unknown,Unknown,False,False,,0,0,0,0,1,Unknown,Unknown,Resold
SCRAPED_TXN_00634,SCRAPED_PRD_00634,Books,"Data, A Love Story: How I Gamed Online Dating to Meet My Match",Unknown,2026-09-01,2911.5,2038.05,Good,1,2026-09-01,2911.5,Individual,Individual,Books to Scrape,False,0,0,0,0,Unknown,Unknown,False,False,,0,0,0,0,3,Unknown,Unknown,Resold
SCRAPED_TXN_00635,SCRAPED_PRD_00635,Books,Critique of Pure Reason,Unknown,2026-09-01,1867.5,1307.25,Good,1,2026-09-01,1867.5,Individual,Individual,Books to Scrape,False,0,0,0,0,Unknown,Unknown,False,False,,0,0,0,0,1,Unknown,Unknown,Resold
SCRAPED_TXN_00636,SCRAPED_PRD_00636,Books,Booked,Unknown,2026-09-01,1574.1,1101.87,Good,1,2026-09-01,1574.1,Individual,Individual,Books to Scrape,False,0,0,0,0,Unknown,Unknown,False,False,,0,0,0,0,5,Unknown,Unknown,Resold
SCRAPED_TXN_00637,SCRAPED_PRD_00637,Books,"Blue Lily, Lily Blue (The Raven Cycle #3)",Unknown,2026-09-01,3071.7000000000003,2150.19,Good,1,2026-09-01,3071.7000000000003,Individual,Individual,Books to Scrape,False,0,0,0,0,Unknown,Unknown,False,False,,0,0,0,0,5,Unknown,Unknown,Resold
SCRAPED_TXN_00638,SCRAPED_PRD_00638,Books,Approval Junkie: Adventures in Caring Too Much,Unknown,2026-09-01,5292.900000000001,3705.03,Good,1,2026-09-01,5292.900000000001,Individual,Individual,Books to Scrape,False,0,0,0,0,Unknown,Unknown,False,False,,0,0,0,0,5,Unknown,Unknown,Resold
SCRAPED_TXN_00639,SCRAPED_PRD_00639,Books,An Abundance of Katherines,Unknown,2026-09-01,900.0,630.0,Good,1,2026-09-01,900.0,Individual,Individual,Books to Scrape,False,0,0,0,0,Unknown,Unknown,False,False,,0,0,0,0,5,Unknown,Unknown,Resold
SCRAPED_TXN_00640,SCRAPED_PRD_00640,Books,America's War for the Greater Middle East: A Military History,Unknown,2026-09-01,4609.8,3226.86,Good,1,2026-09-01,4609.8,Individual,Individual,Books to Scrape,False,0,0,0,0,Unknown,Unknown,False,False,,0,0,0,0,2,Unknown,Unknown,Resold
SCRAPED_TXN_00641,SCRAPED_PRD_00641,Books,Alight (The Generations Trilogy #2),Unknown,2026-09-01,5273.1,3691.17,Good,1,2026-09-01,5273.1,Individual,Individual,Books to Scrape,False,0,0,0,0,Unknown,Unknown,False,False,,0,0,0,0,4,Unknown,Unknown,Resold
SCRAPED_TXN_00642,SCRAPED_PRD_00642,Books,A Girl's Guide to Moving On (New Beginnings #2),Unknown,2026-09-01,2817.0,1971.8999999999999,Good,1,2026-09-01,2817.0,Individual,Individual,Books to Scrape,False,0,0,0,0,Unknown,Unknown,False,False,,0,0,0,0,1,Unknown,Unknown,Resold
SCRAPED_TXN_00643,SCRAPED_PRD_00643,Books,A Game of Thrones (A Song of Ice and Fire #1),Unknown,2026-09-01,4177.8,2924.46,Good,1,2026-09-01,4177.8,Individual,Individual,Books to Scrape,False,0,0,0,0,Unknown,Unknown,False,False,,0,0,0,0,2,Unknown,Unknown,Resold
SCRAPED_TXN_00644,SCRAPED_PRD_00644,Books,A Feast for Crows (A Song of Ice and Fire #4),Unknown,2026-09-01,1548.9,1084.23,Good,1,2026-09-01,1548.9,Individual,Individual,Books to Scrape,False,0,0,0,0,Unknown,Unknown,False,False,,0,0,0,0,4,Unknown,Unknown,Resold
SCRAPED_TXN_00645,SCRAPED_PRD_00645,Books,A Clash of Kings (A Song of Ice and Fire #2),Unknown,2026-09-01,971.0999999999999,679.7699999999999,Good,1,2026-09-01,971.0999999999999,Individual,Individual,Books to Scrape,False,0,0,0,0,Unknown,Unknown,False,False,,0,0,0,0,3,Unknown,Unknown,Resold
SCRAPED_TXN_00646,SCRAPED_PRD_00646,Books,Vogue Colors A to Z: A Fashion Coloring Book,Unknown,2026-09-01,4711.5,3298.0499999999997,Good,1,2026-09-01,4711.5,Individual,Individual,Books to Scrape,False,0,0,0,0,Unknown,Unknown,False,False,,0,0,0,0,4,Unknown,Unknown,Resold
SCRAPED_TXN_00647,SCRAPED_PRD_00647,Books,The Shining (The Shining #1),Unknown,2026-09-01,2509.2,1756.4399999999998,Good,1,2026-09-01,2509.2,Individual,Individual,Books to Scrape,False,0,0,0,0,Unknown,Unknown,False,False,,0,0,0,0,3,Unknown,Unknown,Resold
SCRAPED_TXN_00648,SCRAPED_PRD_00648,Books,The Pilgrim's Progress,Unknown,2026-09-01,4523.4,3166.3799999999997,Good,1,2026-09-01,4523.4,Individual,Individual,Books to Scrape,False,0,0,0,0,Unknown,Unknown,False,False,,0,0,0,0,2,Unknown,Unknown,Resold
SCRAPED_TXN_00649,SCRAPED_PRD_00649,Books,The Perfect Play (Play by Play #1),Unknown,2026-09-01,5399.1,3779.37,Good,1,2026-09-01,5399.1,Individual,Individual,Books to Scrape,False,0,0,0,0,Unknown,Unknown,False,False,,0,0,0,0,3,Unknown,Unknown,Resold
SCRAPED_TXN_00650,SCRAPED_PRD_00650,Books,The Passion of Dolssa,Unknown,2026-09-01,2548.8,1784.16,Good,1,2026-09-01,2548.8,Individual,Individual,Books to Scrape,False,0,0,0,0,Unknown,Unknown,False,False,,0,0,0,0,5,Unknown,Unknown,Resold
SCRAPED_TXN_00651,SCRAPED_PRD_00651,Books,The Jazz of Physics: The Secret Link Between Music and the Structure of the Universe,Unknown,2026-09-01,3483.9,2438.73,Good,1,2026-09-01,3483.9,Individual,Individual,Books to Scrape,False,0,0,0,0,Unknown,Unknown,False,False,,0,0,0,0,3,Unknown,Unknown,Resold
SCRAPED_TXN_00652,SCRAPED_PRD_00652,Books,The Hunger Games (The Hunger Games #1),Unknown,2026-09-01,2686.5,1880.55,Good,1,2026-09-01,2686.5,Individual,Individual,Books to Scrape,False,0,0,0,0,Unknown,Unknown,False,False,,0,0,0,0,5,Unknown,Unknown,Resold
SCRAPED_TXN_00653,SCRAPED_PRD_00653,Books,The Hound of the Baskervilles (Sherlock Holmes #5),Unknown,2026-09-01,1333.8,933.6599999999999,Good,1,2026-09-01,1333.8,Individual,Individual,Books to Scrape,False,0,0,0,0,Unknown,Unknown,False,False,,0,0,0,0,2,Unknown,Unknown,Resold
SCRAPED_TXN_00654,SCRAPED_PRD_00654,Books,The Gunning of America: Business and the Making of American Gun Culture,Unknown,2026-09-01,1512.8999999999999,1059.0299999999997,Good,1,2026-09-01,1512.8999999999999,Individual,Individual,Books to Scrape,False,0,0,0,0,Unknown,Unknown,False,False,,0,0,0,0,4,Unknown,Unknown,Resold
SCRAPED_TXN_00655,SCRAPED_PRD_00655,Books,The Geography of Bliss: One Grump's Search for the Happiest Places in the World,Unknown,2026-09-01,2540.7,1778.4899999999998,Good,1,2026-09-01,2540.7,Individual,Individual,Books to Scrape,False,0,0,0,0,Unknown,Unknown,False,False,,0,0,0,0,2,Unknown,Unknown,Resold
SCRAPED_TXN_00656,SCRAPED_PRD_00656,Books,The Demonists (Demonist #1),Unknown,2026-09-01,4689.9,3282.9299999999994,Good,1,2026-09-01,4689.9,Individual,Individual,Books to Scrape,False,0,0,0,0,Unknown,Unknown,False,False,,0,0,0,0,2,Unknown,Unknown,Resold
SCRAPED_TXN_00657,SCRAPED_PRD_00657,Books,"The Demon Prince of Momochi House, Vol. 4 (The Demon Prince of Momochi House #4)",Unknown,2026-09-01,2509.2,1756.4399999999998,Good,1,2026-09-01,2509.2,Individual,Individual,Books to Scrape,False,0,0,0,0,Unknown,Unknown,False,False,,0,0,0,0,2,Unknown,Unknown,Resold
SCRAPED_TXN_00658,SCRAPED_PRD_00658,Books,The Bone Hunters (Lexy Vaughan & Steven Macaulay #2),Unknown,2026-09-01,5373.9,3761.7299999999996,Good,1,2026-09-01,5373.9,Individual,Individual,Books to Scrape,False,0,0,0,0,Unknown,Unknown,False,False,,0,0,0,0,3,Unknown,Unknown,Resold
SCRAPED_TXN_00659,SCRAPED_PRD_00659,Books,The Beast (Black Dagger Brotherhood #14),Unknown,2026-09-01,4147.2,2903.0399999999995,Good,1,2026-09-01,4147.2,Individual,Individual,Books to Scrape,False,0,0,0,0,Unknown,Unknown,False,False,,0,0,0,0,5,Unknown,Unknown,Resold
SCRAPED_TXN_00660,SCRAPED_PRD_00660,Books,Some Women,Unknown,2026-09-01,1235.7,864.99,Good,1,2026-09-01,1235.7,Individual,Individual,Books to Scrape,False,0,0,0,0,Unknown,Unknown,False,False,,0,0,0,0,5,Unknown,Unknown,Resold
SCRAPED_TXN_00661,SCRAPED_PRD_00661,Books,Shopaholic Ties the Knot (Shopaholic #3),Unknown,2026-09-01,4355.1,3048.57,Good,1,2026-09-01,4355.1,Individual,Individual,Books to Scrape,False,0,0,0,0,Unknown,Unknown,False,False,,0,0,0,0,5,Unknown,Unknown,Resold
SCRAPED_TXN_00662,SCRAPED_PRD_00662,Books,Paper and Fire (The Great Library #2),Unknown,2026-09-01,4450.5,3115.35,Good,1,2026-09-01,4450.5,Individual,Individual,Books to Scrape,False,0,0,0,0,Unknown,Unknown,False,False,,0,0,0,0,5,Unknown,Unknown,Resold
SCRAPED_TXN_00663,SCRAPED_PRD_00663,Books,Outlander (Outlander #1),Unknown,2026-09-01,1770.3000000000002,1239.21,Good,1,2026-09-01,1770.3000000000002,Individual,Individual,Books to Scrape,False,0,0,0,0,Unknown,Unknown,False,False,,0,0,0,0,5,Unknown,Unknown,Resold
SCRAPED_TXN_00664,SCRAPED_PRD_00664,Books,"Orchestra of Exiles: The Story of Bronislaw Huberman, the Israel Philharmonic, and the One Thousand Jews He Saved from Nazi Horrors",Unknown,2026-09-01,1112.3999999999999,778.6799999999998,Good,1,2026-09-01,1112.3999999999999,Individual,Individual,Books to Scrape,False,0,0,0,0,Unknown,Unknown,False,False,,0,0,0,0,3,Unknown,Unknown,Resold
SCRAPED_TXN_00665,SCRAPED_PRD_00665,Books,No One Here Gets Out Alive,Unknown,2026-09-01,1801.8,1261.26,Good,1,2026-09-01,1801.8,Individual,Individual,Books to Scrape,False,0,0,0,0,Unknown,Unknown,False,False,,0,0,0,0,5,Unknown,Unknown,Resold
SCRAPED_TXN_00666,SCRAPED_PRD_00666,Books,Night Shift (Night Shift #1-20),Unknown,2026-09-01,1147.5,803.25,Good,1,2026-09-01,1147.5,Individual,Individual,Books to Scrape,False,0,0,0,0,Unknown,Unknown,False,False,,0,0,0,0,4,Unknown,Unknown,Resold
SCRAPED_TXN_00667,SCRAPED_PRD_00667,Books,Needful Things,Unknown,2026-09-01,4275.9,2993.1299999999997,Good,1,2026-09-01,4275.9,Individual,Individual,Books to Scrape,False,0,0,0,0,Unknown,Unknown,False,False,,0,0,0,0,4,Unknown,Unknown,Resold
SCRAPED_TXN_00668,SCRAPED_PRD_00668,Books,Mockingjay (The Hunger Games #3),Unknown,2026-09-01,1839.6000000000001,1287.72,Good,1,2026-09-01,1839.6000000000001,Individual,Individual,Books to Scrape,False,0,0,0,0,Unknown,Unknown,False,False,,0,0,0,0,4,Unknown,Unknown,Resold
SCRAPED_TXN_00669,SCRAPED_PRD_00669,Books,Misery,Unknown,2026-09-01,3131.1,2191.77,Good,1,2026-09-01,3131.1,Individual,Individual,Books to Scrape,False,0,0,0,0,Unknown,Unknown,False,False,,0,0,0,0,2,Unknown,Unknown,Resold
SCRAPED_TXN_00670,SCRAPED_PRD_00670,Books,Little Women (Little Women #1),Unknown,2026-09-01,2526.3,1768.41,Good,1,2026-09-01,2526.3,Individual,Individual,Books to Scrape,False,0,0,0,0,Unknown,Unknown,False,False,,0,0,0,0,4,Unknown,Unknown,Resold
SCRAPED_TXN_00671,SCRAPED_PRD_00671,Books,It,Unknown,2026-09-01,2250.9,1575.6299999999999,Good,1,2026-09-01,2250.9,Individual,Individual,Books to Scrape,False,0,0,0,0,Unknown,Unknown,False,False,,0,0,0,0,3,Unknown,Unknown,Resold
SCRAPED_TXN_00672,SCRAPED_PRD_00672,Books,Harry Potter and the Sorcerer's Stone (Harry Potter #1),Unknown,2026-09-01,1251.0,875.6999999999999,Good,1,2026-09-01,1251.0,Individual,Individual,Books to Scrape,False,0,0,0,0,Unknown,Unknown,False,False,,0,0,0,0,3,Unknown,Unknown,Resold
SCRAPED_TXN_00673,SCRAPED_PRD_00673,Books,Harry Potter and the Prisoner of Azkaban (Harry Potter #3),Unknown,2026-09-01,2175.3,1522.71,Good,1,2026-09-01,2175.3,Individual,Individual,Books to Scrape,False,0,0,0,0,Unknown,Unknown,False,False,,0,0,0,0,4,Unknown,Unknown,Resold
SCRAPED_TXN_00674,SCRAPED_PRD_00674,Books,Harry Potter and the Order of the Phoenix (Harry Potter #5),Unknown,2026-09-01,2846.7,1992.6899999999998,Good,1,2026-09-01,2846.7,Individual,Individual,Books to Scrape,False,0,0,0,0,Unknown,Unknown,False,False,,0,0,0,0,4,Unknown,Unknown,Resold
SCRAPED_TXN_00675,SCRAPED_PRD_00675,Books,Harry Potter and the Half-Blood Prince (Harry Potter #6),Unknown,2026-09-01,4387.5,3071.25,Good,1,2026-09-01,4387.5,Individual,Individual,Books to Scrape,False,0,0,0,0,Unknown,Unknown,False,False,,0,0,0,0,5,Unknown,Unknown,Resold
SCRAPED_TXN_00676,SCRAPED_PRD_00676,Books,Harry Potter and the Chamber of Secrets (Harry Potter #2),Unknown,2026-09-01,1326.6,928.6199999999999,Good,1,2026-09-01,1326.6,Individual,Individual,Books to Scrape,False,0,0,0,0,Unknown,Unknown,False,False,,0,0,0,0,1,Unknown,Unknown,Resold
SCRAPED_TXN_00677,SCRAPED_PRD_00677,Books,Gone with the Wind,Unknown,2026-09-01,2924.1000000000004,2046.8700000000001,Good,1,2026-09-01,2924.1000000000004,Individual,Individual,Books to Scrape,False,0,0,0,0,Unknown,Unknown,False,False,,0,0,0,0,3,Unknown,Unknown,Resold
SCRAPED_TXN_00678,SCRAPED_PRD_00678,Books,God Is Not Great: How Religion Poisons Everything,Unknown,2026-09-01,2502.0,1751.3999999999999,Good,1,2026-09-01,2502.0,Individual,Individual,Books to Scrape,False,0,0,0,0,Unknown,Unknown,False,False,,0,0,0,0,1,Unknown,Unknown,Resold
SCRAPED_TXN_00679,SCRAPED_PRD_00679,Books,Girl With a Pearl Earring,Unknown,2026-09-01,2409.3,1686.51,Good,1,2026-09-01,2409.3,Individual,Individual,Books to Scrape,False,0,0,0,0,Unknown,Unknown,False,False,,0,0,0,0,1,Unknown,Unknown,Resold
SCRAPED_TXN_00680,SCRAPED_PRD_00680,Books,"Fruits Basket, Vol. 4 (Fruits Basket #4)",Unknown,2026-09-01,4539.599999999999,3177.7199999999993,Good,1,2026-09-01,4539.599999999999,Individual,Individual,Books to Scrape,False,0,0,0,0,Unknown,Unknown,False,False,,0,0,0,0,4,Unknown,Unknown,Resold
SCRAPED_TXN_00681,SCRAPED_PRD_00681,Books,Far From True (Promise Falls Trilogy #2),Unknown,2026-09-01,3143.7,2200.5899999999997,Good,1,2026-09-01,3143.7,Individual,Individual,Books to Scrape,False,0,0,0,0,Unknown,Unknown,False,False,,0,0,0,0,2,Unknown,Unknown,Resold
SCRAPED_TXN_00682,SCRAPED_PRD_00682,Books,Dark Lover (Black Dagger Brotherhood #1),Unknown,2026-09-01,1158.3,810.81,Good,1,2026-09-01,1158.3,Individual,Individual,Books to Scrape,False,0,0,0,0,Unknown,Unknown,False,False,,0,0,0,0,1,Unknown,Unknown,Resold
SCRAPED_TXN_00683,SCRAPED_PRD_00683,Books,Confessions of a Shopaholic (Shopaholic #1),Unknown,2026-09-01,4404.599999999999,3083.2199999999993,Good,1,2026-09-01,4404.599999999999,Individual,Individual,Books to Scrape,False,0,0,0,0,Unknown,Unknown,False,False,,0,0,0,0,2,Unknown,Unknown,Resold
SCRAPED_TXN_00684,SCRAPED_PRD_00684,Books,Changing the Game (Play by Play #2),Unknown,2026-09-01,1204.2,842.9399999999999,Good,1,2026-09-01,1204.2,Individual,Individual,Books to Scrape,False,0,0,0,0,Unknown,Unknown,False,False,,0,0,0,0,3,Unknown,Unknown,Resold
SCRAPED_TXN_00685,SCRAPED_PRD_00685,Books,Candide,Unknown,2026-09-01,5276.7,3693.6899999999996,Good,1,2026-09-01,5276.7,Individual,Individual,Books to Scrape,False,0,0,0,0,Unknown,Unknown,False,False,,0,0,0,0,3,Unknown,Unknown,Resold
SCRAPED_TXN_00686,SCRAPED_PRD_00686,Books,Can You Keep a Secret?,Unknown,2026-09-01,1974.6000000000001,1382.22,Good,1,2026-09-01,1974.6000000000001,Individual,Individual,Books to Scrape,False,0,0,0,0,Unknown,Unknown,False,False,,0,0,0,0,1,Unknown,Unknown,Resold
SCRAPED_TXN_00687,SCRAPED_PRD_00687,Books,Atlas Shrugged,Unknown,2026-09-01,2392.2,1674.5399999999997,Good,1,2026-09-01,2392.2,Individual,Individual,Books to Scrape,False,0,0,0,0,Unknown,Unknown,False,False,,0,0,0,0,5,Unknown,Unknown,Resold
SCRAPED_TXN_00688,SCRAPED_PRD_00688,Books,Animal Farm,Unknown,2026-09-01,5149.8,3604.8599999999997,Good,1,2026-09-01,5149.8,Individual,Individual,Books to Scrape,False,0,0,0,0,Unknown,Unknown,False,False,,0,0,0,0,3,Unknown,Unknown,Resold
SCRAPED_TXN_00689,SCRAPED_PRD_00689,Books,A Walk to Remember,Unknown,2026-09-01,5078.7,3555.0899999999997,Good,1,2026-09-01,5078.7,Individual,Individual,Books to Scrape,False,0,0,0,0,Unknown,Unknown,False,False,,0,0,0,0,1,Unknown,Unknown,Resold
SCRAPED_TXN_00690,SCRAPED_PRD_00690,Books,A New Earth: Awakening to Your Life's Purpose,Unknown,2026-09-01,5008.5,3505.95,Good,1,2026-09-01,5008.5,Individual,Individual,Books to Scrape,False,0,0,0,0,Unknown,Unknown,False,False,,0,0,0,0,5,Unknown,Unknown,Resold
SCRAPED_TXN_00691,SCRAPED_PRD_00691,Books,"A History of God: The 4,000-Year Quest of Judaism, Christianity, and Islam",Unknown,2026-09-01,2485.8,1740.06,Good,1,2026-09-01,2485.8,Individual,Individual,Books to Scrape,False,0,0,0,0,Unknown,Unknown,False,False,,0,0,0,0,1,Unknown,Unknown,Resold
SCRAPED_TXN_00692,SCRAPED_PRD_00692,Books,'Salem's Lot,Unknown,2026-09-01,4460.400000000001,3122.28,Good,1,2026-09-01,4460.400000000001,Individual,Individual,Books to Scrape,False,0,0,0,0,Unknown,Unknown,False,False,,0,0,0,0,4,Unknown,Unknown,Resold
SCRAPED_TXN_00693,SCRAPED_PRD_00693,Books,Zero History (Blue Ant #3),Unknown,2026-09-01,3129.3,2190.5099999999998,Good,1,2026-09-01,3129.3,Individual,Individual,Books to Scrape,False,0,0,0,0,Unknown,Unknown,False,False,,0,0,0,0,1,Unknown,Unknown,Resold
SCRAPED_TXN_00694,SCRAPED_PRD_00694,Books,Wuthering Heights,Unknown,2026-09-01,1595.7,1116.99,Good,1,2026-09-01,1595.7,Individual,Individual,Books to Scrape,False,0,0,0,0,Unknown,Unknown,False,False,,0,0,0,0,3,Unknown,Unknown,Resold
SCRAPED_TXN_00695,SCRAPED_PRD_00695,Books,World War Z: An Oral History of the Zombie War,Unknown,2026-09-01,1962.0,1373.3999999999999,Good,1,2026-09-01,1962.0,Individual,Individual,Books to Scrape,False,0,0,0,0,Unknown,Unknown,False,False,,0,0,0,0,1,Unknown,Unknown,Resold
SCRAPED_TXN_00696,SCRAPED_PRD_00696,Books,Wild: From Lost to Found on the Pacific Crest Trail,Unknown,2026-09-01,4141.8,2899.2599999999998,Good,1,2026-09-01,4141.8,Individual,Individual,Books to Scrape,False,0,0,0,0,Unknown,Unknown,False,False,,0,0,0,0,3,Unknown,Unknown,Resold
SCRAPED_TXN_00697,SCRAPED_PRD_00697,Books,"Where'd You Go, Bernadette",Unknown,2026-09-01,1631.6999999999998,1142.1899999999998,Good,1,2026-09-01,1631.6999999999998,Individual,Individual,Books to Scrape,False,0,0,0,0,Unknown,Unknown,False,False,,0,0,0,0,1,Unknown,Unknown,Resold
SCRAPED_TXN_00698,SCRAPED_PRD_00698,Books,When You Are Engulfed in Flames,Unknown,2026-09-01,2780.1,1946.0699999999997,Good,1,2026-09-01,2780.1,Individual,Individual,Books to Scrape,False,0,0,0,0,Unknown,Unknown,False,False,,0,0,0,0,5,Unknown,Unknown,Resold
SCRAPED_TXN_00699,SCRAPED_PRD_00699,Books,We the People: The Modern-Day Figures Who Have Reshaped and Affirmed the Founding Fathers' Vision of America,Unknown,2026-09-01,2875.5,2012.85,Good,1,2026-09-01,2875.5,Individual,Individual,Books to Scrape,False,0,0,0,0,Unknown,Unknown,False,False,,0,0,0,0,3,Unknown,Unknown,Resold
SCRAPED_TXN_00700,SCRAPED_PRD_00700,Books,We Are All Completely Beside Ourselves,Unknown,2026-09-01,2163.6,1514.5199999999998,Good,1,2026-09-01,2163.6,Individual,Individual,Books to Scrape,False,0,0,0,0,Unknown,Unknown,False,False,,0,0,0,0,1,Unknown,Unknown,Resold
SCRAPED_TXN_00701,SCRAPED_PRD_00701,Books,Walk the Edge (Thunder Road #2),Unknown,2026-09-01,2912.4,2038.6799999999998,Good,1,2026-09-01,2912.4,Individual,Individual,Books to Scrape,False,0,0,0,0,Unknown,Unknown,False,False,,0,0,0,0,3,Unknown,Unknown,Resold
SCRAPED_TXN_00702,SCRAPED_PRD_00702,Books,Voyager (Outlander #3),Unknown,2026-09-01,1896.3,1327.4099999999999,Good,1,2026-09-01,1896.3,Individual,Individual,Books to Scrape,False,0,0,0,0,Unknown,Unknown,False,False,,0,0,0,0,5,Unknown,Unknown,Resold
SCRAPED_TXN_00703,SCRAPED_PRD_00703,Books,Very Good Lives: The Fringe Benefits of Failure and the Importance of Imagination,Unknown,2026-09-01,4559.4,3191.5799999999995,Good,1,2026-09-01,4559.4,Individual,Individual,Books to Scrape,False,0,0,0,0,Unknown,Unknown,False,False,,0,0,0,0,3,Unknown,Unknown,Resold
SCRAPED_TXN_00704,SCRAPED_PRD_00704,Books,Vegan Vegetarian Omnivore: Dinner for Everyone at the Table,Unknown,2026-09-01,1229.4,860.58,Good,1,2026-09-01,1229.4,Individual,Individual,Books to Scrape,False,0,0,0,0,Unknown,Unknown,False,False,,0,0,0,0,2,Unknown,Unknown,Resold
SCRAPED_TXN_00705,SCRAPED_PRD_00705,Books,"Unstuffed: Decluttering Your Home, Mind, and Soul",Unknown,2026-09-01,5228.1,3659.67,Good,1,2026-09-01,5228.1,Individual,Individual,Books to Scrape,False,0,0,0,0,Unknown,Unknown,False,False,,0,0,0,0,1,Unknown,Unknown,Resold
SCRAPED_TXN_00706,SCRAPED_PRD_00706,Books,Under the Banner of Heaven: A Story of Violent Faith,Unknown,2026-09-01,2700.0,1889.9999999999998,Good,1,2026-09-01,2700.0,Individual,Individual,Books to Scrape,False,0,0,0,0,Unknown,Unknown,False,False,,0,0,0,0,1,Unknown,Unknown,Resold
SCRAPED_TXN_00707,SCRAPED_PRD_00707,Books,Two Boys Kissing,Unknown,2026-09-01,2946.6000000000004,2062.6200000000003,Good,1,2026-09-01,2946.6000000000004,Individual,Individual,Books to Scrape,False,0,0,0,0,Unknown,Unknown,False,False,,0,0,0,0,2,Unknown,Unknown,Resold
SCRAPED_TXN_00708,SCRAPED_PRD_00708,Books,Twilight (Twilight #1),Unknown,2026-09-01,3773.7,2641.5899999999997,Good,1,2026-09-01,3773.7,Individual,Individual,Books to Scrape,False,0,0,0,0,Unknown,Unknown,False,False,,0,0,0,0,2,Unknown,Unknown,Resold
SCRAPED_TXN_00709,SCRAPED_PRD_00709,Books,Twenties Girl,Unknown,2026-09-01,3851.9999999999995,2696.3999999999996,Good,1,2026-09-01,3851.9999999999995,Individual,Individual,Books to Scrape,False,0,0,0,0,Unknown,Unknown,False,False,,0,0,0,0,2,Unknown,Unknown,Resold
SCRAPED_TXN_00710,SCRAPED_PRD_00710,Books,"Trespassing Across America: One Man's Epic, Never-Done-Before (and Sort of Illegal) Hike Across the Heartland",Unknown,2026-09-01,4815.9,3371.1299999999997,Good,1,2026-09-01,4815.9,Individual,Individual,Books to Scrape,False,0,0,0,0,Unknown,Unknown,False,False,,0,0,0,0,1,Unknown,Unknown,Resold
SCRAPED_TXN_00711,SCRAPED_PRD_00711,Books,Three-Martini Lunch,Unknown,2026-09-01,2088.9,1462.23,Good,1,2026-09-01,2088.9,Individual,Individual,Books to Scrape,False,0,0,0,0,Unknown,Unknown,False,False,,0,0,0,0,3,Unknown,Unknown,Resold
SCRAPED_TXN_00712,SCRAPED_PRD_00712,Books,"Thinking, Fast and Slow",Unknown,2026-09-01,1902.6000000000001,1331.82,Good,1,2026-09-01,1902.6000000000001,Individual,Individual,Books to Scrape,False,0,0,0,0,Unknown,Unknown,False,False,,0,0,0,0,1,Unknown,Unknown,Resold
SCRAPED_TXN_00713,SCRAPED_PRD_00713,Books,The Wild Robot,Unknown,2026-09-01,5046.3,3532.41,Good,1,2026-09-01,5046.3,Individual,Individual,Books to Scrape,False,0,0,0,0,Unknown,Unknown,False,False,,0,0,0,0,3,Unknown,Unknown,Resold
SCRAPED_TXN_00714,SCRAPED_PRD_00714,Books,"The Wicked + The Divine, Vol. 3: Commercial Suicide (The Wicked + The Divine)",Unknown,2026-09-01,1296.9,907.83,Good,1,2026-09-01,1296.9,Individual,Individual,Books to Scrape,False,0,0,0,0,Unknown,Unknown,False,False,,0,0,0,0,3,Unknown,Unknown,Resold
SCRAPED_TXN_00715,SCRAPED_PRD_00715,Books,The Undomestic Goddess,Unknown,2026-09-01,4117.5,2882.25,Good,1,2026-09-01,4117.5,Individual,Individual,Books to Scrape,False,0,0,0,0,Unknown,Unknown,False,False,,0,0,0,0,4,Unknown,Unknown,Resold
SCRAPED_TXN_00716,SCRAPED_PRD_00716,Books,The Travelers,Unknown,2026-09-01,1419.3,993.5099999999999,Good,1,2026-09-01,1419.3,Individual,Individual,Books to Scrape,False,0,0,0,0,Unknown,Unknown,False,False,,0,0,0,0,1,Unknown,Unknown,Resold
SCRAPED_TXN_00717,SCRAPED_PRD_00717,Books,The Tipping Point: How Little Things Can Make a Big Difference,Unknown,2026-09-01,901.8,631.2599999999999,Good,1,2026-09-01,901.8,Individual,Individual,Books to Scrape,False,0,0,0,0,Unknown,Unknown,False,False,,0,0,0,0,2,Unknown,Unknown,Resold
SCRAPED_TXN_00718,SCRAPED_PRD_00718,Books,The Thing About Jellyfish,Unknown,2026-09-01,4389.3,3072.5099999999998,Good,1,2026-09-01,4389.3,Individual,Individual,Books to Scrape,False,0,0,0,0,Unknown,Unknown,False,False,,0,0,0,0,1,Unknown,Unknown,Resold
SCRAPED_TXN_00719,SCRAPED_PRD_00719,Books,The Stand,Unknown,2026-09-01,5207.4,3645.1799999999994,Good,1,2026-09-01,5207.4,Individual,Individual,Books to Scrape,False,0,0,0,0,Unknown,Unknown,False,False,,0,0,0,0,2,Unknown,Unknown,Resold
SCRAPED_TXN_00720,SCRAPED_PRD_00720,Books,The Smitten Kitchen Cookbook,Unknown,2026-09-01,2123.1,1486.1699999999998,Good,1,2026-09-01,2123.1,Individual,Individual,Books to Scrape,False,0,0,0,0,Unknown,Unknown,False,False,,0,0,0,0,1,Unknown,Unknown,Resold
SCRAPED_TXN_00721,SCRAPED_PRD_00721,Books,The Silkworm (Cormoran Strike #2),Unknown,2026-09-01,2074.5,1452.1499999999999,Good,1,2026-09-01,2074.5,Individual,Individual,Books to Scrape,False,0,0,0,0,Unknown,Unknown,False,False,,0,0,0,0,5,Unknown,Unknown,Resold
SCRAPED_TXN_00722,SCRAPED_PRD_00722,Books,"The Sandman, Vol. 3: Dream Country (The Sandman (volumes) #3)",Unknown,2026-09-01,4999.5,3499.6499999999996,Good,1,2026-09-01,4999.5,Individual,Individual,Books to Scrape,False,0,0,0,0,Unknown,Unknown,False,False,,0,0,0,0,5,Unknown,Unknown,Resold
SCRAPED_TXN_00723,SCRAPED_PRD_00723,Books,The Rose & the Dagger (The Wrath and the Dawn #2),Unknown,2026-09-01,5277.6,3694.32,Good,1,2026-09-01,5277.6,Individual,Individual,Books to Scrape,False,0,0,0,0,Unknown,Unknown,False,False,,0,0,0,0,4,Unknown,Unknown,Resold
SCRAPED_TXN_00724,SCRAPED_PRD_00724,Books,The Road to Little Dribbling: Adventures of an American in Britain (Notes From a Small Island #2),Unknown,2026-09-01,2088.9,1462.23,Good,1,2026-09-01,2088.9,Individual,Individual,Books to Scrape,False,0,0,0,0,Unknown,Unknown,False,False,,0,0,0,0,1,Unknown,Unknown,Resold
SCRAPED_TXN_00725,SCRAPED_PRD_00725,Books,The Rise of Theodore Roosevelt (Theodore Roosevelt #1),Unknown,2026-09-01,3831.3,2681.91,Good,1,2026-09-01,3831.3,Individual,Individual,Books to Scrape,False,0,0,0,0,Unknown,Unknown,False,False,,0,0,0,0,3,Unknown,Unknown,Resold
SCRAPED_TXN_00726,SCRAPED_PRD_00726,Books,The Restaurant at the End of the Universe (Hitchhiker's Guide to the Galaxy #2),Unknown,2026-09-01,982.8,687.9599999999999,Good,1,2026-09-01,982.8,Individual,Individual,Books to Scrape,False,0,0,0,0,Unknown,Unknown,False,False,,0,0,0,0,1,Unknown,Unknown,Resold
SCRAPED_TXN_00727,SCRAPED_PRD_00727,Books,The Rest Is Noise: Listening to the Twentieth Century,Unknown,2026-09-01,3129.3,2190.5099999999998,Good,1,2026-09-01,3129.3,Individual,Individual,Books to Scrape,False,0,0,0,0,Unknown,Unknown,False,False,,0,0,0,0,1,Unknown,Unknown,Resold
SCRAPED_TXN_00728,SCRAPED_PRD_00728,Books,The Red Tent,Unknown,2026-09-01,3209.3999999999996,2246.5799999999995,Good,1,2026-09-01,3209.3999999999996,Individual,Individual,Books to Scrape,False,0,0,0,0,Unknown,Unknown,False,False,,0,0,0,0,5,Unknown,Unknown,Resold
SCRAPED_TXN_00729,SCRAPED_PRD_00729,Books,The Purpose Driven Life: What on Earth Am I Here for?,Unknown,2026-09-01,3347.1,2342.97,Good,1,2026-09-01,3347.1,Individual,Individual,Books to Scrape,False,0,0,0,0,Unknown,Unknown,False,False,,0,0,0,0,3,Unknown,Unknown,Resold
SCRAPED_TXN_00730,SCRAPED_PRD_00730,Books,The Purest Hook (Second Circle Tattoos #3),Unknown,2026-09-01,1102.5,771.75,Good,1,2026-09-01,1102.5,Individual,Individual,Books to Scrape,False,0,0,0,0,Unknown,Unknown,False,False,,0,0,0,0,1,Unknown,Unknown,Resold
SCRAPED_TXN_00731,SCRAPED_PRD_00731,Books,The Picture of Dorian Gray,Unknown,2026-09-01,2673.0,1871.1,Good,1,2026-09-01,2673.0,Individual,Individual,Books to Scrape,False,0,0,0,0,Unknown,Unknown,False,False,,0,0,0,0,2,Unknown,Unknown,Resold
SCRAPED_TXN_00732,SCRAPED_PRD_00732,Books,The Paris Wife,Unknown,2026-09-01,3311.9999999999995,2318.3999999999996,Good,1,2026-09-01,3311.9999999999995,Individual,Individual,Books to Scrape,False,0,0,0,0,Unknown,Unknown,False,False,,0,0,0,0,3,Unknown,Unknown,Resold
SCRAPED_TXN_00733,SCRAPED_PRD_00733,Books,The Obsession,Unknown,2026-09-01,4088.7,2862.0899999999997,Good,1,2026-09-01,4088.7,Individual,Individual,Books to Scrape,False,0,0,0,0,Unknown,Unknown,False,False,,0,0,0,0,1,Unknown,Unknown,Resold
SCRAPED_TXN_00734,SCRAPED_PRD_00734,Books,The Nightingale,Unknown,2026-09-01,2363.4,1654.3799999999999,Good,1,2026-09-01,2363.4,Individual,Individual,Books to Scrape,False,0,0,0,0,Unknown,Unknown,False,False,,0,0,0,0,4,Unknown,Unknown,Resold
SCRAPED_TXN_00735,SCRAPED_PRD_00735,Books,The New Guy (and Other Senior Year Distractions),Unknown,2026-09-01,4042.8,2829.96,Good,1,2026-09-01,4042.8,Individual,Individual,Books to Scrape,False,0,0,0,0,Unknown,Unknown,False,False,,0,0,0,0,3,Unknown,Unknown,Resold
SCRAPED_TXN_00736,SCRAPED_PRD_00736,Books,The Nanny Diaries (Nanny #1),Unknown,2026-09-01,4727.7,3309.39,Good,1,2026-09-01,4727.7,Individual,Individual,Books to Scrape,False,0,0,0,0,Unknown,Unknown,False,False,,0,0,0,0,5,Unknown,Unknown,Resold
SCRAPED_TXN_00737,SCRAPED_PRD_00737,Books,The Name of God is Mercy,Unknown,2026-09-01,3352.5,2346.75,Good,1,2026-09-01,3352.5,Individual,Individual,Books to Scrape,False,0,0,0,0,Unknown,Unknown,False,False,,0,0,0,0,2,Unknown,Unknown,Resold
SCRAPED_TXN_00738,SCRAPED_PRD_00738,Books,The Maze Runner (The Maze Runner #1),Unknown,2026-09-01,1883.7,1318.59,Good,1,2026-09-01,1883.7,Individual,Individual,Books to Scrape,False,0,0,0,0,Unknown,Unknown,False,False,,0,0,0,0,1,Unknown,Unknown,Resold
SCRAPED_TXN_00739,SCRAPED_PRD_00739,Books,The Lover's Dictionary,Unknown,2026-09-01,5228.1,3659.67,Good,1,2026-09-01,5228.1,Individual,Individual,Books to Scrape,False,0,0,0,0,Unknown,Unknown,False,False,,0,0,0,0,2,Unknown,Unknown,Resold
SCRAPED_TXN_00740,SCRAPED_PRD_00740,Books,The Lonely Ones,Unknown,2026-09-01,3923.1000000000004,2746.17,Good,1,2026-09-01,3923.1000000000004,Individual,Individual,Books to Scrape,False,0,0,0,0,Unknown,Unknown,False,False,,0,0,0,0,5,Unknown,Unknown,Resold
SCRAPED_TXN_00741,SCRAPED_PRD_00741,Books,The Lean Startup: How Today's Entrepreneurs Use Continuous Innovation to Create Radically Successful Businesses,Unknown,2026-09-01,3052.8,2136.96,Good,1,2026-09-01,3052.8,Individual,Individual,Books to Scrape,False,0,0,0,0,Unknown,Unknown,False,False,,0,0,0,0,3,Unknown,Unknown,Resold
SCRAPED_TXN_00742,SCRAPED_PRD_00742,Books,The Last Painting of Sara de Vos,Unknown,2026-09-01,4999.5,3499.6499999999996,Good,1,2026-09-01,4999.5,Individual,Individual,Books to Scrape,False,0,0,0,0,Unknown,Unknown,False,False,,0,0,0,0,2,Unknown,Unknown,Resold
SCRAPED_TXN_00743,SCRAPED_PRD_00743,Books,"The Land of 10,000 Madonnas",Unknown,2026-09-01,2667.6,1867.3199999999997,Good,1,2026-09-01,2667.6,Individual,Individual,Books to Scrape,False,0,0,0,0,Unknown,Unknown,False,False,,0,0,0,0,4,Unknown,Unknown,Resold
SCRAPED_TXN_00744,SCRAPED_PRD_00744,Books,The Infinities,Unknown,2026-09-01,2466.9,1726.83,Good,1,2026-09-01,2466.9,Individual,Individual,Books to Scrape,False,0,0,0,0,Unknown,Unknown,False,False,,0,0,0,0,1,Unknown,Unknown,Resold
SCRAPED_TXN_00745,SCRAPED_PRD_00745,Books,The Husband's Secret,Unknown,2026-09-01,4725.9,3308.1299999999997,Good,1,2026-09-01,4725.9,Individual,Individual,Books to Scrape,False,0,0,0,0,Unknown,Unknown,False,False,,0,0,0,0,5,Unknown,Unknown,Resold
SCRAPED_TXN_00746,SCRAPED_PRD_00746,Books,The Hitchhiker's Guide to the Galaxy (Hitchhiker's Guide to the Galaxy #1),Unknown,2026-09-01,4302.0,3011.3999999999996,Good,1,2026-09-01,4302.0,Individual,Individual,Books to Scrape,False,0,0,0,0,Unknown,Unknown,False,False,,0,0,0,0,3,Unknown,Unknown,Resold
SCRAPED_TXN_00747,SCRAPED_PRD_00747,Books,The Guns of August,Unknown,2026-09-01,1308.6,916.0199999999999,Good,1,2026-09-01,1308.6,Individual,Individual,Books to Scrape,False,0,0,0,0,Unknown,Unknown,False,False,,0,0,0,0,2,Unknown,Unknown,Resold
SCRAPED_TXN_00748,SCRAPED_PRD_00748,Books,The Guernsey Literary and Potato Peel Pie Society,Unknown,2026-09-01,4457.7,3120.39,Good,1,2026-09-01,4457.7,Individual,Individual,Books to Scrape,False,0,0,0,0,Unknown,Unknown,False,False,,0,0,0,0,1,Unknown,Unknown,Resold
SCRAPED_TXN_00749,SCRAPED_PRD_00749,Books,The Goldfinch,Unknown,2026-09-01,3922.2,2745.5399999999995,Good,1,2026-09-01,3922.2,Individual,Individual,Books to Scrape,False,0,0,0,0,Unknown,Unknown,False,False,,0,0,0,0,3,Unknown,Unknown,Resold
SCRAPED_TXN_00750,SCRAPED_PRD_00750,Books,The Giver (The Giver Quartet #1),Unknown,2026-09-01,1107.0,774.9,Good,1,2026-09-01,1107.0,Individual,Individual,Books to Scrape,False,0,0,0,0,Unknown,Unknown,False,False,,0,0,0,0,1,Unknown,Unknown,Resold
SCRAPED_TXN_00751,SCRAPED_PRD_00751,Books,The Girl with All the Gifts,Unknown,2026-09-01,4452.3,3116.61,Good,1,2026-09-01,4452.3,Individual,Individual,Books to Scrape,False,0,0,0,0,Unknown,Unknown,False,False,,0,0,0,0,3,Unknown,Unknown,Resold
SCRAPED_TXN_00752,SCRAPED_PRD_00752,Books,The Girl Who Played with Fire (Millennium Trilogy #2),Unknown,2026-09-01,1992.6000000000001,1394.82,Good,1,2026-09-01,1992.6000000000001,Individual,Individual,Books to Scrape,False,0,0,0,0,Unknown,Unknown,False,False,,0,0,0,0,2,Unknown,Unknown,Resold
SCRAPED_TXN_00753,SCRAPED_PRD_00753,Books,The Girl Who Kicked the Hornet's Nest (Millennium Trilogy #3),Unknown,2026-09-01,5173.2,3621.24,Good,1,2026-09-01,5173.2,Individual,Individual,Books to Scrape,False,0,0,0,0,Unknown,Unknown,False,False,,0,0,0,0,1,Unknown,Unknown,Resold
SCRAPED_TXN_00754,SCRAPED_PRD_00754,Books,The Exiled,Unknown,2026-09-01,3910.5000000000005,2737.3500000000004,Good,1,2026-09-01,3910.5000000000005,Individual,Individual,Books to Scrape,False,0,0,0,0,Unknown,Unknown,False,False,,0,0,0,0,3,Unknown,Unknown,Resold
SCRAPED_TXN_00755,SCRAPED_PRD_00755,Books,"The End of Faith: Religion, Terror, and the Future of Reason",Unknown,2026-09-01,1991.6999999999998,1394.1899999999998,Good,1,2026-09-01,1991.6999999999998,Individual,Individual,Books to Scrape,False,0,0,0,0,Unknown,Unknown,False,False,,0,0,0,0,4,Unknown,Unknown,Resold
SCRAPED_TXN_00756,SCRAPED_PRD_00756,Books,"The Elegant Universe: Superstrings, Hidden Dimensions, and the Quest for the Ultimate Theory",Unknown,2026-09-01,1172.7,820.89,Good,1,2026-09-01,1172.7,Individual,Individual,Books to Scrape,False,0,0,0,0,Unknown,Unknown,False,False,,0,0,0,0,4,Unknown,Unknown,Resold
SCRAPED_TXN_00757,SCRAPED_PRD_00757,Books,"The Disappearing Spoon: And Other True Tales of Madness, Love, and the History of the World from the Periodic Table of the Elements",Unknown,2026-09-01,5161.5,3613.0499999999997,Good,1,2026-09-01,5161.5,Individual,Individual,Books to Scrape,False,0,0,0,0,Unknown,Unknown,False,False,,0,0,0,0,5,Unknown,Unknown,Resold
SCRAPED_TXN_00758,SCRAPED_PRD_00758,Books,The Devil Wears Prada (The Devil Wears Prada #1),Unknown,2026-09-01,3986.1,2790.27,Good,1,2026-09-01,3986.1,Individual,Individual,Books to Scrape,False,0,0,0,0,Unknown,Unknown,False,False,,0,0,0,0,1,Unknown,Unknown,Resold
SCRAPED_TXN_00759,SCRAPED_PRD_00759,Books,The Demon-Haunted World: Science as a Candle in the Dark,Unknown,2026-09-01,4702.5,3291.75,Good,1,2026-09-01,4702.5,Individual,Individual,Books to Scrape,False,0,0,0,0,Unknown,Unknown,False,False,,0,0,0,0,4,Unknown,Unknown,Resold
SCRAPED_TXN_00760,SCRAPED_PRD_00760,Books,The Day the Crayons Came Home (Crayons),Unknown,2026-09-01,2369.7,1658.7899999999997,Good,1,2026-09-01,2369.7,Individual,Individual,Books to Scrape,False,0,0,0,0,Unknown,Unknown,False,False,,0,0,0,0,5,Unknown,Unknown,Resold
SCRAPED_TXN_00761,SCRAPED_PRD_00761,Books,The Da Vinci Code (Robert Langdon #2),Unknown,2026-09-01,2066.4,1446.48,Good,1,2026-09-01,2066.4,Individual,Individual,Books to Scrape,False,0,0,0,0,Unknown,Unknown,False,False,,0,0,0,0,2,Unknown,Unknown,Resold
SCRAPED_TXN_00762,SCRAPED_PRD_00762,Books,The Cuckoo's Calling (Cormoran Strike #1),Unknown,2026-09-01,1728.9,1210.23,Good,1,2026-09-01,1728.9,Individual,Individual,Books to Scrape,False,0,0,0,0,Unknown,Unknown,False,False,,0,0,0,0,1,Unknown,Unknown,Resold
SCRAPED_TXN_00763,SCRAPED_PRD_00763,Books,The Complete Stories and Poems (The Works of Edgar Allan Poe [Cameo Edition]),Unknown,2026-09-01,2410.2000000000003,1687.14,Good,1,2026-09-01,2410.2000000000003,Individual,Individual,Books to Scrape,False,0,0,0,0,Unknown,Unknown,False,False,,0,0,0,0,4,Unknown,Unknown,Resold
SCRAPED_TXN_00764,SCRAPED_PRD_00764,Books,The Complete Poems,Unknown,2026-09-01,3718.8,2603.16,Good,1,2026-09-01,3718.8,Individual,Individual,Books to Scrape,False,0,0,0,0,Unknown,Unknown,False,False,,0,0,0,0,5,Unknown,Unknown,Resold
SCRAPED_TXN_00765,SCRAPED_PRD_00765,Books,The Catcher in the Rye,Unknown,2026-09-01,2209.5,1546.6499999999999,Good,1,2026-09-01,2209.5,Individual,Individual,Books to Scrape,False,0,0,0,0,Unknown,Unknown,False,False,,0,0,0,0,1,Unknown,Unknown,Resold
SCRAPED_TXN_00766,SCRAPED_PRD_00766,Books,The Cat in the Hat (Beginner Books B-1),Unknown,2026-09-01,1463.4,1024.38,Good,1,2026-09-01,1463.4,Individual,Individual,Books to Scrape,False,0,0,0,0,Unknown,Unknown,False,False,,0,0,0,0,2,Unknown,Unknown,Resold
SCRAPED_TXN_00767,SCRAPED_PRD_00767,Books,The Case for Christ (Cases for Christianity),Unknown,2026-09-01,4305.6,3013.92,Good,1,2026-09-01,4305.6,Individual,Individual,Books to Scrape,False,0,0,0,0,Unknown,Unknown,False,False,,0,0,0,0,1,Unknown,Unknown,Resold
SCRAPED_TXN_00768,SCRAPED_PRD_00768,Books,The Book Thief,Unknown,2026-09-01,4814.1,3369.87,Good,1,2026-09-01,4814.1,Individual,Individual,Books to Scrape,False,0,0,0,0,Unknown,Unknown,False,False,,0,0,0,0,2,Unknown,Unknown,Resold
SCRAPED_TXN_00769,SCRAPED_PRD_00769,Books,The Book of Basketball: The NBA According to The Sports Guy,Unknown,2026-09-01,4035.6000000000004,2824.92,Good,1,2026-09-01,4035.6000000000004,Individual,Individual,Books to Scrape,False,0,0,0,0,Unknown,Unknown,False,False,,0,0,0,0,5,Unknown,Unknown,Resold
SCRAPED_TXN_00770,SCRAPED_PRD_00770,Books,The Blind Side: Evolution of a Game,Unknown,2026-09-01,4833.9,3383.7299999999996,Good,1,2026-09-01,4833.9,Individual,Individual,Books to Scrape,False,0,0,0,0,Unknown,Unknown,False,False,,0,0,0,0,5,Unknown,Unknown,Resold
SCRAPED_TXN_00771,SCRAPED_PRD_00771,Books,The Autobiography of Malcolm X,Unknown,2026-09-01,2108.7,1476.0899999999997,Good,1,2026-09-01,2108.7,Individual,Individual,Books to Scrape,False,0,0,0,0,Unknown,Unknown,False,False,,0,0,0,0,2,Unknown,Unknown,Resold
SCRAPED_TXN_00772,SCRAPED_PRD_00772,Books,"The Art of Simple Food: Notes, Lessons, and Recipes from a Delicious Revolution",Unknown,2026-09-01,3088.8,2162.16,Good,1,2026-09-01,3088.8,Individual,Individual,Books to Scrape,False,0,0,0,0,Unknown,Unknown,False,False,,0,0,0,0,3,Unknown,Unknown,Resold
SCRAPED_TXN_00773,SCRAPED_PRD_00773,Books,The Art of Fielding,Unknown,2026-09-01,1989.0000000000002,1392.3000000000002,Good,1,2026-09-01,1989.0000000000002,Individual,Individual,Books to Scrape,False,0,0,0,0,Unknown,Unknown,False,False,,0,0,0,0,1,Unknown,Unknown,Resold
SCRAPED_TXN_00774,SCRAPED_PRD_00774,Books,"Surely You're Joking, Mr. Feynman!: Adventures of a Curious Character",Unknown,2026-09-01,2324.7,1627.2899999999997,Good,1,2026-09-01,2324.7,Individual,Individual,Books to Scrape,False,0,0,0,0,Unknown,Unknown,False,False,,0,0,0,0,2,Unknown,Unknown,Resold
SCRAPED_TXN_00775,SCRAPED_PRD_00775,Books,Stiff: The Curious Lives of Human Cadavers,Unknown,2026-09-01,3306.6000000000004,2314.62,Good,1,2026-09-01,3306.6000000000004,Individual,Individual,Books to Scrape,False,0,0,0,0,Unknown,Unknown,False,False,,0,0,0,0,3,Unknown,Unknown,Resold
SCRAPED_TXN_00776,SCRAPED_PRD_00776,Books,Spilled Milk: Based on a True Story,Unknown,2026-09-01,4455.9,3119.1299999999997,Good,1,2026-09-01,4455.9,Individual,Individual,Books to Scrape,False,0,0,0,0,Unknown,Unknown,False,False,,0,0,0,0,1,Unknown,Unknown,Resold
SCRAPED_TXN_00777,SCRAPED_PRD_00777,Books,Something Borrowed (Darcy & Rachel #1),Unknown,2026-09-01,4406.4,3084.4799999999996,Good,1,2026-09-01,4406.4,Individual,Individual,Books to Scrape,False,0,0,0,0,Unknown,Unknown,False,False,,0,0,0,0,5,Unknown,Unknown,Resold
SCRAPED_TXN_00778,SCRAPED_PRD_00778,Books,Something Blue (Darcy & Rachel #2),Unknown,2026-09-01,4915.8,3441.06,Good,1,2026-09-01,4915.8,Individual,Individual,Books to Scrape,False,0,0,0,0,Unknown,Unknown,False,False,,0,0,0,0,1,Unknown,Unknown,Resold
SCRAPED_TXN_00779,SCRAPED_PRD_00779,Books,Soldier (Talon #3),Unknown,2026-09-01,2224.7999999999997,1557.3599999999997,Good,1,2026-09-01,2224.7999999999997,Individual,Individual,Books to Scrape,False,0,0,0,0,Unknown,Unknown,False,False,,0,0,0,0,2,Unknown,Unknown,Resold
SCRAPED_TXN_00780,SCRAPED_PRD_00780,Books,Shopaholic & Baby (Shopaholic #5),Unknown,2026-09-01,4180.5,2926.35,Good,1,2026-09-01,4180.5,Individual,Individual,Books to Scrape,False,0,0,0,0,Unknown,Unknown,False,False,,0,0,0,0,2,Unknown,Unknown,Resold
SCRAPED_TXN_00781,SCRAPED_PRD_00781,Books,Seven Days in the Art World,Unknown,2026-09-01,4709.7,3296.7899999999995,Good,1,2026-09-01,4709.7,Individual,Individual,Books to Scrape,False,0,0,0,0,Unknown,Unknown,False,False,,0,0,0,0,2,Unknown,Unknown,Resold
SCRAPED_TXN_00782,SCRAPED_PRD_00782,Books,Seven Brief Lessons on Physics,Unknown,2026-09-01,2754.0,1927.8,Good,1,2026-09-01,2754.0,Individual,Individual,Books to Scrape,False,0,0,0,0,Unknown,Unknown,False,False,,0,0,0,0,4,Unknown,Unknown,Resold
SCRAPED_TXN_00783,SCRAPED_PRD_00783,Books,Scarlet (The Lunar Chronicles #2),Unknown,2026-09-01,1311.3,917.9099999999999,Good,1,2026-09-01,1311.3,Individual,Individual,Books to Scrape,False,0,0,0,0,Unknown,Unknown,False,False,,0,0,0,0,4,Unknown,Unknown,Resold
SCRAPED_TXN_00784,SCRAPED_PRD_00784,Books,Sarah's Key,Unknown,2026-09-01,4166.1,2916.27,Good,1,2026-09-01,4166.1,Individual,Individual,Books to Scrape,False,0,0,0,0,Unknown,Unknown,False,False,,0,0,0,0,1,Unknown,Unknown,Resold
SCRAPED_TXN_00785,SCRAPED_PRD_00785,Books,"Saga, Volume 3 (Saga (Collected Editions) #3)",Unknown,2026-09-01,1941.3,1358.9099999999999,Good,1,2026-09-01,1941.3,Individual,Individual,Books to Scrape,False,0,0,0,0,Unknown,Unknown,False,False,,0,0,0,0,5,Unknown,Unknown,Resold
SCRAPED_TXN_00786,SCRAPED_PRD_00786,Books,Running with Scissors,Unknown,2026-09-01,1161.9,813.33,Good,1,2026-09-01,1161.9,Individual,Individual,Books to Scrape,False,0,0,0,0,Unknown,Unknown,False,False,,0,0,0,0,4,Unknown,Unknown,Resold
SCRAPED_TXN_00787,SCRAPED_PRD_00787,Books,Rogue Lawyer (Rogue Lawyer #1),Unknown,2026-09-01,4509.9,3156.9299999999994,Good,1,2026-09-01,4509.9,Individual,Individual,Books to Scrape,False,0,0,0,0,Unknown,Unknown,False,False,,0,0,0,0,3,Unknown,Unknown,Resold
SCRAPED_TXN_00788,SCRAPED_PRD_00788,Books,"Rise of the Rocket Girls: The Women Who Propelled Us, from Missiles to the Moon to Mars",Unknown,2026-09-01,3750.3,2625.21,Good,1,2026-09-01,3750.3,Individual,Individual,Books to Scrape,False,0,0,0,0,Unknown,Unknown,False,False,,0,0,0,0,4,Unknown,Unknown,Resold
SCRAPED_TXN_00789,SCRAPED_PRD_00789,Books,Rework,Unknown,2026-09-01,4039.2000000000003,2827.44,Good,1,2026-09-01,4039.2000000000003,Individual,Individual,Books to Scrape,False,0,0,0,0,Unknown,Unknown,False,False,,0,0,0,0,2,Unknown,Unknown,Resold
SCRAPED_TXN_00790,SCRAPED_PRD_00790,Books,Reservations for Two,Unknown,2026-09-01,999.0,699.3,Good,1,2026-09-01,999.0,Individual,Individual,Books to Scrape,False,0,0,0,0,Unknown,Unknown,False,False,,0,0,0,0,3,Unknown,Unknown,Resold
SCRAPED_TXN_00791,SCRAPED_PRD_00791,Books,Red: The True Story of Red Riding Hood,Unknown,2026-09-01,2568.6,1798.0199999999998,Good,1,2026-09-01,2568.6,Individual,Individual,Books to Scrape,False,0,0,0,0,Unknown,Unknown,False,False,,0,0,0,0,3,Unknown,Unknown,Resold
SCRAPED_TXN_00792,SCRAPED_PRD_00792,Books,Ready Player One,Unknown,2026-09-01,1716.3,1201.4099999999999,Good,1,2026-09-01,1716.3,Individual,Individual,Books to Scrape,False,0,0,0,0,Unknown,Unknown,False,False,,0,0,0,0,4,Unknown,Unknown,Resold
SCRAPED_TXN_00793,SCRAPED_PRD_00793,Books,Quiet: The Power of Introverts in a World That Can't Stop Talking,Unknown,2026-09-01,3919.4999999999995,2743.6499999999996,Good,1,2026-09-01,3919.4999999999995,Individual,Individual,Books to Scrape,False,0,0,0,0,Unknown,Unknown,False,False,,0,0,0,0,1,Unknown,Unknown,Resold
SCRAPED_TXN_00794,SCRAPED_PRD_00794,Books,Prodigy: The Graphic Novel (Legend: The Graphic Novel #2),Unknown,2026-09-01,3926.7000000000003,2748.69,Good,1,2026-09-01,3926.7000000000003,Individual,Individual,Books to Scrape,False,0,0,0,0,Unknown,Unknown,False,False,,0,0,0,0,3,Unknown,Unknown,Resold
SCRAPED_TXN_00795,SCRAPED_PRD_00795,Books,Persepolis: The Story of a Childhood (Persepolis #1-2),Unknown,2026-09-01,3521.7000000000003,2465.19,Good,1,2026-09-01,3521.7000000000003,Individual,Individual,Books to Scrape,False,0,0,0,0,Unknown,Unknown,False,False,,0,0,0,0,1,Unknown,Unknown,Resold
SCRAPED_TXN_00796,SCRAPED_PRD_00796,Books,Packing for Mars: The Curious Science of Life in the Void,Unknown,2026-09-01,5101.2,3570.8399999999997,Good,1,2026-09-01,5101.2,Individual,Individual,Books to Scrape,False,0,0,0,0,Unknown,Unknown,False,False,,0,0,0,0,2,Unknown,Unknown,Resold
SCRAPED_TXN_00797,SCRAPED_PRD_00797,Books,Outliers: The Story of Success,Unknown,2026-09-01,1274.4,892.08,Good,1,2026-09-01,1274.4,Individual,Individual,Books to Scrape,False,0,0,0,0,Unknown,Unknown,False,False,,0,0,0,0,1,Unknown,Unknown,Resold
SCRAPED_TXN_00798,SCRAPED_PRD_00798,Books,Original Fake,Unknown,2026-09-01,2830.5,1981.35,Good,1,2026-09-01,2830.5,Individual,Individual,Books to Scrape,False,0,0,0,0,Unknown,Unknown,False,False,,0,0,0,0,3,Unknown,Unknown,Resold
SCRAPED_TXN_00799,SCRAPED_PRD_00799,Books,Orange Is the New Black,Unknown,2026-09-01,2214.9,1550.43,Good,1,2026-09-01,2214.9,Individual,Individual,Books to Scrape,False,0,0,0,0,Unknown,Unknown,False,False,,0,0,0,0,2,Unknown,Unknown,Resold
SCRAPED_TXN_00800,SCRAPED_PRD_00800,Books,One for the Money (Stephanie Plum #1),Unknown,2026-09-01,2958.2999999999997,2070.8099999999995,Good,1,2026-09-01,2958.2999999999997,Individual,Individual,Books to Scrape,False,0,0,0,0,Unknown,Unknown,False,False,,0,0,0,0,2,Unknown,Unknown,Resold
SCRAPED_TXN_00801,SCRAPED_PRD_00801,Books,Notes from a Small Island (Notes From a Small Island #1),Unknown,2026-09-01,3615.3,2530.71,Good,1,2026-09-01,3615.3,Individual,Individual,Books to Scrape,False,0,0,0,0,Unknown,Unknown,False,False,,0,0,0,0,1,Unknown,Unknown,Resold
SCRAPED_TXN_00802,SCRAPED_PRD_00802,Books,Night (The Night Trilogy #1),Unknown,2026-09-01,1215.9,851.13,Good,1,2026-09-01,1215.9,Individual,Individual,Books to Scrape,False,0,0,0,0,Unknown,Unknown,False,False,,0,0,0,0,1,Unknown,Unknown,Resold
SCRAPED_TXN_00803,SCRAPED_PRD_00803,Books,Neither Here nor There: Travels in Europe,Unknown,2026-09-01,3505.5000000000005,2453.8500000000004,Good,1,2026-09-01,3505.5000000000005,Individual,Individual,Books to Scrape,False,0,0,0,0,Unknown,Unknown,False,False,,0,0,0,0,3,Unknown,Unknown,Resold
SCRAPED_TXN_00804,SCRAPED_PRD_00804,Books,Naked,Unknown,2026-09-01,2852.1,1996.4699999999998,Good,1,2026-09-01,2852.1,Individual,Individual,Books to Scrape,False,0,0,0,0,Unknown,Unknown,False,False,,0,0,0,0,3,Unknown,Unknown,Resold
SCRAPED_TXN_00805,SCRAPED_PRD_00805,Books,Morning Star (Red Rising #3),Unknown,2026-09-01,2646.0,1852.1999999999998,Good,1,2026-09-01,2646.0,Individual,Individual,Books to Scrape,False,0,0,0,0,Unknown,Unknown,False,False,,0,0,0,0,1,Unknown,Unknown,Resold
SCRAPED_TXN_00806,SCRAPED_PRD_00806,Books,"Miracles from Heaven: A Little Girl, Her Journey to Heaven, and Her Amazing Story of Healing",Unknown,2026-09-01,5204.7,3643.2899999999995,Good,1,2026-09-01,5204.7,Individual,Individual,Books to Scrape,False,0,0,0,0,Unknown,Unknown,False,False,,0,0,0,0,1,Unknown,Unknown,Resold
SCRAPED_TXN_00807,SCRAPED_PRD_00807,Books,Midnight Riot (Peter Grant/ Rivers of London - books #1),Unknown,2026-09-01,4991.4,3493.9799999999996,Good,1,2026-09-01,4991.4,Individual,Individual,Books to Scrape,False,0,0,0,0,Unknown,Unknown,False,False,,0,0,0,0,2,Unknown,Unknown,Resold
SCRAPED_TXN_00808,SCRAPED_PRD_00808,Books,Me Talk Pretty One Day,Unknown,2026-09-01,5184.0,3628.7999999999997,Good,1,2026-09-01,5184.0,Individual,Individual,Books to Scrape,False,0,0,0,0,Unknown,Unknown,False,False,,0,0,0,0,2,Unknown,Unknown,Resold
SCRAPED_TXN_00809,SCRAPED_PRD_00809,Books,Manuscript Found in Accra,Unknown,2026-09-01,3148.2,2203.74,Good,1,2026-09-01,3148.2,Individual,Individual,Books to Scrape,False,0,0,0,0,Unknown,Unknown,False,False,,0,0,0,0,2,Unknown,Unknown,Resold
SCRAPED_TXN_00810,SCRAPED_PRD_00810,Books,Lust & Wonder,Unknown,2026-09-01,1068.3,747.81,Good,1,2026-09-01,1068.3,Individual,Individual,Books to Scrape,False,0,0,0,0,Unknown,Unknown,False,False,,0,0,0,0,2,Unknown,Unknown,Resold
SCRAPED_TXN_00811,SCRAPED_PRD_00811,Books,Lila (Gilead #3),Unknown,2026-09-01,1122.3,785.6099999999999,Good,1,2026-09-01,1122.3,Individual,Individual,Books to Scrape,False,0,0,0,0,Unknown,Unknown,False,False,,0,0,0,0,3,Unknown,Unknown,Resold
SCRAPED_TXN_00812,SCRAPED_PRD_00812,Books,"Life, the Universe and Everything (Hitchhiker's Guide to the Galaxy #3)",Unknown,2026-09-01,2993.3999999999996,2095.3799999999997,Good,1,2026-09-01,2993.3999999999996,Individual,Individual,Books to Scrape,False,0,0,0,0,Unknown,Unknown,False,False,,0,0,0,0,2,Unknown,Unknown,Resold
SCRAPED_TXN_00813,SCRAPED_PRD_00813,Books,Life Without a Recipe,Unknown,2026-09-01,5313.6,3719.52,Good,1,2026-09-01,5313.6,Individual,Individual,Books to Scrape,False,0,0,0,0,Unknown,Unknown,False,False,,0,0,0,0,5,Unknown,Unknown,Resold
SCRAPED_TXN_00814,SCRAPED_PRD_00814,Books,Life After Life,Unknown,2026-09-01,2351.7,1646.1899999999998,Good,1,2026-09-01,2351.7,Individual,Individual,Books to Scrape,False,0,0,0,0,Unknown,Unknown,False,False,,0,0,0,0,2,Unknown,Unknown,Resold
SCRAPED_TXN_00815,SCRAPED_PRD_00815,Books,Letter to a Christian Nation,Unknown,2026-09-01,1998.0,1398.6,Good,1,2026-09-01,1998.0,Individual,Individual,Books to Scrape,False,0,0,0,0,Unknown,Unknown,False,False,,0,0,0,0,1,Unknown,Unknown,Resold
SCRAPED_TXN_00816,SCRAPED_PRD_00816,Books,Let's Pretend This Never Happened: A Mostly True Memoir,Unknown,2026-09-01,4059.9,2841.93,Good,1,2026-09-01,4059.9,Individual,Individual,Books to Scrape,False,0,0,0,0,Unknown,Unknown,False,False,,0,0,0,0,1,Unknown,Unknown,Resold
SCRAPED_TXN_00817,SCRAPED_PRD_00817,Books,Legend (Legend #1),Unknown,2026-09-01,3932.1,2752.47,Good,1,2026-09-01,3932.1,Individual,Individual,Books to Scrape,False,0,0,0,0,Unknown,Unknown,False,False,,0,0,0,0,4,Unknown,Unknown,Resold
SCRAPED_TXN_00818,SCRAPED_PRD_00818,Books,"Lean In: Women, Work, and the Will to Lead",Unknown,2026-09-01,2251.8,1576.26,Good,1,2026-09-01,2251.8,Individual,Individual,Books to Scrape,False,0,0,0,0,Unknown,Unknown,False,False,,0,0,0,0,1,Unknown,Unknown,Resold
SCRAPED_TXN_00819,SCRAPED_PRD_00819,Books,"Lamb: The Gospel According to Biff, Christ's Childhood Pal",Unknown,2026-09-01,4995.0,3496.5,Good,1,2026-09-01,4995.0,Individual,Individual,Books to Scrape,False,0,0,0,0,Unknown,Unknown,False,False,,0,0,0,0,5,Unknown,Unknown,Resold
SCRAPED_TXN_00820,SCRAPED_PRD_00820,Books,Lady Renegades (Rebel Belle #3),Unknown,2026-09-01,4773.6,3341.52,Good,1,2026-09-01,4773.6,Individual,Individual,Books to Scrape,False,0,0,0,0,Unknown,Unknown,False,False,,0,0,0,0,5,Unknown,Unknown,Resold
SCRAPED_TXN_00821,SCRAPED_PRD_00821,Books,Jurassic Park (Jurassic Park #1),Unknown,2026-09-01,4047.2999999999997,2833.1099999999997,Good,1,2026-09-01,4047.2999999999997,Individual,Individual,Books to Scrape,False,0,0,0,0,Unknown,Unknown,False,False,,0,0,0,0,1,Unknown,Unknown,Resold
SCRAPED_TXN_00822,SCRAPED_PRD_00822,Books,It's Never Too Late to Begin Again: Discovering Creativity and Meaning at Midlife and Beyond,Unknown,2026-09-01,3814.2000000000003,2669.94,Good,1,2026-09-01,3814.2000000000003,Individual,Individual,Books to Scrape,False,0,0,0,0,Unknown,Unknown,False,False,,0,0,0,0,1,Unknown,Unknown,Resold
SCRAPED_TXN_00823,SCRAPED_PRD_00823,Books,Is Everyone Hanging Out Without Me? (And Other Concerns),Unknown,2026-09-01,1809.8999999999999,1266.9299999999998,Good,1,2026-09-01,1809.8999999999999,Individual,Individual,Books to Scrape,False,0,0,0,0,Unknown,Unknown,False,False,,0,0,0,0,3,Unknown,Unknown,Resold
SCRAPED_TXN_00824,SCRAPED_PRD_00824,Books,Into the Wild,Unknown,2026-09-01,5103.0,3572.1,Good,1,2026-09-01,5103.0,Individual,Individual,Books to Scrape,False,0,0,0,0,Unknown,Unknown,False,False,,0,0,0,0,5,Unknown,Unknown,Resold
SCRAPED_TXN_00825,SCRAPED_PRD_00825,Books,Inferno (Robert Langdon #4),Unknown,2026-09-01,3690.0,2583.0,Good,1,2026-09-01,3690.0,Individual,Individual,Books to Scrape,False,0,0,0,0,Unknown,Unknown,False,False,,0,0,0,0,5,Unknown,Unknown,Resold
SCRAPED_TXN_00826,SCRAPED_PRD_00826,Books,"In the Garden of Beasts: Love, Terror, and an American Family in Hitler's Berlin",Unknown,2026-09-01,2596.5,1817.55,Good,1,2026-09-01,2596.5,Individual,Individual,Books to Scrape,False,0,0,0,0,Unknown,Unknown,False,False,,0,0,0,0,3,Unknown,Unknown,Resold
SCRAPED_TXN_00827,SCRAPED_PRD_00827,Books,If I Run (If I Run #1),Unknown,2026-09-01,4497.3,3148.11,Good,1,2026-09-01,4497.3,Individual,Individual,Books to Scrape,False,0,0,0,0,Unknown,Unknown,False,False,,0,0,0,0,4,Unknown,Unknown,Resold
SCRAPED_TXN_00828,SCRAPED_PRD_00828,Books,I've Got Your Number,Unknown,2026-09-01,1772.1000000000001,1240.47,Good,1,2026-09-01,1772.1000000000001,Individual,Individual,Books to Scrape,False,0,0,0,0,Unknown,Unknown,False,False,,0,0,0,0,1,Unknown,Unknown,Resold
SCRAPED_TXN_00829,SCRAPED_PRD_00829,Books,I Am Malala: The Girl Who Stood Up for Education and Was Shot by the Taliban,Unknown,2026-09-01,2599.2,1819.4399999999998,Good,1,2026-09-01,2599.2,Individual,Individual,Books to Scrape,False,0,0,0,0,Unknown,Unknown,False,False,,0,0,0,0,2,Unknown,Unknown,Resold
SCRAPED_TXN_00830,SCRAPED_PRD_00830,Books,Hungry Girl Clean & Hungry: Easy All-Natural Recipes for Healthy Eating in the Real World,Unknown,2026-09-01,2982.6,2087.8199999999997,Good,1,2026-09-01,2982.6,Individual,Individual,Books to Scrape,False,0,0,0,0,Unknown,Unknown,False,False,,0,0,0,0,3,Unknown,Unknown,Resold
SCRAPED_TXN_00831,SCRAPED_PRD_00831,Books,"House of Lost Worlds: Dinosaurs, Dynasties, and the Story of Life on Earth",Unknown,2026-09-01,3933.0000000000005,2753.1000000000004,Good,1,2026-09-01,3933.0000000000005,Individual,Individual,Books to Scrape,False,0,0,0,0,Unknown,Unknown,False,False,,0,0,0,0,2,Unknown,Unknown,Resold
SCRAPED_TXN_00832,SCRAPED_PRD_00832,Books,House of Leaves,Unknown,2026-09-01,4940.1,3458.07,Good,1,2026-09-01,4940.1,Individual,Individual,Books to Scrape,False,0,0,0,0,Unknown,Unknown,False,False,,0,0,0,0,1,Unknown,Unknown,Resold
SCRAPED_TXN_00833,SCRAPED_PRD_00833,Books,Horrible Bear!,Unknown,2026-09-01,3376.8,2363.7599999999998,Good,1,2026-09-01,3376.8,Individual,Individual,Books to Scrape,False,0,0,0,0,Unknown,Unknown,False,False,,0,0,0,0,2,Unknown,Unknown,Resold
SCRAPED_TXN_00834,SCRAPED_PRD_00834,Books,Holidays on Ice,Unknown,2026-09-01,4596.3,3217.41,Good,1,2026-09-01,4596.3,Individual,Individual,Books to Scrape,False,0,0,0,0,Unknown,Unknown,False,False,,0,0,0,0,2,Unknown,Unknown,Resold
SCRAPED_TXN_00835,SCRAPED_PRD_00835,Books,Heir to the Sky,Unknown,2026-09-01,3966.3,2776.41,Good,1,2026-09-01,3966.3,Individual,Individual,Books to Scrape,False,0,0,0,0,Unknown,Unknown,False,False,,0,0,0,0,4,Unknown,Unknown,Resold
SCRAPED_TXN_00836,SCRAPED_PRD_00836,Books,Green Eggs and Ham (Beginner Books B-16),Unknown,2026-09-01,971.0999999999999,679.7699999999999,Good,1,2026-09-01,971.0999999999999,Individual,Individual,Books to Scrape,False,0,0,0,0,Unknown,Unknown,False,False,,0,0,0,0,4,Unknown,Unknown,Resold
SCRAPED_TXN_00837,SCRAPED_PRD_00837,Books,"Grayson, Vol 3: Nemesis (Grayson #3)",Unknown,2026-09-01,3844.7999999999997,2691.3599999999997,Good,1,2026-09-01,3844.7999999999997,Individual,Individual,Books to Scrape,False,0,0,0,0,Unknown,Unknown,False,False,,0,0,0,0,1,Unknown,Unknown,Resold
SCRAPED_TXN_00838,SCRAPED_PRD_00838,Books,Gratitude,Unknown,2026-09-01,2399.4,1679.58,Good,1,2026-09-01,2399.4,Individual,Individual,Books to Scrape,False,0,0,0,0,Unknown,Unknown,False,False,,0,0,0,0,5,Unknown,Unknown,Resold
SCRAPED_TXN_00839,SCRAPED_PRD_00839,Books,Gone Girl,Unknown,2026-09-01,3384.0,2368.7999999999997,Good,1,2026-09-01,3384.0,Individual,Individual,Books to Scrape,False,0,0,0,0,Unknown,Unknown,False,False,,0,0,0,0,5,Unknown,Unknown,Resold
SCRAPED_TXN_00840,SCRAPED_PRD_00840,Books,Golden (Heart of Dread #3),Unknown,2026-09-01,3798.9,2659.23,Good,1,2026-09-01,3798.9,Individual,Individual,Books to Scrape,False,0,0,0,0,Unknown,Unknown,False,False,,0,0,0,0,4,Unknown,Unknown,Resold
SCRAPED_TXN_00841,SCRAPED_PRD_00841,Books,Girl in the Blue Coat,Unknown,2026-09-01,4214.7,2950.2899999999995,Good,1,2026-09-01,4214.7,Individual,Individual,Books to Scrape,False,0,0,0,0,Unknown,Unknown,False,False,,0,0,0,0,2,Unknown,Unknown,Resold
SCRAPED_TXN_00842,SCRAPED_PRD_00842,Books,"Fruits Basket, Vol. 3 (Fruits Basket #3)",Unknown,2026-09-01,4065.3,2845.71,Good,1,2026-09-01,4065.3,Individual,Individual,Books to Scrape,False,0,0,0,0,Unknown,Unknown,False,False,,0,0,0,0,2,Unknown,Unknown,Resold
SCRAPED_TXN_00843,SCRAPED_PRD_00843,Books,"Friday Night Lights: A Town, a Team, and a Dream",Unknown,2026-09-01,4609.8,3226.86,Good,1,2026-09-01,4609.8,Individual,Individual,Books to Scrape,False,0,0,0,0,Unknown,Unknown,False,False,,0,0,0,0,3,Unknown,Unknown,Resold
SCRAPED_TXN_00844,SCRAPED_PRD_00844,Books,Fire Bound (Sea Haven/Sisters of the Heart #5),Unknown,2026-09-01,1915.2,1340.6399999999999,Good,1,2026-09-01,1915.2,Individual,Individual,Books to Scrape,False,0,0,0,0,Unknown,Unknown,False,False,,0,0,0,0,4,Unknown,Unknown,Resold
SCRAPED_TXN_00845,SCRAPED_PRD_00845,Books,Fifty Shades Freed (Fifty Shades #3),Unknown,2026-09-01,1382.3999999999999,967.6799999999998,Good,1,2026-09-01,1382.3999999999999,Individual,Individual,Books to Scrape,False,0,0,0,0,Unknown,Unknown,False,False,,0,0,0,0,5,Unknown,Unknown,Resold
SCRAPED_TXN_00846,SCRAPED_PRD_00846,Books,Fellside,Unknown,2026-09-01,3475.7999999999997,2433.0599999999995,Good,1,2026-09-01,3475.7999999999997,Individual,Individual,Books to Scrape,False,0,0,0,0,Unknown,Unknown,False,False,,0,0,0,0,1,Unknown,Unknown,Resold
SCRAPED_TXN_00847,SCRAPED_PRD_00847,Books,Extreme Prey (Lucas Davenport #26),Unknown,2026-09-01,2286.0,1600.1999999999998,Good,1,2026-09-01,2286.0,Individual,Individual,Books to Scrape,False,0,0,0,0,Unknown,Unknown,False,False,,0,0,0,0,3,Unknown,Unknown,Resold
SCRAPED_TXN_00848,SCRAPED_PRD_00848,Books,Eragon (The Inheritance Cycle #1),Unknown,2026-09-01,3948.2999999999997,2763.8099999999995,Good,1,2026-09-01,3948.2999999999997,Individual,Individual,Books to Scrape,False,0,0,0,0,Unknown,Unknown,False,False,,0,0,0,0,3,Unknown,Unknown,Resold
SCRAPED_TXN_00849,SCRAPED_PRD_00849,Books,Eclipse (Twilight #3),Unknown,2026-09-01,1686.6,1180.62,Good,1,2026-09-01,1686.6,Individual,Individual,Books to Scrape,False,0,0,0,0,Unknown,Unknown,False,False,,0,0,0,0,1,Unknown,Unknown,Resold
SCRAPED_TXN_00850,SCRAPED_PRD_00850,Books,Dune (Dune #1),Unknown,2026-09-01,4937.4,3456.1799999999994,Good,1,2026-09-01,4937.4,Individual,Individual,Books to Scrape,False,0,0,0,0,Unknown,Unknown,False,False,,0,0,0,0,1,Unknown,Unknown,Resold
SCRAPED_TXN_00851,SCRAPED_PRD_00851,Books,Dracula,Unknown,2026-09-01,4735.8,3315.06,Good,1,2026-09-01,4735.8,Individual,Individual,Books to Scrape,False,0,0,0,0,Unknown,Unknown,False,False,,0,0,0,0,3,Unknown,Unknown,Resold
SCRAPED_TXN_00852,SCRAPED_PRD_00852,Books,Do Androids Dream of Electric Sheep? (Blade Runner #1),Unknown,2026-09-01,4633.2,3243.24,Good,1,2026-09-01,4633.2,Individual,Individual,Books to Scrape,False,0,0,0,0,Unknown,Unknown,False,False,,0,0,0,0,1,Unknown,Unknown,Resold
SCRAPED_TXN_00853,SCRAPED_PRD_00853,Books,Disrupted: My Misadventure in the Start-Up Bubble,Unknown,2026-09-01,1375.2,962.64,Good,1,2026-09-01,1375.2,Individual,Individual,Books to Scrape,False,0,0,0,0,Unknown,Unknown,False,False,,0,0,0,0,5,Unknown,Unknown,Resold
SCRAPED_TXN_00854,SCRAPED_PRD_00854,Books,Dead Wake: The Last Crossing of the Lusitania,Unknown,2026-09-01,3531.6000000000004,2472.12,Good,1,2026-09-01,3531.6000000000004,Individual,Individual,Books to Scrape,False,0,0,0,0,Unknown,Unknown,False,False,,0,0,0,0,5,Unknown,Unknown,Resold
SCRAPED_TXN_00855,SCRAPED_PRD_00855,Books,"David and Goliath: Underdogs, Misfits, and the Art of Battling Giants",Unknown,2026-09-01,1602.8999999999999,1122.0299999999997,Good,1,2026-09-01,1602.8999999999999,Individual,Individual,Books to Scrape,False,0,0,0,0,Unknown,Unknown,False,False,,0,0,0,0,1,Unknown,Unknown,Resold
SCRAPED_TXN_00856,SCRAPED_PRD_00856,Books,Darkfever (Fever #1),Unknown,2026-09-01,5041.8,3529.2599999999998,Good,1,2026-09-01,5041.8,Individual,Individual,Books to Scrape,False,0,0,0,0,Unknown,Unknown,False,False,,0,0,0,0,1,Unknown,Unknown,Resold
SCRAPED_TXN_00857,SCRAPED_PRD_00857,Books,Dark Places,Unknown,2026-09-01,2151.0,1505.6999999999998,Good,1,2026-09-01,2151.0,Individual,Individual,Books to Scrape,False,0,0,0,0,Unknown,Unknown,False,False,,0,0,0,0,5,Unknown,Unknown,Resold
SCRAPED_TXN_00858,SCRAPED_PRD_00858,Books,Crazy Rich Asians (Crazy Rich Asians #1),Unknown,2026-09-01,4421.7,3095.1899999999996,Good,1,2026-09-01,4421.7,Individual,Individual,Books to Scrape,False,0,0,0,0,Unknown,Unknown,False,False,,0,0,0,0,5,Unknown,Unknown,Resold
SCRAPED_TXN_00859,SCRAPED_PRD_00859,Books,Counting Thyme,Unknown,2026-09-01,955.8,669.06,Good,1,2026-09-01,955.8,Individual,Individual,Books to Scrape,False,0,0,0,0,Unknown,Unknown,False,False,,0,0,0,0,1,Unknown,Unknown,Resold
SCRAPED_TXN_00860,SCRAPED_PRD_00860,Books,Cosmos,Unknown,2026-09-01,3255.3,2278.71,Good,1,2026-09-01,3255.3,Individual,Individual,Books to Scrape,False,0,0,0,0,Unknown,Unknown,False,False,,0,0,0,0,2,Unknown,Unknown,Resold
SCRAPED_TXN_00861,SCRAPED_PRD_00861,Books,Civilization and Its Discontents,Unknown,2026-09-01,5395.5,3776.85,Good,1,2026-09-01,5395.5,Individual,Individual,Books to Scrape,False,0,0,0,0,Unknown,Unknown,False,False,,0,0,0,0,2,Unknown,Unknown,Resold
SCRAPED_TXN_00862,SCRAPED_PRD_00862,Books,Cinder (The Lunar Chronicles #1),Unknown,2026-09-01,2348.1,1643.6699999999998,Good,1,2026-09-01,2348.1,Individual,Individual,Books to Scrape,False,0,0,0,0,Unknown,Unknown,False,False,,0,0,0,0,1,Unknown,Unknown,Resold
SCRAPED_TXN_00863,SCRAPED_PRD_00863,Books,Catastrophic Happiness: Finding Joy in Childhood's Messy Years,Unknown,2026-09-01,3361.5,2353.0499999999997,Good,1,2026-09-01,3361.5,Individual,Individual,Books to Scrape,False,0,0,0,0,Unknown,Unknown,False,False,,0,0,0,0,2,Unknown,Unknown,Resold
SCRAPED_TXN_00864,SCRAPED_PRD_00864,Books,Career of Evil (Cormoran Strike #3),Unknown,2026-09-01,2224.7999999999997,1557.3599999999997,Good,1,2026-09-01,2224.7999999999997,Individual,Individual,Books to Scrape,False,0,0,0,0,Unknown,Unknown,False,False,,0,0,0,0,2,Unknown,Unknown,Resold
SCRAPED_TXN_00865,SCRAPED_PRD_00865,Books,Breaking Dawn (Twilight #4),Unknown,2026-09-01,3175.2000000000003,2222.64,Good,1,2026-09-01,3175.2000000000003,Individual,Individual,Books to Scrape,False,0,0,0,0,Unknown,Unknown,False,False,,0,0,0,0,5,Unknown,Unknown,Resold
SCRAPED_TXN_00866,SCRAPED_PRD_00866,Books,Brave Enough,Unknown,2026-09-01,4618.8,3233.16,Good,1,2026-09-01,4618.8,Individual,Individual,Books to Scrape,False,0,0,0,0,Unknown,Unknown,False,False,,0,0,0,0,5,Unknown,Unknown,Resold
SCRAPED_TXN_00867,SCRAPED_PRD_00867,Books,Boy Meets Boy,Unknown,2026-09-01,1900.8000000000002,1330.56,Good,1,2026-09-01,1900.8000000000002,Individual,Individual,Books to Scrape,False,0,0,0,0,Unknown,Unknown,False,False,,0,0,0,0,3,Unknown,Unknown,Resold
SCRAPED_TXN_00868,SCRAPED_PRD_00868,Books,"Born to Run: A Hidden Tribe, Superathletes, and the Greatest Race the World Has Never Seen",Unknown,2026-09-01,2461.5,1723.05,Good,1,2026-09-01,2461.5,Individual,Individual,Books to Scrape,False,0,0,0,0,Unknown,Unknown,False,False,,0,0,0,0,2,Unknown,Unknown,Resold
SCRAPED_TXN_00869,SCRAPED_PRD_00869,Books,Blink: The Power of Thinking Without Thinking,Unknown,2026-09-01,1956.6,1369.62,Good,1,2026-09-01,1956.6,Individual,Individual,Books to Scrape,False,0,0,0,0,Unknown,Unknown,False,False,,0,0,0,0,5,Unknown,Unknown,Resold
SCRAPED_TXN_00870,SCRAPED_PRD_00870,Books,Black Flags: The Rise of ISIS,Unknown,2026-09-01,3678.2999999999997,2574.8099999999995,Good,1,2026-09-01,3678.2999999999997,Individual,Individual,Books to Scrape,False,0,0,0,0,Unknown,Unknown,False,False,,0,0,0,0,1,Unknown,Unknown,Resold
SCRAPED_TXN_00871,SCRAPED_PRD_00871,Books,"Black Butler, Vol. 1 (Black Butler #1)",Unknown,2026-09-01,4437.900000000001,3106.53,Good,1,2026-09-01,4437.900000000001,Individual,Individual,Books to Scrape,False,0,0,0,0,Unknown,Unknown,False,False,,0,0,0,0,1,Unknown,Unknown,Resold
SCRAPED_TXN_00872,SCRAPED_PRD_00872,Books,Big Little Lies,Unknown,2026-09-01,1989.8999999999999,1392.9299999999998,Good,1,2026-09-01,1989.8999999999999,Individual,Individual,Books to Scrape,False,0,0,0,0,Unknown,Unknown,False,False,,0,0,0,0,1,Unknown,Unknown,Resold
SCRAPED_TXN_00873,SCRAPED_PRD_00873,Books,Between Shades of Gray,Unknown,2026-09-01,1871.1,1309.7699999999998,Good,1,2026-09-01,1871.1,Individual,Individual,Books to Scrape,False,0,0,0,0,Unknown,Unknown,False,False,,0,0,0,0,5,Unknown,Unknown,Resold
SCRAPED_TXN_00874,SCRAPED_PRD_00874,Books,Best of My Love (Fool's Gold #20),Unknown,2026-09-01,2466.9,1726.83,Good,1,2026-09-01,2466.9,Individual,Individual,Books to Scrape,False,0,0,0,0,Unknown,Unknown,False,False,,0,0,0,0,2,Unknown,Unknown,Resold
SCRAPED_TXN_00875,SCRAPED_PRD_00875,Books,Beowulf,Unknown,2026-09-01,3451.5,2416.0499999999997,Good,1,2026-09-01,3451.5,Individual,Individual,Books to Scrape,False,0,0,0,0,Unknown,Unknown,False,False,,0,0,0,0,2,Unknown,Unknown,Resold
SCRAPED_TXN_00876,SCRAPED_PRD_00876,Books,Beautiful Creatures (Caster Chronicles #1),Unknown,2026-09-01,1939.5,1357.6499999999999,Good,1,2026-09-01,1939.5,Individual,Individual,Books to Scrape,False,0,0,0,0,Unknown,Unknown,False,False,,0,0,0,0,5,Unknown,Unknown,Resold
SCRAPED_TXN_00877,SCRAPED_PRD_00877,Books,Awkward,Unknown,2026-09-01,3421.8,2395.2599999999998,Good,1,2026-09-01,3421.8,Individual,Individual,Books to Scrape,False,0,0,0,0,Unknown,Unknown,False,False,,0,0,0,0,2,Unknown,Unknown,Resold
SCRAPED_TXN_00878,SCRAPED_PRD_00878,Books,Ash,Unknown,2026-09-01,1985.3999999999999,1389.7799999999997,Good,1,2026-09-01,1985.3999999999999,Individual,Individual,Books to Scrape,False,0,0,0,0,Unknown,Unknown,False,False,,0,0,0,0,4,Unknown,Unknown,Resold
SCRAPED_TXN_00879,SCRAPED_PRD_00879,Books,Are We There Yet?,Unknown,2026-09-01,959.4,671.5799999999999,Good,1,2026-09-01,959.4,Individual,Individual,Books to Scrape,False,0,0,0,0,Unknown,Unknown,False,False,,0,0,0,0,3,Unknown,Unknown,Resold
SCRAPED_TXN_00880,SCRAPED_PRD_00880,Books,Are We Smart Enough to Know How Smart Animals Are?,Unknown,2026-09-01,5092.2,3564.5399999999995,Good,1,2026-09-01,5092.2,Individual,Individual,Books to Scrape,False,0,0,0,0,Unknown,Unknown,False,False,,0,0,0,0,1,Unknown,Unknown,Resold
SCRAPED_TXN_00881,SCRAPED_PRD_00881,Books,Annie on My Mind,Unknown,2026-09-01,3314.7,2320.2899999999995,Good,1,2026-09-01,3314.7,Individual,Individual,Books to Scrape,False,0,0,0,0,Unknown,Unknown,False,False,,0,0,0,0,5,Unknown,Unknown,Resold
SCRAPED_TXN_00882,SCRAPED_PRD_00882,Books,And Then There Were None,Unknown,2026-09-01,3150.8999999999996,2205.6299999999997,Good,1,2026-09-01,3150.8999999999996,Individual,Individual,Books to Scrape,False,0,0,0,0,Unknown,Unknown,False,False,,0,0,0,0,2,Unknown,Unknown,Resold
SCRAPED_TXN_00883,SCRAPED_PRD_00883,Books,A Walk in the Woods: Rediscovering America on the Appalachian Trail,Unknown,2026-09-01,2743.2,1920.2399999999998,Good,1,2026-09-01,2743.2,Individual,Individual,Books to Scrape,False,0,0,0,0,Unknown,Unknown,False,False,,0,0,0,0,4,Unknown,Unknown,Resold
SCRAPED_TXN_00884,SCRAPED_PRD_00884,Books,A Visit from the Goon Squad,Unknown,2026-09-01,1267.2,887.04,Good,1,2026-09-01,1267.2,Individual,Individual,Books to Scrape,False,0,0,0,0,Unknown,Unknown,False,False,,0,0,0,0,5,Unknown,Unknown,Resold
SCRAPED_TXN_00885,SCRAPED_PRD_00885,Books,A Storm of Swords (A Song of Ice and Fire #3),Unknown,2026-09-01,2809.7999999999997,1966.8599999999997,Good,1,2026-09-01,2809.7999999999997,Individual,Individual,Books to Scrape,False,0,0,0,0,Unknown,Unknown,False,False,,0,0,0,0,2,Unknown,Unknown,Resold
SCRAPED_TXN_00886,SCRAPED_PRD_00886,Books,A Heartbreaking Work of Staggering Genius,Unknown,2026-09-01,4886.1,3420.27,Good,1,2026-09-01,4886.1,Individual,Individual,Books to Scrape,False,0,0,0,0,Unknown,Unknown,False,False,,0,0,0,0,5,Unknown,Unknown,Resold
SCRAPED_TXN_00887,SCRAPED_PRD_00887,Books,8 Keys to Mental Health Through Exercise,Unknown,2026-09-01,2793.6,1955.5199999999998,Good,1,2026-09-01,2793.6,Individual,Individual,Books to Scrape,False,0,0,0,0,Unknown,Unknown,False,False,,0,0,0,0,1,Unknown,Unknown,Resold
SCRAPED_TXN_00888,SCRAPED_PRD_00888,Books,#GIRLBOSS,Unknown,2026-09-01,4586.4,3210.4799999999996,Good,1,2026-09-01,4586.4,Individual,Individual,Books to Scrape,False,0,0,0,0,Unknown,Unknown,False,False,,0,0,0,0,1,Unknown,Unknown,Resold
SCRAPED_TXN_00889,SCRAPED_PRD_00889,Books,"The Suffragettes (Little Black Classics, #96)",Unknown,2026-09-01,1070.1000000000001,749.07,Good,1,2026-09-01,1070.1000000000001,Individual,Individual,Books to Scrape,False,0,0,0,0,Unknown,Unknown,False,False,,0,0,0,0,2,Unknown,Unknown,Resold
SCRAPED_TXN_00890,SCRAPED_PRD_00890,Books,The Sense of an Ending,Unknown,2026-09-01,2824.2,1976.9399999999998,Good,1,2026-09-01,2824.2,Individual,Individual,Books to Scrape,False,0,0,0,0,Unknown,Unknown,False,False,,0,0,0,0,3,Unknown,Unknown,Resold
SCRAPED_TXN_00891,SCRAPED_PRD_00891,Books,"The Sandman, Vol. 2: The Doll's House (The Sandman (volumes) #2)",Unknown,2026-09-01,4932.900000000001,3453.03,Good,1,2026-09-01,4932.900000000001,Individual,Individual,Books to Scrape,False,0,0,0,0,Unknown,Unknown,False,False,,0,0,0,0,1,Unknown,Unknown,Resold
SCRAPED_TXN_00892,SCRAPED_PRD_00892,Books,The Course of Love,Unknown,2026-09-01,1510.2,1057.1399999999999,Good,1,2026-09-01,1510.2,Individual,Individual,Books to Scrape,False,0,0,0,0,Unknown,Unknown,False,False,,0,0,0,0,3,Unknown,Unknown,Resold
SCRAPED_TXN_00893,SCRAPED_PRD_00893,Books,Sugar Rush (Offensive Line #2),Unknown,2026-09-01,2197.8,1538.46,Good,1,2026-09-01,2197.8,Individual,Individual,Books to Scrape,False,0,0,0,0,Unknown,Unknown,False,False,,0,0,0,0,1,Unknown,Unknown,Resold
SCRAPED_TXN_00894,SCRAPED_PRD_00894,Books,"Saga, Volume 2 (Saga (Collected Editions) #2)",Unknown,2026-09-01,1057.5,740.25,Good,1,2026-09-01,1057.5,Individual,Individual,Books to Scrape,False,0,0,0,0,Unknown,Unknown,False,False,,0,0,0,0,3,Unknown,Unknown,Resold
SCRAPED_TXN_00895,SCRAPED_PRD_00895,Books,"Run, Spot, Run: The Ethics of Keeping Pets",Unknown,2026-09-01,1801.8,1261.26,Good,1,2026-09-01,1801.8,Individual,Individual,Books to Scrape,False,0,0,0,0,Unknown,Unknown,False,False,,0,0,0,0,1,Unknown,Unknown,Resold
SCRAPED_TXN_00896,SCRAPED_PRD_00896,Books,New Moon (Twilight #2),Unknown,2026-09-01,1157.3999999999999,810.1799999999998,Good,1,2026-09-01,1157.3999999999999,Individual,Individual,Books to Scrape,False,0,0,0,0,Unknown,Unknown,False,False,,0,0,0,0,4,Unknown,Unknown,Resold
SCRAPED_TXN_00897,SCRAPED_PRD_00897,Books,Life,Unknown,2026-09-01,2842.2,1989.5399999999997,Good,1,2026-09-01,2842.2,Individual,Individual,Books to Scrape,False,0,0,0,0,Unknown,Unknown,False,False,,0,0,0,0,5,Unknown,Unknown,Resold
SCRAPED_TXN_00898,SCRAPED_PRD_00898,Books,Kindle Paperwhite User's Guide,Unknown,2026-09-01,3060.0,2142.0,Good,1,2026-09-01,3060.0,Individual,Individual,Books to Scrape,False,0,0,0,0,Unknown,Unknown,False,False,,0,0,0,0,3,Unknown,Unknown,Resold
SCRAPED_TXN_00899,SCRAPED_PRD_00899,Books,H is for Hawk,Unknown,2026-09-01,5167.8,3617.46,Good,1,2026-09-01,5167.8,Individual,Individual,Books to Scrape,False,0,0,0,0,Unknown,Unknown,False,False,,0,0,0,0,5,Unknown,Unknown,Resold
SCRAPED_TXN_00900,SCRAPED_PRD_00900,Books,Girl Online On Tour (Girl Online #2),Unknown,2026-09-01,4812.3,3368.61,Good,1,2026-09-01,4812.3,Individual,Individual,Books to Scrape,False,0,0,0,0,Unknown,Unknown,False,False,,0,0,0,0,1,Unknown,Unknown,Resold
SCRAPED_TXN_00901,SCRAPED_PRD_00901,Books,"Fruits Basket, Vol. 2 (Fruits Basket #2)",Unknown,2026-09-01,1047.6000000000001,733.32,Good,1,2026-09-01,1047.6000000000001,Individual,Individual,Books to Scrape,False,0,0,0,0,Unknown,Unknown,False,False,,0,0,0,0,5,Unknown,Unknown,Resold
SCRAPED_TXN_00902,SCRAPED_PRD_00902,Books,Diary of a Minecraft Zombie Book 1: A Scare of a Dare (An Unofficial Minecraft Book),Unknown,2026-09-01,4759.2,3331.4399999999996,Good,1,2026-09-01,4759.2,Individual,Individual,Books to Scrape,False,0,0,0,0,Unknown,Unknown,False,False,,0,0,0,0,4,Unknown,Unknown,Resold
SCRAPED_TXN_00903,SCRAPED_PRD_00903,Books,"Y: The Last Man, Vol. 1: Unmanned (Y: The Last Man #1)",Unknown,2026-09-01,1665.9,1166.1299999999999,Good,1,2026-09-01,1665.9,Individual,Individual,Books to Scrape,False,0,0,0,0,Unknown,Unknown,False,False,,0,0,0,0,4,Unknown,Unknown,Resold
SCRAPED_TXN_00904,SCRAPED_PRD_00904,Books,While You Were Mine,Unknown,2026-09-01,3718.8,2603.16,Good,1,2026-09-01,3718.8,Individual,Individual,Books to Scrape,False,0,0,0,0,Unknown,Unknown,False,False,,0,0,0,0,5,Unknown,Unknown,Resold
SCRAPED_TXN_00905,SCRAPED_PRD_00905,Books,Where Lightning Strikes (Bleeding Stars #3),Unknown,2026-09-01,3579.3,2505.5099999999998,Good,1,2026-09-01,3579.3,Individual,Individual,Books to Scrape,False,0,0,0,0,Unknown,Unknown,False,False,,0,0,0,0,3,Unknown,Unknown,Resold
SCRAPED_TXN_00906,SCRAPED_PRD_00906,Books,When I'm Gone,Unknown,2026-09-01,4676.4,3273.4799999999996,Good,1,2026-09-01,4676.4,Individual,Individual,Books to Scrape,False,0,0,0,0,Unknown,Unknown,False,False,,0,0,0,0,3,Unknown,Unknown,Resold
SCRAPED_TXN_00907,SCRAPED_PRD_00907,Books,Ways of Seeing,Unknown,2026-09-01,3555.8999999999996,2489.1299999999997,Good,1,2026-09-01,3555.8999999999996,Individual,Individual,Books to Scrape,False,0,0,0,0,Unknown,Unknown,False,False,,0,0,0,0,5,Unknown,Unknown,Resold
SCRAPED_TXN_00908,SCRAPED_PRD_00908,Books,"Vampire Knight, Vol. 1 (Vampire Knight #1)",Unknown,2026-09-01,1386.0,970.1999999999999,Good,1,2026-09-01,1386.0,Individual,Individual,Books to Scrape,False,0,0,0,0,Unknown,Unknown,False,False,,0,0,0,0,1,Unknown,Unknown,Resold
SCRAPED_TXN_00909,SCRAPED_PRD_00909,Books,Vampire Girl (Vampire Girl #1),Unknown,2026-09-01,4843.8,3390.66,Good,1,2026-09-01,4843.8,Individual,Individual,Books to Scrape,False,0,0,0,0,Unknown,Unknown,False,False,,0,0,0,0,2,Unknown,Unknown,Resold
SCRAPED_TXN_00910,SCRAPED_PRD_00910,Books,Twenty Love Poems and a Song of Despair,Unknown,2026-09-01,2785.5,1949.85,Good,1,2026-09-01,2785.5,Individual,Individual,Books to Scrape,False,0,0,0,0,Unknown,Unknown,False,False,,0,0,0,0,4,Unknown,Unknown,Resold
SCRAPED_TXN_00911,SCRAPED_PRD_00911,Books,Travels with Charley: In Search of America,Unknown,2026-09-01,5203.8,3642.66,Good,1,2026-09-01,5203.8,Individual,Individual,Books to Scrape,False,0,0,0,0,Unknown,Unknown,False,False,,0,0,0,0,5,Unknown,Unknown,Resold
SCRAPED_TXN_00912,SCRAPED_PRD_00912,Books,Three Wishes (River of Time: California #1),Unknown,2026-09-01,3976.2,2783.3399999999997,Good,1,2026-09-01,3976.2,Individual,Individual,Books to Scrape,False,0,0,0,0,Unknown,Unknown,False,False,,0,0,0,0,2,Unknown,Unknown,Resold
SCRAPED_TXN_00913,SCRAPED_PRD_00913,Books,This One Moment (Pushing Limits #1),Unknown,2026-09-01,4383.9,3068.7299999999996,Good,1,2026-09-01,4383.9,Individual,Individual,Books to Scrape,False,0,0,0,0,Unknown,Unknown,False,False,,0,0,0,0,1,Unknown,Unknown,Resold
SCRAPED_TXN_00914,SCRAPED_PRD_00914,Books,The Zombie Room,Unknown,2026-09-01,1772.1000000000001,1240.47,Good,1,2026-09-01,1772.1000000000001,Individual,Individual,Books to Scrape,False,0,0,0,0,Unknown,Unknown,False,False,,0,0,0,0,5,Unknown,Unknown,Resold
SCRAPED_TXN_00915,SCRAPED_PRD_00915,Books,"The Wicked + The Divine, Vol. 1: The Faust Act (The Wicked + The Divine)",Unknown,2026-09-01,3286.8,2300.7599999999998,Good,1,2026-09-01,3286.8,Individual,Individual,Books to Scrape,False,0,0,0,0,Unknown,Unknown,False,False,,0,0,0,0,2,Unknown,Unknown,Resold
SCRAPED_TXN_00916,SCRAPED_PRD_00916,Books,The Tumor,Unknown,2026-09-01,3740.4,2618.2799999999997,Good,1,2026-09-01,3740.4,Individual,Individual,Books to Scrape,False,0,0,0,0,Unknown,Unknown,False,False,,0,0,0,0,5,Unknown,Unknown,Resold
SCRAPED_TXN_00917,SCRAPED_PRD_00917,Books,The Story of Hong Gildong,Unknown,2026-09-01,3887.1,2720.97,Good,1,2026-09-01,3887.1,Individual,Individual,Books to Scrape,False,0,0,0,0,Unknown,Unknown,False,False,,0,0,0,0,4,Unknown,Unknown,Resold
SCRAPED_TXN_00918,SCRAPED_PRD_00918,Books,The Silent Wife,Unknown,2026-09-01,1110.6,777.4199999999998,Good,1,2026-09-01,1110.6,Individual,Individual,Books to Scrape,False,0,0,0,0,Unknown,Unknown,False,False,,0,0,0,0,5,Unknown,Unknown,Resold
SCRAPED_TXN_00919,SCRAPED_PRD_00919,Books,The Silent Twin (Detective Jennifer Knight #3),Unknown,2026-09-01,3262.5,2283.75,Good,1,2026-09-01,3262.5,Individual,Individual,Books to Scrape,False,0,0,0,0,Unknown,Unknown,False,False,,0,0,0,0,3,Unknown,Unknown,Resold
SCRAPED_TXN_00920,SCRAPED_PRD_00920,Books,The Selfish Gene,Unknown,2026-09-01,2650.5,1855.35,Good,1,2026-09-01,2650.5,Individual,Individual,Books to Scrape,False,0,0,0,0,Unknown,Unknown,False,False,,0,0,0,0,1,Unknown,Unknown,Resold
SCRAPED_TXN_00921,SCRAPED_PRD_00921,Books,The Secret Healer,Unknown,2026-09-01,3110.4,2177.2799999999997,Good,1,2026-09-01,3110.4,Individual,Individual,Books to Scrape,False,0,0,0,0,Unknown,Unknown,False,False,,0,0,0,0,3,Unknown,Unknown,Resold
SCRAPED_TXN_00922,SCRAPED_PRD_00922,Books,"The Sandman, Vol. 1: Preludes and Nocturnes (The Sandman (volumes) #1)",Unknown,2026-09-01,4870.8,3409.56,Good,1,2026-09-01,4870.8,Individual,Individual,Books to Scrape,False,0,0,0,0,Unknown,Unknown,False,False,,0,0,0,0,3,Unknown,Unknown,Resold
SCRAPED_TXN_00923,SCRAPED_PRD_00923,Books,The Republic,Unknown,2026-09-01,3040.2000000000003,2128.14,Good,1,2026-09-01,3040.2000000000003,Individual,Individual,Books to Scrape,False,0,0,0,0,Unknown,Unknown,False,False,,0,0,0,0,3,Unknown,Unknown,Resold
SCRAPED_TXN_00924,SCRAPED_PRD_00924,Books,The Odyssey,Unknown,2026-09-01,2667.6,1867.3199999999997,Good,1,2026-09-01,2667.6,Individual,Individual,Books to Scrape,False,0,0,0,0,Unknown,Unknown,False,False,,0,0,0,0,3,Unknown,Unknown,Resold
SCRAPED_TXN_00925,SCRAPED_PRD_00925,Books,The No. 1 Ladies' Detective Agency (No. 1 Ladies' Detective Agency #1),Unknown,2026-09-01,5193.0,3635.1,Good,1,2026-09-01,5193.0,Individual,Individual,Books to Scrape,False,0,0,0,0,Unknown,Unknown,False,False,,0,0,0,0,4,Unknown,Unknown,Resold
SCRAPED_TXN_00926,SCRAPED_PRD_00926,Books,The Nicomachean Ethics,Unknown,2026-09-01,3270.6000000000004,2289.42,Good,1,2026-09-01,3270.6000000000004,Individual,Individual,Books to Scrape,False,0,0,0,0,Unknown,Unknown,False,False,,0,0,0,0,1,Unknown,Unknown,Resold
SCRAPED_TXN_00927,SCRAPED_PRD_00927,Books,The Name of the Wind (The Kingkiller Chronicle #1),Unknown,2026-09-01,4553.1,3187.17,Good,1,2026-09-01,4553.1,Individual,Individual,Books to Scrape,False,0,0,0,0,Unknown,Unknown,False,False,,0,0,0,0,3,Unknown,Unknown,Resold
SCRAPED_TXN_00928,SCRAPED_PRD_00928,Books,The Mirror & the Maze (The Wrath and the Dawn #1.5),Unknown,2026-09-01,2644.2,1850.9399999999998,Good,1,2026-09-01,2644.2,Individual,Individual,Books to Scrape,False,0,0,0,0,Unknown,Unknown,False,False,,0,0,0,0,1,Unknown,Unknown,Resold
SCRAPED_TXN_00929,SCRAPED_PRD_00929,Books,The Little Prince,Unknown,2026-09-01,4087.8,2861.46,Good,1,2026-09-01,4087.8,Individual,Individual,Books to Scrape,False,0,0,0,0,Unknown,Unknown,False,False,,0,0,0,0,2,Unknown,Unknown,Resold
SCRAPED_TXN_00930,SCRAPED_PRD_00930,Books,The Light of the Fireflies,Unknown,2026-09-01,4898.7,3429.0899999999997,Good,1,2026-09-01,4898.7,Individual,Individual,Books to Scrape,False,0,0,0,0,Unknown,Unknown,False,False,,0,0,0,0,1,Unknown,Unknown,Resold
SCRAPED_TXN_00931,SCRAPED_PRD_00931,Books,The Last Girl (The Dominion Trilogy #1),Unknown,2026-09-01,3263.3999999999996,2284.3799999999997,Good,1,2026-09-01,3263.3999999999996,Individual,Individual,Books to Scrape,False,0,0,0,0,Unknown,Unknown,False,False,,0,0,0,0,2,Unknown,Unknown,Resold
SCRAPED_TXN_00932,SCRAPED_PRD_00932,Books,The Iliad,Unknown,2026-09-01,1454.4,1018.08,Good,1,2026-09-01,1454.4,Individual,Individual,Books to Scrape,False,0,0,0,0,Unknown,Unknown,False,False,,0,0,0,0,1,Unknown,Unknown,Resold
SCRAPED_TXN_00933,SCRAPED_PRD_00933,Books,The Hook Up (Game On #1),Unknown,2026-09-01,3266.1,2286.27,Good,1,2026-09-01,3266.1,Individual,Individual,Books to Scrape,False,0,0,0,0,Unknown,Unknown,False,False,,0,0,0,0,5,Unknown,Unknown,Resold
SCRAPED_TXN_00934,SCRAPED_PRD_00934,Books,The Haters,Unknown,2026-09-01,2510.1,1757.07,Good,1,2026-09-01,2510.1,Individual,Individual,Books to Scrape,False,0,0,0,0,Unknown,Unknown,False,False,,0,0,0,0,5,Unknown,Unknown,Resold
SCRAPED_TXN_00935,SCRAPED_PRD_00935,Books,The Girl You Lost,Unknown,2026-09-01,1106.1,774.2699999999999,Good,1,2026-09-01,1106.1,Individual,Individual,Books to Scrape,False,0,0,0,0,Unknown,Unknown,False,False,,0,0,0,0,5,Unknown,Unknown,Resold
SCRAPED_TXN_00936,SCRAPED_PRD_00936,Books,The Girl In The Ice (DCI Erika Foster #1),Unknown,2026-09-01,1426.5,998.55,Good,1,2026-09-01,1426.5,Individual,Individual,Books to Scrape,False,0,0,0,0,Unknown,Unknown,False,False,,0,0,0,0,3,Unknown,Unknown,Resold
SCRAPED_TXN_00937,SCRAPED_PRD_00937,Books,The End of the Jesus Era (An Investigation #1),Unknown,2026-09-01,1296.0,907.1999999999999,Good,1,2026-09-01,1296.0,Individual,Individual,Books to Scrape,False,0,0,0,0,Unknown,Unknown,False,False,,0,0,0,0,1,Unknown,Unknown,Resold
SCRAPED_TXN_00938,SCRAPED_PRD_00938,Books,The Edge of Reason (Bridget Jones #2),Unknown,2026-09-01,1726.2,1208.34,Good,1,2026-09-01,1726.2,Individual,Individual,Books to Scrape,False,0,0,0,0,Unknown,Unknown,False,False,,0,0,0,0,4,Unknown,Unknown,Resold
SCRAPED_TXN_00939,SCRAPED_PRD_00939,Books,The Complete Maus (Maus #1-2),Unknown,2026-09-01,957.6,670.3199999999999,Good,1,2026-09-01,957.6,Individual,Individual,Books to Scrape,False,0,0,0,0,Unknown,Unknown,False,False,,0,0,0,0,3,Unknown,Unknown,Resold
SCRAPED_TXN_00940,SCRAPED_PRD_00940,Books,The Communist Manifesto,Unknown,2026-09-01,1328.4,929.88,Good,1,2026-09-01,1328.4,Individual,Individual,Books to Scrape,False,0,0,0,0,Unknown,Unknown,False,False,,0,0,0,0,3,Unknown,Unknown,Resold
SCRAPED_TXN_00941,SCRAPED_PRD_00941,Books,The Bhagavad Gita,Unknown,2026-09-01,5174.1,3621.87,Good,1,2026-09-01,5174.1,Individual,Individual,Books to Scrape,False,0,0,0,0,Unknown,Unknown,False,False,,0,0,0,0,3,Unknown,Unknown,Resold
SCRAPED_TXN_00942,SCRAPED_PRD_00942,Books,The Bette Davis Club,Unknown,2026-09-01,2759.4,1931.58,Good,1,2026-09-01,2759.4,Individual,Individual,Books to Scrape,False,0,0,0,0,Unknown,Unknown,False,False,,0,0,0,0,3,Unknown,Unknown,Resold
SCRAPED_TXN_00943,SCRAPED_PRD_00943,Books,The Art of Not Breathing,Unknown,2026-09-01,3674.7,2572.2899999999995,Good,1,2026-09-01,3674.7,Individual,Individual,Books to Scrape,False,0,0,0,0,Unknown,Unknown,False,False,,0,0,0,0,4,Unknown,Unknown,Resold
SCRAPED_TXN_00944,SCRAPED_PRD_00944,Books,Taking Shots (Assassins #1),Unknown,2026-09-01,1699.1999999999998,1189.4399999999998,Good,1,2026-09-01,1699.1999999999998,Individual,Individual,Books to Scrape,False,0,0,0,0,Unknown,Unknown,False,False,,0,0,0,0,2,Unknown,Unknown,Resold
SCRAPED_TXN_00945,SCRAPED_PRD_00945,Books,Starlark,Unknown,2026-09-01,2324.7,1627.2899999999997,Good,1,2026-09-01,2324.7,Individual,Individual,Books to Scrape,False,0,0,0,0,Unknown,Unknown,False,False,,0,0,0,0,3,Unknown,Unknown,Resold
SCRAPED_TXN_00946,SCRAPED_PRD_00946,Books,"Skip Beat!, Vol. 01 (Skip Beat! #1)",Unknown,2026-09-01,3790.7999999999997,2653.5599999999995,Good,1,2026-09-01,3790.7999999999997,Individual,Individual,Books to Scrape,False,0,0,0,0,Unknown,Unknown,False,False,,0,0,0,0,3,Unknown,Unknown,Resold
SCRAPED_TXN_00947,SCRAPED_PRD_00947,Books,Sister Sable (The Mad Queen #1),Unknown,2026-09-01,1199.7,839.79,Good,1,2026-09-01,1199.7,Individual,Individual,Books to Scrape,False,0,0,0,0,Unknown,Unknown,False,False,,0,0,0,0,3,Unknown,Unknown,Resold
SCRAPED_TXN_00948,SCRAPED_PRD_00948,Books,Shatter Me (Shatter Me #1),Unknown,2026-09-01,3816.0,2671.2,Good,1,2026-09-01,3816.0,Individual,Individual,Books to Scrape,False,0,0,0,0,Unknown,Unknown,False,False,,0,0,0,0,1,Unknown,Unknown,Resold
SCRAPED_TXN_00949,SCRAPED_PRD_00949,Books,Shameless,Unknown,2026-09-01,5251.5,3676.0499999999997,Good,1,2026-09-01,5251.5,Individual,Individual,Books to Scrape,False,0,0,0,0,Unknown,Unknown,False,False,,0,0,0,0,3,Unknown,Unknown,Resold
SCRAPED_TXN_00950,SCRAPED_PRD_00950,Books,Shadow Rites (Jane Yellowrock #10),Unknown,2026-09-01,1954.8,1368.36,Good,1,2026-09-01,1954.8,Individual,Individual,Books to Scrape,False,0,0,0,0,Unknown,Unknown,False,False,,0,0,0,0,4,Unknown,Unknown,Resold
SCRAPED_TXN_00951,SCRAPED_PRD_00951,Books,Settling the Score (The Summer Games #1),Unknown,2026-09-01,4041.8999999999996,2829.3299999999995,Good,1,2026-09-01,4041.8999999999996,Individual,Individual,Books to Scrape,False,0,0,0,0,Unknown,Unknown,False,False,,0,0,0,0,2,Unknown,Unknown,Resold
SCRAPED_TXN_00952,SCRAPED_PRD_00952,Books,Sense and Sensibility,Unknown,2026-09-01,3371.4,2359.98,Good,1,2026-09-01,3371.4,Individual,Individual,Books to Scrape,False,0,0,0,0,Unknown,Unknown,False,False,,0,0,0,0,1,Unknown,Unknown,Resold
SCRAPED_TXN_00953,SCRAPED_PRD_00953,Books,"Saga, Volume 1 (Saga (Collected Editions) #1)",Unknown,2026-09-01,2563.2,1794.2399999999998,Good,1,2026-09-01,2563.2,Individual,Individual,Books to Scrape,False,0,0,0,0,Unknown,Unknown,False,False,,0,0,0,0,1,Unknown,Unknown,Resold
SCRAPED_TXN_00954,SCRAPED_PRD_00954,Books,"Rhythm, Chord & Malykhin",Unknown,2026-09-01,2550.6,1785.4199999999998,Good,1,2026-09-01,2550.6,Individual,Individual,Books to Scrape,False,0,0,0,0,Unknown,Unknown,False,False,,0,0,0,0,2,Unknown,Unknown,Resold
SCRAPED_TXN_00955,SCRAPED_PRD_00955,Books,"Rat Queens, Vol. 1: Sass & Sorcery (Rat Queens (Collected Editions) #1-5)",Unknown,2026-09-01,4226.4,2958.4799999999996,Good,1,2026-09-01,4226.4,Individual,Individual,Books to Scrape,False,0,0,0,0,Unknown,Unknown,False,False,,0,0,0,0,5,Unknown,Unknown,Resold
SCRAPED_TXN_00956,SCRAPED_PRD_00956,Books,Paradise Lost (Paradise #1),Unknown,2026-09-01,2246.4,1572.48,Good,1,2026-09-01,2246.4,Individual,Individual,Books to Scrape,False,0,0,0,0,Unknown,Unknown,False,False,,0,0,0,0,1,Unknown,Unknown,Resold
SCRAPED_TXN_00957,SCRAPED_PRD_00957,Books,"Paper Girls, Vol. 1 (Paper Girls #1-5)",Unknown,2026-09-01,1953.9,1367.73,Good,1,2026-09-01,1953.9,Individual,Individual,Books to Scrape,False,0,0,0,0,Unknown,Unknown,False,False,,0,0,0,0,4,Unknown,Unknown,Resold
SCRAPED_TXN_00958,SCRAPED_PRD_00958,Books,"Ouran High School Host Club, Vol. 1 (Ouran High School Host Club #1)",Unknown,2026-09-01,2688.3,1881.81,Good,1,2026-09-01,2688.3,Individual,Individual,Books to Scrape,False,0,0,0,0,Unknown,Unknown,False,False,,0,0,0,0,3,Unknown,Unknown,Resold
SCRAPED_TXN_00959,SCRAPED_PRD_00959,Books,Origins (Alphas 0.5),Unknown,2026-09-01,2609.1,1826.37,Good,1,2026-09-01,2609.1,Individual,Individual,Books to Scrape,False,0,0,0,0,Unknown,Unknown,False,False,,0,0,0,0,1,Unknown,Unknown,Resold
SCRAPED_TXN_00960,SCRAPED_PRD_00960,Books,One Second (Seven #7),Unknown,2026-09-01,4764.599999999999,3335.2199999999993,Good,1,2026-09-01,4764.599999999999,Individual,Individual,Books to Scrape,False,0,0,0,0,Unknown,Unknown,False,False,,0,0,0,0,2,Unknown,Unknown,Resold
SCRAPED_TXN_00961,SCRAPED_PRD_00961,Books,On the Road (Duluoz Legend),Unknown,2026-09-01,2912.4,2038.6799999999998,Good,1,2026-09-01,2912.4,Individual,Individual,Books to Scrape,False,0,0,0,0,Unknown,Unknown,False,False,,0,0,0,0,3,Unknown,Unknown,Resold
SCRAPED_TXN_00962,SCRAPED_PRD_00962,Books,Old Records Never Die: One Man's Quest for His Vinyl and His Past,Unknown,2026-09-01,5009.4,3506.5799999999995,Good,1,2026-09-01,5009.4,Individual,Individual,Books to Scrape,False,0,0,0,0,Unknown,Unknown,False,False,,0,0,0,0,2,Unknown,Unknown,Resold
SCRAPED_TXN_00963,SCRAPED_PRD_00963,Books,Off Sides (Off #1),Unknown,2026-09-01,3550.5000000000005,2485.3500000000004,Good,1,2026-09-01,3550.5000000000005,Individual,Individual,Books to Scrape,False,0,0,0,0,Unknown,Unknown,False,False,,0,0,0,0,5,Unknown,Unknown,Resold
SCRAPED_TXN_00964,SCRAPED_PRD_00964,Books,Of Mice and Men,Unknown,2026-09-01,4239.9,2967.9299999999994,Good,1,2026-09-01,4239.9,Individual,Individual,Books to Scrape,False,0,0,0,0,Unknown,Unknown,False,False,,0,0,0,0,2,Unknown,Unknown,Resold
SCRAPED_TXN_00965,SCRAPED_PRD_00965,Books,Myriad (Prentor #1),Unknown,2026-09-01,5287.5,3701.2499999999995,Good,1,2026-09-01,5287.5,Individual,Individual,Books to Scrape,False,0,0,0,0,Unknown,Unknown,False,False,,0,0,0,0,4,Unknown,Unknown,Resold
SCRAPED_TXN_00966,SCRAPED_PRD_00966,Books,My Perfect Mistake (Over the Top #1),Unknown,2026-09-01,3502.8,2451.96,Good,1,2026-09-01,3502.8,Individual,Individual,Books to Scrape,False,0,0,0,0,Unknown,Unknown,False,False,,0,0,0,0,2,Unknown,Unknown,Resold
SCRAPED_TXN_00967,SCRAPED_PRD_00967,Books,"Ms. Marvel, Vol. 1: No Normal (Ms. Marvel (2014-2015) #1)",Unknown,2026-09-01,3545.1,2481.5699999999997,Good,1,2026-09-01,3545.1,Individual,Individual,Books to Scrape,False,0,0,0,0,Unknown,Unknown,False,False,,0,0,0,0,4,Unknown,Unknown,Resold
SCRAPED_TXN_00968,SCRAPED_PRD_00968,Books,Meditations,Unknown,2026-09-01,2330.1,1631.07,Good,1,2026-09-01,2330.1,Individual,Individual,Books to Scrape,False,0,0,0,0,Unknown,Unknown,False,False,,0,0,0,0,2,Unknown,Unknown,Resold
SCRAPED_TXN_00969,SCRAPED_PRD_00969,Books,Matilda,Unknown,2026-09-01,2550.6,1785.4199999999998,Good,1,2026-09-01,2550.6,Individual,Individual,Books to Scrape,False,0,0,0,0,Unknown,Unknown,False,False,,0,0,0,0,1,Unknown,Unknown,Resold
SCRAPED_TXN_00970,SCRAPED_PRD_00970,Books,Lost Among the Living,Unknown,2026-09-01,2493.0,1745.1,Good,1,2026-09-01,2493.0,Individual,Individual,Books to Scrape,False,0,0,0,0,Unknown,Unknown,False,False,,0,0,0,0,4,Unknown,Unknown,Resold
SCRAPED_TXN_00971,SCRAPED_PRD_00971,Books,Lord of the Flies,Unknown,2026-09-01,2240.1,1568.07,Good,1,2026-09-01,2240.1,Individual,Individual,Books to Scrape,False,0,0,0,0,Unknown,Unknown,False,False,,0,0,0,0,3,Unknown,Unknown,Resold
SCRAPED_TXN_00972,SCRAPED_PRD_00972,Books,Listen to Me (Fusion #1),Unknown,2026-09-01,5309.1,3716.37,Good,1,2026-09-01,5309.1,Individual,Individual,Books to Scrape,False,0,0,0,0,Unknown,Unknown,False,False,,0,0,0,0,3,Unknown,Unknown,Resold
SCRAPED_TXN_00973,SCRAPED_PRD_00973,Books,Kitchens of the Great Midwest,Unknown,2026-09-01,5148.0,3603.6,Good,1,2026-09-01,5148.0,Individual,Individual,Books to Scrape,False,0,0,0,0,Unknown,Unknown,False,False,,0,0,0,0,5,Unknown,Unknown,Resold
SCRAPED_TXN_00974,SCRAPED_PRD_00974,Books,Jane Eyre,Unknown,2026-09-01,3458.7,2421.0899999999997,Good,1,2026-09-01,3458.7,Individual,Individual,Books to Scrape,False,0,0,0,0,Unknown,Unknown,False,False,,0,0,0,0,5,Unknown,Unknown,Resold
SCRAPED_TXN_00975,SCRAPED_PRD_00975,Books,Imperfect Harmony,Unknown,2026-09-01,3126.6000000000004,2188.62,Good,1,2026-09-01,3126.6000000000004,Individual,Individual,Books to Scrape,False,0,0,0,0,Unknown,Unknown,False,False,,0,0,0,0,4,Unknown,Unknown,Resold
SCRAPED_TXN_00976,SCRAPED_PRD_00976,Books,Icing (Aces Hockey #2),Unknown,2026-09-01,3639.6,2547.72,Good,1,2026-09-01,3639.6,Individual,Individual,Books to Scrape,False,0,0,0,0,Unknown,Unknown,False,False,,0,0,0,0,4,Unknown,Unknown,Resold
SCRAPED_TXN_00977,SCRAPED_PRD_00977,Books,"Hawkeye, Vol. 1: My Life as a Weapon (Hawkeye #1)",Unknown,2026-09-01,4071.6000000000004,2850.12,Good,1,2026-09-01,4071.6000000000004,Individual,Individual,Books to Scrape,False,0,0,0,0,Unknown,Unknown,False,False,,0,0,0,0,3,Unknown,Unknown,Resold
SCRAPED_TXN_00978,SCRAPED_PRD_00978,Books,Having the Barbarian's Baby (Ice Planet Barbarians #7.5),Unknown,2026-09-01,3146.4,2202.48,Good,1,2026-09-01,3146.4,Individual,Individual,Books to Scrape,False,0,0,0,0,Unknown,Unknown,False,False,,0,0,0,0,4,Unknown,Unknown,Resold
SCRAPED_TXN_00979,SCRAPED_PRD_00979,Books,"Giant Days, Vol. 1 (Giant Days #1-4)",Unknown,2026-09-01,5108.4,3575.8799999999997,Good,1,2026-09-01,5108.4,Individual,Individual,Books to Scrape,False,0,0,0,0,Unknown,Unknown,False,False,,0,0,0,0,4,Unknown,Unknown,Resold
SCRAPED_TXN_00980,SCRAPED_PRD_00980,Books,"Fruits Basket, Vol. 1 (Fruits Basket #1)",Unknown,2026-09-01,3625.2000000000003,2537.64,Good,1,2026-09-01,3625.2000000000003,Individual,Individual,Books to Scrape,False,0,0,0,0,Unknown,Unknown,False,False,,0,0,0,0,5,Unknown,Unknown,Resold
SCRAPED_TXN_00981,SCRAPED_PRD_00981,Books,Frankenstein,Unknown,2026-09-01,3420.0,2394.0,Good,1,2026-09-01,3420.0,Individual,Individual,Books to Scrape,False,0,0,0,0,Unknown,Unknown,False,False,,0,0,0,0,2,Unknown,Unknown,Resold
SCRAPED_TXN_00982,SCRAPED_PRD_00982,Books,Forever Rockers (The Rocker #12),Unknown,2026-09-01,2592.0,1814.3999999999999,Good,1,2026-09-01,2592.0,Individual,Individual,Books to Scrape,False,0,0,0,0,Unknown,Unknown,False,False,,0,0,0,0,3,Unknown,Unknown,Resold
SCRAPED_TXN_00983,SCRAPED_PRD_00983,Books,Fighting Fate (Fighting #6),Unknown,2026-09-01,3531.6000000000004,2472.12,Good,1,2026-09-01,3531.6000000000004,Individual,Individual,Books to Scrape,False,0,0,0,0,Unknown,Unknown,False,False,,0,0,0,0,3,Unknown,Unknown,Resold
SCRAPED_TXN_00984,SCRAPED_PRD_00984,Books,Emma,Unknown,2026-09-01,2963.7,2074.5899999999997,Good,1,2026-09-01,2963.7,Individual,Individual,Books to Scrape,False,0,0,0,0,Unknown,Unknown,False,False,,0,0,0,0,2,Unknown,Unknown,Resold
SCRAPED_TXN_00985,SCRAPED_PRD_00985,Books,"Eat, Pray, Love",Unknown,2026-09-01,4618.8,3233.16,Good,1,2026-09-01,4618.8,Individual,Individual,Books to Scrape,False,0,0,0,0,Unknown,Unknown,False,False,,0,0,0,0,3,Unknown,Unknown,Resold
SCRAPED_TXN_00986,SCRAPED_PRD_00986,Books,Deep Under (Walker Security #1),Unknown,2026-09-01,4238.1,2966.67,Good,1,2026-09-01,4238.1,Individual,Individual,Books to Scrape,False,0,0,0,0,Unknown,Unknown,False,False,,0,0,0,0,5,Unknown,Unknown,Resold
SCRAPED_TXN_00987,SCRAPED_PRD_00987,Books,Choosing Our Religion: The Spiritual Lives of America's Nones,Unknown,2026-09-01,2557.8,1790.46,Good,1,2026-09-01,2557.8,Individual,Individual,Books to Scrape,False,0,0,0,0,Unknown,Unknown,False,False,,0,0,0,0,4,Unknown,Unknown,Resold
SCRAPED_TXN_00988,SCRAPED_PRD_00988,Books,Charlie and the Chocolate Factory (Charlie Bucket #1),Unknown,2026-09-01,2056.5,1439.55,Good,1,2026-09-01,2056.5,Individual,Individual,Books to Scrape,False,0,0,0,0,Unknown,Unknown,False,False,,0,0,0,0,3,Unknown,Unknown,Resold
SCRAPED_TXN_00989,SCRAPED_PRD_00989,Books,Charity's Cross (Charles Towne Belles #4),Unknown,2026-09-01,3711.6000000000004,2598.12,Good,1,2026-09-01,3711.6000000000004,Individual,Individual,Books to Scrape,False,0,0,0,0,Unknown,Unknown,False,False,,0,0,0,0,1,Unknown,Unknown,Resold
SCRAPED_TXN_00990,SCRAPED_PRD_00990,Books,Bright Lines,Unknown,2026-09-01,3516.3,2461.41,Good,1,2026-09-01,3516.3,Individual,Individual,Books to Scrape,False,0,0,0,0,Unknown,Unknown,False,False,,0,0,0,0,5,Unknown,Unknown,Resold
SCRAPED_TXN_00991,SCRAPED_PRD_00991,Books,Bridget Jones's Diary (Bridget Jones #1),Unknown,2026-09-01,2683.8,1878.66,Good,1,2026-09-01,2683.8,Individual,Individual,Books to Scrape,False,0,0,0,0,Unknown,Unknown,False,False,,0,0,0,0,1,Unknown,Unknown,Resold
SCRAPED_TXN_00992,SCRAPED_PRD_00992,Books,Bounty (Colorado Mountain #7),Unknown,2026-09-01,3353.3999999999996,2347.3799999999997,Good,1,2026-09-01,3353.3999999999996,Individual,Individual,Books to Scrape,False,0,0,0,0,Unknown,Unknown,False,False,,0,0,0,0,4,Unknown,Unknown,Resold
SCRAPED_TXN_00993,SCRAPED_PRD_00993,Books,Blood Defense (Samantha Brinkman #1),Unknown,2026-09-01,1827.0,1278.8999999999999,Good,1,2026-09-01,1827.0,Individual,Individual,Books to Scrape,False,0,0,0,0,Unknown,Unknown,False,False,,0,0,0,0,3,Unknown,Unknown,Resold
SCRAPED_TXN_00994,SCRAPED_PRD_00994,Books,"Bleach, Vol. 1: Strawberry and the Soul Reapers (Bleach #1)",Unknown,2026-09-01,3118.5,2182.95,Good,1,2026-09-01,3118.5,Individual,Individual,Books to Scrape,False,0,0,0,0,Unknown,Unknown,False,False,,0,0,0,0,5,Unknown,Unknown,Resold
SCRAPED_TXN_00995,SCRAPED_PRD_00995,Books,Beyond Good and Evil,Unknown,2026-09-01,3904.2000000000003,2732.94,Good,1,2026-09-01,3904.2000000000003,Individual,Individual,Books to Scrape,False,0,0,0,0,Unknown,Unknown,False,False,,0,0,0,0,1,Unknown,Unknown,Resold
SCRAPED_TXN_00996,SCRAPED_PRD_00996,Books,Alice in Wonderland (Alice's Adventures in Wonderland #1),Unknown,2026-09-01,4997.7,3498.39,Good,1,2026-09-01,4997.7,Individual,Individual,Books to Scrape,False,0,0,0,0,Unknown,Unknown,False,False,,0,0,0,0,1,Unknown,Unknown,Resold
SCRAPED_TXN_00997,SCRAPED_PRD_00997,Books,"Ajin: Demi-Human, Volume 1 (Ajin: Demi-Human #1)",Unknown,2026-09-01,5135.400000000001,3594.78,Good,1,2026-09-01,5135.400000000001,Individual,Individual,Books to Scrape,False,0,0,0,0,Unknown,Unknown,False,False,,0,0,0,0,4,Unknown,Unknown,Resold
SCRAPED_TXN_00998,SCRAPED_PRD_00998,Books,A Spy's Devotion (The Regency Spies of London #1),Unknown,2026-09-01,1527.3,1069.11,Good,1,2026-09-01,1527.3,Individual,Individual,Books to Scrape,False,0,0,0,0,Unknown,Unknown,False,False,,0,0,0,0,5,Unknown,Unknown,Resold
SCRAPED_TXN_00999,SCRAPED_PRD_00999,Books,1st to Die (Women's Murder Club #1),Unknown,2026-09-01,4858.2,3400.74,Good,1,2026-09-01,4858.2,Individual,Individual,Books to Scrape,False,0,0,0,0,Unknown,Unknown,False,False,,0,0,0,0,1,Unknown,Unknown,Resold
SCRAPED_TXN_01000,SCRAPED_PRD_01000,Books,"1,000 Places to See Before You Die",Unknown,2026-09-01,2347.2,1643.0399999999997,Good,1,2026-09-01,2347.2,Individual,Individual,Books to Scrape,False,0,0,0,0,Unknown,Unknown,False,False,,0,0,0,0,5,Unknown,Unknown,Resold
